image_path,class_name,class_index,split
dataset/train/affenpinscher/10447.jpg,affenpinscher,0,train
dataset/train/affenpinscher/03409.jpg,affenpinscher,0,train
dataset/train/affenpinscher/10787.jpg,affenpinscher,0,train
dataset/train/affenpinscher/13665.jpg,affenpinscher,0,train
dataset/train/affenpinscher/13014.jpg,affenpinscher,0,train
dataset/train/affenpinscher/11663.jpg,affenpinscher,0,train
dataset/train/affenpinscher/13060.jpg,affenpinscher,0,train
dataset/train/affenpinscher/10185.jpg,affenpinscher,0,train
dataset/train/affenpinscher/13417.jpg,affenpinscher,0,train
dataset/train/affenpinscher/10848.jpg,affenpinscher,0,train
dataset/train/affenpinscher/02327.jpg,affenpinscher,0,train
dataset/train/affenpinscher/11620.jpg,affenpinscher,0,train
dataset/train/affenpinscher/11875.jpg,affenpinscher,0,train
dataset/train/affenpinscher/12070.jpg,affenpinscher,0,train
dataset/train/affenpinscher/12819.jpg,affenpinscher,0,train
dataset/train/affenpinscher/11435.jpg,affenpinscher,0,train
dataset/train/affenpinscher/13782.jpg,affenpinscher,0,train
dataset/train/affenpinscher/11783.jpg,affenpinscher,0,train
dataset/train/affenpinscher/13211.jpg,affenpinscher,0,train
dataset/train/affenpinscher/02894.jpg,affenpinscher,0,train
dataset/train/affenpinscher/11211.jpg,affenpinscher,0,train
dataset/train/affenpinscher/03730.jpg,affenpinscher,0,train
dataset/train/affenpinscher/11279.jpg,affenpinscher,0,train
dataset/train/affenpinscher/11283.jpg,affenpinscher,0,train
dataset/train/affenpinscher/03144.jpg,affenpinscher,0,train
dataset/train/affenpinscher/12272.jpg,affenpinscher,0,train
dataset/train/affenpinscher/12003.jpg,affenpinscher,0,train
dataset/train/affenpinscher/11942.jpg,affenpinscher,0,train
dataset/train/affenpinscher/02157.jpg,affenpinscher,0,train
dataset/train/affenpinscher/10859.jpg,affenpinscher,0,train
dataset/train/affenpinscher/13939.jpg,affenpinscher,0,train
dataset/train/affenpinscher/11614.jpg,affenpinscher,0,train
dataset/train/affenpinscher/01446.jpg,affenpinscher,0,train
dataset/train/affenpinscher/11782.jpg,affenpinscher,0,train
dataset/train/affenpinscher/03026.jpg,affenpinscher,0,train
dataset/train/affenpinscher/11263.jpg,affenpinscher,0,train
dataset/train/affenpinscher/11858.jpg,affenpinscher,0,train
dataset/train/affenpinscher/12431.jpg,affenpinscher,0,train
dataset/train/affenpinscher/03561.jpg,affenpinscher,0,train
dataset/train/affenpinscher/12025.jpg,affenpinscher,0,train
dataset/train/affenpinscher/03841.jpg,affenpinscher,0,train
dataset/train/affenpinscher/01844.jpg,affenpinscher,0,train
dataset/train/affenpinscher/01966.jpg,affenpinscher,0,train
dataset/train/affenpinscher/12391.jpg,affenpinscher,0,train
dataset/train/affenpinscher/13032.jpg,affenpinscher,0,train
dataset/train/affenpinscher/03246.jpg,affenpinscher,0,train
dataset/train/affenpinscher/12997.jpg,affenpinscher,0,train
dataset/train/affenpinscher/11422.jpg,affenpinscher,0,train
dataset/train/affenpinscher/13499.jpg,affenpinscher,0,train
dataset/train/affenpinscher/03286.jpg,affenpinscher,0,train
dataset/train/affenpinscher/00233.jpg,affenpinscher,0,train
dataset/train/affenpinscher/13662.jpg,affenpinscher,0,train
dataset/train/affenpinscher/11853.jpg,affenpinscher,0,train
dataset/train/affenpinscher/13590.jpg,affenpinscher,0,train
dataset/train/affenpinscher/11798.jpg,affenpinscher,0,train
dataset/train/affenpinscher/13453.jpg,affenpinscher,0,train
dataset/train/affenpinscher/10147.jpg,affenpinscher,0,train
dataset/train/affenpinscher/12579.jpg,affenpinscher,0,train
dataset/train/affenpinscher/13210.jpg,affenpinscher,0,train
dataset/train/affenpinscher/12938.jpg,affenpinscher,0,train
dataset/train/affenpinscher/12077.jpg,affenpinscher,0,train
dataset/train/affenpinscher/10439.jpg,affenpinscher,0,train
dataset/train/affenpinscher/10225.jpg,affenpinscher,0,train
dataset/train/affenpinscher/13420.jpg,affenpinscher,0,train
dataset/train/affenpinscher/13710.jpg,affenpinscher,0,train
dataset/train/affenpinscher/01581.jpg,affenpinscher,0,train
dataset/train/affenpinscher/11811.jpg,affenpinscher,0,train
dataset/train/affenpinscher/12893.jpg,affenpinscher,0,train
dataset/train/affenpinscher/02748.jpg,affenpinscher,0,train
dataset/train/affenpinscher/12512.jpg,affenpinscher,0,train
dataset/train/affenpinscher/13221.jpg,affenpinscher,0,train
dataset/train/affenpinscher/02911.jpg,affenpinscher,0,train
dataset/train/affenpinscher/03032.jpg,affenpinscher,0,train
dataset/train/affenpinscher/10437.jpg,affenpinscher,0,train
dataset/train/affenpinscher/10680.jpg,affenpinscher,0,train
dataset/train/affenpinscher/10986.jpg,affenpinscher,0,train
dataset/train/affenpinscher/13654.jpg,affenpinscher,0,train
dataset/train/affenpinscher/01559.jpg,affenpinscher,0,train
dataset/train/affenpinscher/02997.jpg,affenpinscher,0,train
dataset/train/affenpinscher/13020.jpg,affenpinscher,0,train
dataset/train/affenpinscher/11365.jpg,affenpinscher,0,val
dataset/train/affenpinscher/11345.jpg,affenpinscher,0,val
dataset/train/affenpinscher/13553.jpg,affenpinscher,0,val
dataset/train/affenpinscher/02383.jpg,affenpinscher,0,val
dataset/train/affenpinscher/12227.jpg,affenpinscher,0,val
dataset/train/affenpinscher/11759.jpg,affenpinscher,0,val
dataset/train/affenpinscher/01387.jpg,affenpinscher,0,val
dataset/train/affenpinscher/12556.jpg,affenpinscher,0,val
dataset/train/affenpinscher/03001.jpg,affenpinscher,0,val
dataset/train/affenpinscher/12973.jpg,affenpinscher,0,val
dataset/train/affenpinscher/12808.jpg,affenpinscher,0,val
dataset/train/affenpinscher/02416.jpg,affenpinscher,0,val
dataset/train/affenpinscher/11819.jpg,affenpinscher,0,val
dataset/train/affenpinscher/11835.jpg,affenpinscher,0,val
dataset/train/affenpinscher/12676.jpg,affenpinscher,0,val
dataset/train/affenpinscher/11584.jpg,affenpinscher,0,val
dataset/train/affenpinscher/11657.jpg,affenpinscher,0,val
dataset/train/affenpinscher/13567.jpg,affenpinscher,0,val
dataset/train/affenpinscher/12913.jpg,affenpinscher,0,val
dataset/train/affenpinscher/11262.jpg,affenpinscher,0,val
dataset/train/afghan_hound/01924.jpg,afghan_hound,1,train
dataset/train/afghan_hound/13442.jpg,afghan_hound,1,train
dataset/train/afghan_hound/00115.jpg,afghan_hound,1,train
dataset/train/afghan_hound/02458.jpg,afghan_hound,1,train
dataset/train/afghan_hound/11953.jpg,afghan_hound,1,train
dataset/train/afghan_hound/13742.jpg,afghan_hound,1,train
dataset/train/afghan_hound/00185.jpg,afghan_hound,1,train
dataset/train/afghan_hound/12563.jpg,afghan_hound,1,train
dataset/train/afghan_hound/01128.jpg,afghan_hound,1,train
dataset/train/afghan_hound/01592.jpg,afghan_hound,1,train
dataset/train/afghan_hound/01611.jpg,afghan_hound,1,train
dataset/train/afghan_hound/02726.jpg,afghan_hound,1,train
dataset/train/afghan_hound/01907.jpg,afghan_hound,1,train
dataset/train/afghan_hound/01259.jpg,afghan_hound,1,train
dataset/train/afghan_hound/00294.jpg,afghan_hound,1,train
dataset/train/afghan_hound/01007.jpg,afghan_hound,1,train
dataset/train/afghan_hound/01661.jpg,afghan_hound,1,train
dataset/train/afghan_hound/03075.jpg,afghan_hound,1,train
dataset/train/afghan_hound/13907.jpg,afghan_hound,1,train
dataset/train/afghan_hound/13145.jpg,afghan_hound,1,train
dataset/train/afghan_hound/10263.jpg,afghan_hound,1,train
dataset/train/afghan_hound/11182.jpg,afghan_hound,1,train
dataset/train/afghan_hound/01145.jpg,afghan_hound,1,train
dataset/train/afghan_hound/02803.jpg,afghan_hound,1,train
dataset/train/afghan_hound/01406.jpg,afghan_hound,1,train
dataset/train/afghan_hound/00305.jpg,afghan_hound,1,train
dataset/train/afghan_hound/13502.jpg,afghan_hound,1,train
dataset/train/afghan_hound/12879.jpg,afghan_hound,1,train
dataset/train/afghan_hound/02559.jpg,afghan_hound,1,train
dataset/train/afghan_hound/01234.jpg,afghan_hound,1,train
dataset/train/afghan_hound/01823.jpg,afghan_hound,1,train
dataset/train/afghan_hound/02879.jpg,afghan_hound,1,train
dataset/train/afghan_hound/10832.jpg,afghan_hound,1,train
dataset/train/afghan_hound/10822.jpg,afghan_hound,1,train
dataset/train/afghan_hound/01479.jpg,afghan_hound,1,train
dataset/train/afghan_hound/12945.jpg,afghan_hound,1,train
dataset/train/afghan_hound/00266.jpg,afghan_hound,1,train
dataset/train/afghan_hound/11006.jpg,afghan_hound,1,train
dataset/train/afghan_hound/01841.jpg,afghan_hound,1,train
dataset/train/afghan_hound/00026.jpg,afghan_hound,1,train
dataset/train/afghan_hound/02545.jpg,afghan_hound,1,train
dataset/train/afghan_hound/01534.jpg,afghan_hound,1,train
dataset/train/afghan_hound/02738.jpg,afghan_hound,1,train
dataset/train/afghan_hound/01459.jpg,afghan_hound,1,train
dataset/train/afghan_hound/02700.jpg,afghan_hound,1,train
dataset/train/afghan_hound/01932.jpg,afghan_hound,1,train
dataset/train/afghan_hound/02062.jpg,afghan_hound,1,train
dataset/train/afghan_hound/00272.jpg,afghan_hound,1,train
dataset/train/afghan_hound/11432.jpg,afghan_hound,1,train
dataset/train/afghan_hound/01222.jpg,afghan_hound,1,train
dataset/train/afghan_hound/01186.jpg,afghan_hound,1,train
dataset/train/afghan_hound/01126.jpg,afghan_hound,1,train
dataset/train/afghan_hound/00251.jpg,afghan_hound,1,train
dataset/train/afghan_hound/01003.jpg,afghan_hound,1,train
dataset/train/afghan_hound/13270.jpg,afghan_hound,1,train
dataset/train/afghan_hound/02822.jpg,afghan_hound,1,train
dataset/train/afghan_hound/12664.jpg,afghan_hound,1,train
dataset/train/afghan_hound/01370.jpg,afghan_hound,1,train
dataset/train/afghan_hound/01917.jpg,afghan_hound,1,train
dataset/train/afghan_hound/02173.jpg,afghan_hound,1,train
dataset/train/afghan_hound/13879.jpg,afghan_hound,1,train
dataset/train/afghan_hound/02522.jpg,afghan_hound,1,train
dataset/train/afghan_hound/10715.jpg,afghan_hound,1,train
dataset/train/afghan_hound/12867.jpg,afghan_hound,1,train
dataset/train/afghan_hound/03057.jpg,afghan_hound,1,train
dataset/train/afghan_hound/03080.jpg,afghan_hound,1,train
dataset/train/afghan_hound/01430.jpg,afghan_hound,1,train
dataset/train/afghan_hound/01150.jpg,afghan_hound,1,train
dataset/train/afghan_hound/01475.jpg,afghan_hound,1,train
dataset/train/afghan_hound/01167.jpg,afghan_hound,1,train
dataset/train/afghan_hound/02641.jpg,afghan_hound,1,train
dataset/train/afghan_hound/11570.jpg,afghan_hound,1,train
dataset/train/afghan_hound/02131.jpg,afghan_hound,1,train
dataset/train/afghan_hound/02798.jpg,afghan_hound,1,train
dataset/train/afghan_hound/11584.jpg,afghan_hound,1,train
dataset/train/afghan_hound/13909.jpg,afghan_hound,1,train
dataset/train/afghan_hound/01724.jpg,afghan_hound,1,train
dataset/train/afghan_hound/13011.jpg,afghan_hound,1,train
dataset/train/afghan_hound/03119.jpg,afghan_hound,1,train
dataset/train/afghan_hound/01357.jpg,afghan_hound,1,train
dataset/train/afghan_hound/02626.jpg,afghan_hound,1,val
dataset/train/afghan_hound/01335.jpg,afghan_hound,1,val
dataset/train/afghan_hound/00231.jpg,afghan_hound,1,val
dataset/train/afghan_hound/01023.jpg,afghan_hound,1,val
dataset/train/afghan_hound/02732.jpg,afghan_hound,1,val
dataset/train/afghan_hound/01270.jpg,afghan_hound,1,val
dataset/train/afghan_hound/01254.jpg,afghan_hound,1,val
dataset/train/afghan_hound/01618.jpg,afghan_hound,1,val
dataset/train/afghan_hound/01301.jpg,afghan_hound,1,val
dataset/train/afghan_hound/02292.jpg,afghan_hound,1,val
dataset/train/afghan_hound/12364.jpg,afghan_hound,1,val
dataset/train/afghan_hound/03051.jpg,afghan_hound,1,val
dataset/train/afghan_hound/11172.jpg,afghan_hound,1,val
dataset/train/afghan_hound/01882.jpg,afghan_hound,1,val
dataset/train/afghan_hound/01829.jpg,afghan_hound,1,val
dataset/train/afghan_hound/00227.jpg,afghan_hound,1,val
dataset/train/afghan_hound/03059.jpg,afghan_hound,1,val
dataset/train/afghan_hound/10982.jpg,afghan_hound,1,val
dataset/train/afghan_hound/01410.jpg,afghan_hound,1,val
dataset/train/afghan_hound/00173.jpg,afghan_hound,1,val
dataset/train/african_hunting_dog/03635.jpg,african_hunting_dog,2,train
dataset/train/african_hunting_dog/01105.jpg,african_hunting_dog,2,train
dataset/train/african_hunting_dog/00288.jpg,african_hunting_dog,2,train
dataset/train/african_hunting_dog/05683.jpg,african_hunting_dog,2,train
dataset/train/african_hunting_dog/05241.jpg,african_hunting_dog,2,train
dataset/train/african_hunting_dog/10215.jpg,african_hunting_dog,2,train
dataset/train/african_hunting_dog/05936.jpg,african_hunting_dog,2,train
dataset/train/african_hunting_dog/04115.jpg,african_hunting_dog,2,train
dataset/train/african_hunting_dog/02557.jpg,african_hunting_dog,2,train
dataset/train/african_hunting_dog/01849.jpg,african_hunting_dog,2,train
dataset/train/african_hunting_dog/00204.jpg,african_hunting_dog,2,train
dataset/train/african_hunting_dog/02988.jpg,african_hunting_dog,2,train
dataset/train/african_hunting_dog/02675.jpg,african_hunting_dog,2,train
dataset/train/african_hunting_dog/05519.jpg,african_hunting_dog,2,train
dataset/train/african_hunting_dog/02942.jpg,african_hunting_dog,2,train
dataset/train/african_hunting_dog/10640.jpg,african_hunting_dog,2,train
dataset/train/african_hunting_dog/01627.jpg,african_hunting_dog,2,train
dataset/train/african_hunting_dog/00500.jpg,african_hunting_dog,2,train
dataset/train/african_hunting_dog/04138.jpg,african_hunting_dog,2,train
dataset/train/african_hunting_dog/05697.jpg,african_hunting_dog,2,train
dataset/train/african_hunting_dog/05953.jpg,african_hunting_dog,2,train
dataset/train/african_hunting_dog/02514.jpg,african_hunting_dog,2,train
dataset/train/african_hunting_dog/03720.jpg,african_hunting_dog,2,train
dataset/train/african_hunting_dog/04382.jpg,african_hunting_dog,2,train
dataset/train/african_hunting_dog/10614.jpg,african_hunting_dog,2,train
dataset/train/african_hunting_dog/03589.jpg,african_hunting_dog,2,train
dataset/train/african_hunting_dog/01927.jpg,african_hunting_dog,2,train
dataset/train/african_hunting_dog/10895.jpg,african_hunting_dog,2,train
dataset/train/african_hunting_dog/02083.jpg,african_hunting_dog,2,train
dataset/train/african_hunting_dog/03819.jpg,african_hunting_dog,2,train
dataset/train/african_hunting_dog/00291.jpg,african_hunting_dog,2,train
dataset/train/african_hunting_dog/10872.jpg,african_hunting_dog,2,train
dataset/train/african_hunting_dog/02757.jpg,african_hunting_dog,2,train
dataset/train/african_hunting_dog/10469.jpg,african_hunting_dog,2,train
dataset/train/african_hunting_dog/00233.jpg,african_hunting_dog,2,train
dataset/train/african_hunting_dog/03024.jpg,african_hunting_dog,2,train
dataset/train/african_hunting_dog/04019.jpg,african_hunting_dog,2,train
dataset/train/african_hunting_dog/05661.jpg,african_hunting_dog,2,train
dataset/train/african_hunting_dog/02139.jpg,african_hunting_dog,2,train
dataset/train/african_hunting_dog/04335.jpg,african_hunting_dog,2,train
dataset/train/african_hunting_dog/01948.jpg,african_hunting_dog,2,train
dataset/train/african_hunting_dog/04796.jpg,african_hunting_dog,2,train
dataset/train/african_hunting_dog/05338.jpg,african_hunting_dog,2,train
dataset/train/african_hunting_dog/04461.jpg,african_hunting_dog,2,train
dataset/train/african_hunting_dog/01097.jpg,african_hunting_dog,2,train
dataset/train/african_hunting_dog/02020.jpg,african_hunting_dog,2,train
dataset/train/african_hunting_dog/03692.jpg,african_hunting_dog,2,train
dataset/train/african_hunting_dog/04758.jpg,african_hunting_dog,2,train
dataset/train/african_hunting_dog/10575.jpg,african_hunting_dog,2,train
dataset/train/african_hunting_dog/04323.jpg,african_hunting_dog,2,train
dataset/train/african_hunting_dog/01591.jpg,african_hunting_dog,2,train
dataset/train/african_hunting_dog/04734.jpg,african_hunting_dog,2,train
dataset/train/african_hunting_dog/02192.jpg,african_hunting_dog,2,train
dataset/train/african_hunting_dog/04367.jpg,african_hunting_dog,2,train
dataset/train/african_hunting_dog/02515.jpg,african_hunting_dog,2,train
dataset/train/african_hunting_dog/02344.jpg,african_hunting_dog,2,train
dataset/train/african_hunting_dog/04508.jpg,african_hunting_dog,2,train
dataset/train/african_hunting_dog/05932.jpg,african_hunting_dog,2,train
dataset/train/african_hunting_dog/02770.jpg,african_hunting_dog,2,train
dataset/train/african_hunting_dog/00246.jpg,african_hunting_dog,2,train
dataset/train/african_hunting_dog/10476.jpg,african_hunting_dog,2,train
dataset/train/african_hunting_dog/10038.jpg,african_hunting_dog,2,train
dataset/train/african_hunting_dog/00308.jpg,african_hunting_dog,2,train
dataset/train/african_hunting_dog/05635.jpg,african_hunting_dog,2,train
dataset/train/african_hunting_dog/00385.jpg,african_hunting_dog,2,train
dataset/train/african_hunting_dog/00124.jpg,african_hunting_dog,2,train
dataset/train/african_hunting_dog/10493.jpg,african_hunting_dog,2,train
dataset/train/african_hunting_dog/10169.jpg,african_hunting_dog,2,train
dataset/train/african_hunting_dog/02329.jpg,african_hunting_dog,2,train
dataset/train/african_hunting_dog/04742.jpg,african_hunting_dog,2,train
dataset/train/african_hunting_dog/05068.jpg,african_hunting_dog,2,train
dataset/train/african_hunting_dog/00219.jpg,african_hunting_dog,2,train
dataset/train/african_hunting_dog/02802.jpg,african_hunting_dog,2,train
dataset/train/african_hunting_dog/00328.jpg,african_hunting_dog,2,train
dataset/train/african_hunting_dog/02327.jpg,african_hunting_dog,2,train
dataset/train/african_hunting_dog/02435.jpg,african_hunting_dog,2,train
dataset/train/african_hunting_dog/01398.jpg,african_hunting_dog,2,train
dataset/train/african_hunting_dog/04102.jpg,african_hunting_dog,2,train
dataset/train/african_hunting_dog/04641.jpg,african_hunting_dog,2,train
dataset/train/african_hunting_dog/04098.jpg,african_hunting_dog,2,train
dataset/train/african_hunting_dog/03422.jpg,african_hunting_dog,2,val
dataset/train/african_hunting_dog/05312.jpg,african_hunting_dog,2,val
dataset/train/african_hunting_dog/03160.jpg,african_hunting_dog,2,val
dataset/train/african_hunting_dog/01815.jpg,african_hunting_dog,2,val
dataset/train/african_hunting_dog/03365.jpg,african_hunting_dog,2,val
dataset/train/african_hunting_dog/02614.jpg,african_hunting_dog,2,val
dataset/train/african_hunting_dog/10081.jpg,african_hunting_dog,2,val
dataset/train/african_hunting_dog/00431.jpg,african_hunting_dog,2,val
dataset/train/african_hunting_dog/02482.jpg,african_hunting_dog,2,val
dataset/train/african_hunting_dog/02599.jpg,african_hunting_dog,2,val
dataset/train/african_hunting_dog/02005.jpg,african_hunting_dog,2,val
dataset/train/african_hunting_dog/02503.jpg,african_hunting_dog,2,val
dataset/train/african_hunting_dog/01180.jpg,african_hunting_dog,2,val
dataset/train/african_hunting_dog/02600.jpg,african_hunting_dog,2,val
dataset/train/african_hunting_dog/01739.jpg,african_hunting_dog,2,val
dataset/train/african_hunting_dog/04720.jpg,african_hunting_dog,2,val
dataset/train/african_hunting_dog/10024.jpg,african_hunting_dog,2,val
dataset/train/african_hunting_dog/04834.jpg,african_hunting_dog,2,val
dataset/train/african_hunting_dog/04732.jpg,african_hunting_dog,2,val
dataset/train/african_hunting_dog/04991.jpg,african_hunting_dog,2,val
dataset/train/airedale/02314.jpg,airedale,3,train
dataset/train/airedale/02170.jpg,airedale,3,train
dataset/train/airedale/02890.jpg,airedale,3,train
dataset/train/airedale/00424.jpg,airedale,3,train
dataset/train/airedale/02556.jpg,airedale,3,train
dataset/train/airedale/02432.jpg,airedale,3,train
dataset/train/airedale/01235.jpg,airedale,3,train
dataset/train/airedale/02353.jpg,airedale,3,train
dataset/train/airedale/04516.jpg,airedale,3,train
dataset/train/airedale/03287.jpg,airedale,3,train
dataset/train/airedale/00161.jpg,airedale,3,train
dataset/train/airedale/03030.jpg,airedale,3,train
dataset/train/airedale/02517.jpg,airedale,3,train
dataset/train/airedale/03665.jpg,airedale,3,train
dataset/train/airedale/03069.jpg,airedale,3,train
dataset/train/airedale/02002.jpg,airedale,3,train
dataset/train/airedale/02939.jpg,airedale,3,train
dataset/train/airedale/03500.jpg,airedale,3,train
dataset/train/airedale/01277.jpg,airedale,3,train
dataset/train/airedale/03823.jpg,airedale,3,train
dataset/train/airedale/01740.jpg,airedale,3,train
dataset/train/airedale/03538.jpg,airedale,3,train
dataset/train/airedale/01244.jpg,airedale,3,train
dataset/train/airedale/04153.jpg,airedale,3,train
dataset/train/airedale/03796.jpg,airedale,3,train
dataset/train/airedale/02717.jpg,airedale,3,train
dataset/train/airedale/01483.jpg,airedale,3,train
dataset/train/airedale/03879.jpg,airedale,3,train
dataset/train/airedale/04531.jpg,airedale,3,train
dataset/train/airedale/01861.jpg,airedale,3,train
dataset/train/airedale/01111.jpg,airedale,3,train
dataset/train/airedale/01941.jpg,airedale,3,train
dataset/train/airedale/02946.jpg,airedale,3,train
dataset/train/airedale/04860.jpg,airedale,3,train
dataset/train/airedale/02045.jpg,airedale,3,train
dataset/train/airedale/02256.jpg,airedale,3,train
dataset/train/airedale/03051.jpg,airedale,3,train
dataset/train/airedale/00119.jpg,airedale,3,train
dataset/train/airedale/00171.jpg,airedale,3,train
dataset/train/airedale/02550.jpg,airedale,3,train
dataset/train/airedale/02954.jpg,airedale,3,train
dataset/train/airedale/04514.jpg,airedale,3,train
dataset/train/airedale/01761.jpg,airedale,3,train
dataset/train/airedale/02204.jpg,airedale,3,train
dataset/train/airedale/01206.jpg,airedale,3,train
dataset/train/airedale/02583.jpg,airedale,3,train
dataset/train/airedale/03338.jpg,airedale,3,train
dataset/train/airedale/03863.jpg,airedale,3,train
dataset/train/airedale/03443.jpg,airedale,3,train
dataset/train/airedale/01723.jpg,airedale,3,train
dataset/train/airedale/01912.jpg,airedale,3,train
dataset/train/airedale/04902.jpg,airedale,3,train
dataset/train/airedale/03194.jpg,airedale,3,train
dataset/train/airedale/03750.jpg,airedale,3,train
dataset/train/airedale/02774.jpg,airedale,3,train
dataset/train/airedale/04196.jpg,airedale,3,train
dataset/train/airedale/00183.jpg,airedale,3,train
dataset/train/airedale/03955.jpg,airedale,3,train
dataset/train/airedale/04991.jpg,airedale,3,train
dataset/train/airedale/01854.jpg,airedale,3,train
dataset/train/airedale/03472.jpg,airedale,3,train
dataset/train/airedale/01134.jpg,airedale,3,train
dataset/train/airedale/02633.jpg,airedale,3,train
dataset/train/airedale/01799.jpg,airedale,3,train
dataset/train/airedale/03981.jpg,airedale,3,train
dataset/train/airedale/03619.jpg,airedale,3,train
dataset/train/airedale/00319.jpg,airedale,3,train
dataset/train/airedale/01558.jpg,airedale,3,train
dataset/train/airedale/00441.jpg,airedale,3,train
dataset/train/airedale/03105.jpg,airedale,3,train
dataset/train/airedale/04868.jpg,airedale,3,train
dataset/train/airedale/01430.jpg,airedale,3,train
dataset/train/airedale/03253.jpg,airedale,3,train
dataset/train/airedale/03088.jpg,airedale,3,train
dataset/train/airedale/03045.jpg,airedale,3,train
dataset/train/airedale/03523.jpg,airedale,3,train
dataset/train/airedale/00225.jpg,airedale,3,train
dataset/train/airedale/00249.jpg,airedale,3,train
dataset/train/airedale/02265.jpg,airedale,3,train
dataset/train/airedale/04676.jpg,airedale,3,train
dataset/train/airedale/02903.jpg,airedale,3,val
dataset/train/airedale/03317.jpg,airedale,3,val
dataset/train/airedale/01736.jpg,airedale,3,val
dataset/train/airedale/03660.jpg,airedale,3,val
dataset/train/airedale/01017.jpg,airedale,3,val
dataset/train/airedale/00138.jpg,airedale,3,val
dataset/train/airedale/04322.jpg,airedale,3,val
dataset/train/airedale/01110.jpg,airedale,3,val
dataset/train/airedale/01669.jpg,airedale,3,val
dataset/train/airedale/02473.jpg,airedale,3,val
dataset/train/airedale/04660.jpg,airedale,3,val
dataset/train/airedale/00129.jpg,airedale,3,val
dataset/train/airedale/02883.jpg,airedale,3,val
dataset/train/airedale/04220.jpg,airedale,3,val
dataset/train/airedale/01121.jpg,airedale,3,val
dataset/train/airedale/02333.jpg,airedale,3,val
dataset/train/airedale/02380.jpg,airedale,3,val
dataset/train/airedale/03700.jpg,airedale,3,val
dataset/train/airedale/01625.jpg,airedale,3,val
dataset/train/airedale/01469.jpg,airedale,3,val
dataset/train/american_staffordshire_terrier/14612.jpg,american_staffordshire_terrier,4,train
dataset/train/american_staffordshire_terrier/10896.jpg,american_staffordshire_terrier,4,train
dataset/train/american_staffordshire_terrier/02603.jpg,american_staffordshire_terrier,4,train
dataset/train/american_staffordshire_terrier/03329.jpg,american_staffordshire_terrier,4,train
dataset/train/american_staffordshire_terrier/02592.jpg,american_staffordshire_terrier,4,train
dataset/train/american_staffordshire_terrier/16660.jpg,american_staffordshire_terrier,4,train
dataset/train/american_staffordshire_terrier/15280.jpg,american_staffordshire_terrier,4,train
dataset/train/american_staffordshire_terrier/01278.jpg,american_staffordshire_terrier,4,train
dataset/train/american_staffordshire_terrier/12590.jpg,american_staffordshire_terrier,4,train
dataset/train/american_staffordshire_terrier/00011.jpg,american_staffordshire_terrier,4,train
dataset/train/american_staffordshire_terrier/10381.jpg,american_staffordshire_terrier,4,train
dataset/train/american_staffordshire_terrier/03164.jpg,american_staffordshire_terrier,4,train
dataset/train/american_staffordshire_terrier/15784.jpg,american_staffordshire_terrier,4,train
dataset/train/american_staffordshire_terrier/03001.jpg,american_staffordshire_terrier,4,train
dataset/train/american_staffordshire_terrier/16887.jpg,american_staffordshire_terrier,4,train
dataset/train/american_staffordshire_terrier/03159.jpg,american_staffordshire_terrier,4,train
dataset/train/american_staffordshire_terrier/17332.jpg,american_staffordshire_terrier,4,train
dataset/train/american_staffordshire_terrier/10947.jpg,american_staffordshire_terrier,4,train
dataset/train/american_staffordshire_terrier/02199.jpg,american_staffordshire_terrier,4,train
dataset/train/american_staffordshire_terrier/02574.jpg,american_staffordshire_terrier,4,train
dataset/train/american_staffordshire_terrier/11598.jpg,american_staffordshire_terrier,4,train
dataset/train/american_staffordshire_terrier/19443.jpg,american_staffordshire_terrier,4,train
dataset/train/american_staffordshire_terrier/03353.jpg,american_staffordshire_terrier,4,train
dataset/train/american_staffordshire_terrier/10365.jpg,american_staffordshire_terrier,4,train
dataset/train/american_staffordshire_terrier/14485.jpg,american_staffordshire_terrier,4,train
dataset/train/american_staffordshire_terrier/12462.jpg,american_staffordshire_terrier,4,train
dataset/train/american_staffordshire_terrier/02645.jpg,american_staffordshire_terrier,4,train
dataset/train/american_staffordshire_terrier/01378.jpg,american_staffordshire_terrier,4,train
dataset/train/american_staffordshire_terrier/18993.jpg,american_staffordshire_terrier,4,train
dataset/train/american_staffordshire_terrier/16682.jpg,american_staffordshire_terrier,4,train
dataset/train/american_staffordshire_terrier/00164.jpg,american_staffordshire_terrier,4,train
dataset/train/american_staffordshire_terrier/02519.jpg,american_staffordshire_terrier,4,train
dataset/train/american_staffordshire_terrier/01108.jpg,american_staffordshire_terrier,4,train
dataset/train/american_staffordshire_terrier/03355.jpg,american_staffordshire_terrier,4,train
dataset/train/american_staffordshire_terrier/10575.jpg,american_staffordshire_terrier,4,train
dataset/train/american_staffordshire_terrier/01345.jpg,american_staffordshire_terrier,4,train
dataset/train/american_staffordshire_terrier/01746.jpg,american_staffordshire_terrier,4,train
dataset/train/american_staffordshire_terrier/01641.jpg,american_staffordshire_terrier,4,train
dataset/train/american_staffordshire_terrier/11926.jpg,american_staffordshire_terrier,4,train
dataset/train/american_staffordshire_terrier/18881.jpg,american_staffordshire_terrier,4,train
dataset/train/american_staffordshire_terrier/16386.jpg,american_staffordshire_terrier,4,train
dataset/train/american_staffordshire_terrier/12219.jpg,american_staffordshire_terrier,4,train
dataset/train/american_staffordshire_terrier/10761.jpg,american_staffordshire_terrier,4,train
dataset/train/american_staffordshire_terrier/12624.jpg,american_staffordshire_terrier,4,train
dataset/train/american_staffordshire_terrier/03331.jpg,american_staffordshire_terrier,4,train
dataset/train/american_staffordshire_terrier/12791.jpg,american_staffordshire_terrier,4,train
dataset/train/american_staffordshire_terrier/00225.jpg,american_staffordshire_terrier,4,train
dataset/train/american_staffordshire_terrier/14471.jpg,american_staffordshire_terrier,4,train
dataset/train/american_staffordshire_terrier/02214.jpg,american_staffordshire_terrier,4,train
dataset/train/american_staffordshire_terrier/02049.jpg,american_staffordshire_terrier,4,train
dataset/train/american_staffordshire_terrier/02793.jpg,american_staffordshire_terrier,4,train
dataset/train/american_staffordshire_terrier/17796.jpg,american_staffordshire_terrier,4,train
dataset/train/american_staffordshire_terrier/10807.jpg,american_staffordshire_terrier,4,train
dataset/train/american_staffordshire_terrier/19569.jpg,american_staffordshire_terrier,4,train
dataset/train/american_staffordshire_terrier/15072.jpg,american_staffordshire_terrier,4,train
dataset/train/american_staffordshire_terrier/01439.jpg,american_staffordshire_terrier,4,train
dataset/train/american_staffordshire_terrier/02821.jpg,american_staffordshire_terrier,4,train
dataset/train/american_staffordshire_terrier/02576.jpg,american_staffordshire_terrier,4,train
dataset/train/american_staffordshire_terrier/10164.jpg,american_staffordshire_terrier,4,train
dataset/train/american_staffordshire_terrier/15872.jpg,american_staffordshire_terrier,4,train
dataset/train/american_staffordshire_terrier/10245.jpg,american_staffordshire_terrier,4,train
dataset/train/american_staffordshire_terrier/03269.jpg,american_staffordshire_terrier,4,train
dataset/train/american_staffordshire_terrier/01070.jpg,american_staffordshire_terrier,4,train
dataset/train/american_staffordshire_terrier/01668.jpg,american_staffordshire_terrier,4,train
dataset/train/american_staffordshire_terrier/10929.jpg,american_staffordshire_terrier,4,train
dataset/train/american_staffordshire_terrier/01767.jpg,american_staffordshire_terrier,4,train
dataset/train/american_staffordshire_terrier/19907.jpg,american_staffordshire_terrier,4,train
dataset/train/american_staffordshire_terrier/14550.jpg,american_staffordshire_terrier,4,train
dataset/train/american_staffordshire_terrier/10328.jpg,american_staffordshire_terrier,4,train
dataset/train/american_staffordshire_terrier/00277.jpg,american_staffordshire_terrier,4,train
dataset/train/american_staffordshire_terrier/12887.jpg,american_staffordshire_terrier,4,train
dataset/train/american_staffordshire_terrier/01925.jpg,american_staffordshire_terrier,4,train
dataset/train/american_staffordshire_terrier/17280.jpg,american_staffordshire_terrier,4,train
dataset/train/american_staffordshire_terrier/01291.jpg,american_staffordshire_terrier,4,train
dataset/train/american_staffordshire_terrier/01482.jpg,american_staffordshire_terrier,4,train
dataset/train/american_staffordshire_terrier/00111.jpg,american_staffordshire_terrier,4,train
dataset/train/american_staffordshire_terrier/14252.jpg,american_staffordshire_terrier,4,train
dataset/train/american_staffordshire_terrier/10908.jpg,american_staffordshire_terrier,4,train
dataset/train/american_staffordshire_terrier/17557.jpg,american_staffordshire_terrier,4,train
dataset/train/american_staffordshire_terrier/13615.jpg,american_staffordshire_terrier,4,train
dataset/train/american_staffordshire_terrier/14706.jpg,american_staffordshire_terrier,4,val
dataset/train/american_staffordshire_terrier/02461.jpg,american_staffordshire_terrier,4,val
dataset/train/american_staffordshire_terrier/14990.jpg,american_staffordshire_terrier,4,val
dataset/train/american_staffordshire_terrier/03092.jpg,american_staffordshire_terrier,4,val
dataset/train/american_staffordshire_terrier/11160.jpg,american_staffordshire_terrier,4,val
dataset/train/american_staffordshire_terrier/01162.jpg,american_staffordshire_terrier,4,val
dataset/train/american_staffordshire_terrier/19652.jpg,american_staffordshire_terrier,4,val
dataset/train/american_staffordshire_terrier/03305.jpg,american_staffordshire_terrier,4,val
dataset/train/american_staffordshire_terrier/03020.jpg,american_staffordshire_terrier,4,val
dataset/train/american_staffordshire_terrier/11916.jpg,american_staffordshire_terrier,4,val
dataset/train/american_staffordshire_terrier/15747.jpg,american_staffordshire_terrier,4,val
dataset/train/american_staffordshire_terrier/03098.jpg,american_staffordshire_terrier,4,val
dataset/train/american_staffordshire_terrier/11151.jpg,american_staffordshire_terrier,4,val
dataset/train/american_staffordshire_terrier/18916.jpg,american_staffordshire_terrier,4,val
dataset/train/american_staffordshire_terrier/12016.jpg,american_staffordshire_terrier,4,val
dataset/train/american_staffordshire_terrier/03061.jpg,american_staffordshire_terrier,4,val
dataset/train/american_staffordshire_terrier/16245.jpg,american_staffordshire_terrier,4,val
dataset/train/american_staffordshire_terrier/19906.jpg,american_staffordshire_terrier,4,val
dataset/train/american_staffordshire_terrier/11793.jpg,american_staffordshire_terrier,4,val
dataset/train/american_staffordshire_terrier/01351.jpg,american_staffordshire_terrier,4,val
dataset/train/appenzeller/02272.jpg,appenzeller,5,train
dataset/train/appenzeller/01783.jpg,appenzeller,5,train
dataset/train/appenzeller/02913.jpg,appenzeller,5,train
dataset/train/appenzeller/03105.jpg,appenzeller,5,train
dataset/train/appenzeller/04903.jpg,appenzeller,5,train
dataset/train/appenzeller/04816.jpg,appenzeller,5,train
dataset/train/appenzeller/02468.jpg,appenzeller,5,train
dataset/train/appenzeller/04079.jpg,appenzeller,5,train
dataset/train/appenzeller/00406.jpg,appenzeller,5,train
dataset/train/appenzeller/01344.jpg,appenzeller,5,train
dataset/train/appenzeller/04963.jpg,appenzeller,5,train
dataset/train/appenzeller/00396.jpg,appenzeller,5,train
dataset/train/appenzeller/04304.jpg,appenzeller,5,train
dataset/train/appenzeller/03190.jpg,appenzeller,5,train
dataset/train/appenzeller/02858.jpg,appenzeller,5,train
dataset/train/appenzeller/02151.jpg,appenzeller,5,train
dataset/train/appenzeller/02340.jpg,appenzeller,5,train
dataset/train/appenzeller/05162.jpg,appenzeller,5,train
dataset/train/appenzeller/02963.jpg,appenzeller,5,train
dataset/train/appenzeller/04296.jpg,appenzeller,5,train
dataset/train/appenzeller/04247.jpg,appenzeller,5,train
dataset/train/appenzeller/02294.jpg,appenzeller,5,train
dataset/train/appenzeller/00314.jpg,appenzeller,5,train
dataset/train/appenzeller/03450.jpg,appenzeller,5,train
dataset/train/appenzeller/02313.jpg,appenzeller,5,train
dataset/train/appenzeller/05534.jpg,appenzeller,5,train
dataset/train/appenzeller/00180.jpg,appenzeller,5,train
dataset/train/appenzeller/00047.jpg,appenzeller,5,train
dataset/train/appenzeller/01030.jpg,appenzeller,5,train
dataset/train/appenzeller/01235.jpg,appenzeller,5,train
dataset/train/appenzeller/01426.jpg,appenzeller,5,train
dataset/train/appenzeller/01855.jpg,appenzeller,5,train
dataset/train/appenzeller/02723.jpg,appenzeller,5,train
dataset/train/appenzeller/05402.jpg,appenzeller,5,train
dataset/train/appenzeller/04885.jpg,appenzeller,5,train
dataset/train/appenzeller/05378.jpg,appenzeller,5,train
dataset/train/appenzeller/00392.jpg,appenzeller,5,train
dataset/train/appenzeller/05312.jpg,appenzeller,5,train
dataset/train/appenzeller/05254.jpg,appenzeller,5,train
dataset/train/appenzeller/02608.jpg,appenzeller,5,train
dataset/train/appenzeller/02719.jpg,appenzeller,5,train
dataset/train/appenzeller/02357.jpg,appenzeller,5,train
dataset/train/appenzeller/01811.jpg,appenzeller,5,train
dataset/train/appenzeller/01176.jpg,appenzeller,5,train
dataset/train/appenzeller/02085.jpg,appenzeller,5,train
dataset/train/appenzeller/03613.jpg,appenzeller,5,train
dataset/train/appenzeller/03971.jpg,appenzeller,5,train
dataset/train/appenzeller/02227.jpg,appenzeller,5,train
dataset/train/appenzeller/04092.jpg,appenzeller,5,train
dataset/train/appenzeller/03311.jpg,appenzeller,5,train
dataset/train/appenzeller/03531.jpg,appenzeller,5,train
dataset/train/appenzeller/05017.jpg,appenzeller,5,train
dataset/train/appenzeller/03254.jpg,appenzeller,5,train
dataset/train/appenzeller/02154.jpg,appenzeller,5,train
dataset/train/appenzeller/02499.jpg,appenzeller,5,train
dataset/train/appenzeller/04669.jpg,appenzeller,5,train
dataset/train/appenzeller/00024.jpg,appenzeller,5,train
dataset/train/appenzeller/04931.jpg,appenzeller,5,train
dataset/train/appenzeller/05002.jpg,appenzeller,5,train
dataset/train/appenzeller/05371.jpg,appenzeller,5,train
dataset/train/appenzeller/04190.jpg,appenzeller,5,train
dataset/train/appenzeller/04473.jpg,appenzeller,5,train
dataset/train/appenzeller/02090.jpg,appenzeller,5,train
dataset/train/appenzeller/02928.jpg,appenzeller,5,train
dataset/train/appenzeller/03188.jpg,appenzeller,5,train
dataset/train/appenzeller/02134.jpg,appenzeller,5,train
dataset/train/appenzeller/01777.jpg,appenzeller,5,train
dataset/train/appenzeller/04142.jpg,appenzeller,5,train
dataset/train/appenzeller/02534.jpg,appenzeller,5,train
dataset/train/appenzeller/04964.jpg,appenzeller,5,train
dataset/train/appenzeller/03119.jpg,appenzeller,5,train
dataset/train/appenzeller/02666.jpg,appenzeller,5,train
dataset/train/appenzeller/03155.jpg,appenzeller,5,train
dataset/train/appenzeller/04895.jpg,appenzeller,5,train
dataset/train/appenzeller/02555.jpg,appenzeller,5,train
dataset/train/appenzeller/03926.jpg,appenzeller,5,train
dataset/train/appenzeller/02543.jpg,appenzeller,5,train
dataset/train/appenzeller/05112.jpg,appenzeller,5,train
dataset/train/appenzeller/01575.jpg,appenzeller,5,train
dataset/train/appenzeller/04891.jpg,appenzeller,5,train
dataset/train/appenzeller/02899.jpg,appenzeller,5,val
dataset/train/appenzeller/03720.jpg,appenzeller,5,val
dataset/train/appenzeller/02809.jpg,appenzeller,5,val
dataset/train/appenzeller/03387.jpg,appenzeller,5,val
dataset/train/appenzeller/04806.jpg,appenzeller,5,val
dataset/train/appenzeller/04030.jpg,appenzeller,5,val
dataset/train/appenzeller/04402.jpg,appenzeller,5,val
dataset/train/appenzeller/04159.jpg,appenzeller,5,val
dataset/train/appenzeller/02382.jpg,appenzeller,5,val
dataset/train/appenzeller/04704.jpg,appenzeller,5,val
dataset/train/appenzeller/00451.jpg,appenzeller,5,val
dataset/train/appenzeller/01195.jpg,appenzeller,5,val
dataset/train/appenzeller/02365.jpg,appenzeller,5,val
dataset/train/appenzeller/01974.jpg,appenzeller,5,val
dataset/train/appenzeller/04301.jpg,appenzeller,5,val
dataset/train/appenzeller/03791.jpg,appenzeller,5,val
dataset/train/appenzeller/03728.jpg,appenzeller,5,val
dataset/train/appenzeller/03991.jpg,appenzeller,5,val
dataset/train/appenzeller/02092.jpg,appenzeller,5,val
dataset/train/appenzeller/00298.jpg,appenzeller,5,val
dataset/train/australian_terrier/01429.jpg,australian_terrier,6,train
dataset/train/australian_terrier/01553.jpg,australian_terrier,6,train
dataset/train/australian_terrier/00412.jpg,australian_terrier,6,train
dataset/train/australian_terrier/01926.jpg,australian_terrier,6,train
dataset/train/australian_terrier/01150.jpg,australian_terrier,6,train
dataset/train/australian_terrier/01805.jpg,australian_terrier,6,train
dataset/train/australian_terrier/01653.jpg,australian_terrier,6,train
dataset/train/australian_terrier/01629.jpg,australian_terrier,6,train
dataset/train/australian_terrier/03595.jpg,australian_terrier,6,train
dataset/train/australian_terrier/02175.jpg,australian_terrier,6,train
dataset/train/australian_terrier/00261.jpg,australian_terrier,6,train
dataset/train/australian_terrier/02176.jpg,australian_terrier,6,train
dataset/train/australian_terrier/00285.jpg,australian_terrier,6,train
dataset/train/australian_terrier/04324.jpg,australian_terrier,6,train
dataset/train/australian_terrier/04137.jpg,australian_terrier,6,train
dataset/train/australian_terrier/02118.jpg,australian_terrier,6,train
dataset/train/australian_terrier/02343.jpg,australian_terrier,6,train
dataset/train/australian_terrier/03642.jpg,australian_terrier,6,train
dataset/train/australian_terrier/04525.jpg,australian_terrier,6,train
dataset/train/australian_terrier/03967.jpg,australian_terrier,6,train
dataset/train/australian_terrier/01455.jpg,australian_terrier,6,train
dataset/train/australian_terrier/01409.jpg,australian_terrier,6,train
dataset/train/australian_terrier/02587.jpg,australian_terrier,6,train
dataset/train/australian_terrier/00160.jpg,australian_terrier,6,train
dataset/train/australian_terrier/03494.jpg,australian_terrier,6,train
dataset/train/australian_terrier/03679.jpg,australian_terrier,6,train
dataset/train/australian_terrier/03965.jpg,australian_terrier,6,train
dataset/train/australian_terrier/03137.jpg,australian_terrier,6,train
dataset/train/australian_terrier/01597.jpg,australian_terrier,6,train
dataset/train/australian_terrier/01231.jpg,australian_terrier,6,train
dataset/train/australian_terrier/01850.jpg,australian_terrier,6,train
dataset/train/australian_terrier/02580.jpg,australian_terrier,6,train
dataset/train/australian_terrier/04295.jpg,australian_terrier,6,train
dataset/train/australian_terrier/02206.jpg,australian_terrier,6,train
dataset/train/australian_terrier/04201.jpg,australian_terrier,6,train
dataset/train/australian_terrier/03533.jpg,australian_terrier,6,train
dataset/train/australian_terrier/03174.jpg,australian_terrier,6,train
dataset/train/australian_terrier/02411.jpg,australian_terrier,6,train
dataset/train/australian_terrier/01449.jpg,australian_terrier,6,train
dataset/train/australian_terrier/02934.jpg,australian_terrier,6,train
dataset/train/australian_terrier/03704.jpg,australian_terrier,6,train
dataset/train/australian_terrier/01411.jpg,australian_terrier,6,train
dataset/train/australian_terrier/02672.jpg,australian_terrier,6,train
dataset/train/australian_terrier/00038.jpg,australian_terrier,6,train
dataset/train/australian_terrier/02688.jpg,australian_terrier,6,train
dataset/train/australian_terrier/02215.jpg,australian_terrier,6,train
dataset/train/australian_terrier/00167.jpg,australian_terrier,6,train
dataset/train/australian_terrier/04435.jpg,australian_terrier,6,train
dataset/train/australian_terrier/03472.jpg,australian_terrier,6,train
dataset/train/australian_terrier/01470.jpg,australian_terrier,6,train
dataset/train/australian_terrier/00436.jpg,australian_terrier,6,train
dataset/train/australian_terrier/03632.jpg,australian_terrier,6,train
dataset/train/australian_terrier/02603.jpg,australian_terrier,6,train
dataset/train/australian_terrier/04022.jpg,australian_terrier,6,train
dataset/train/australian_terrier/04142.jpg,australian_terrier,6,train
dataset/train/australian_terrier/02378.jpg,australian_terrier,6,train
dataset/train/australian_terrier/02408.jpg,australian_terrier,6,train
dataset/train/australian_terrier/01111.jpg,australian_terrier,6,train
dataset/train/australian_terrier/01536.jpg,australian_terrier,6,train
dataset/train/australian_terrier/03899.jpg,australian_terrier,6,train
dataset/train/australian_terrier/02247.jpg,australian_terrier,6,train
dataset/train/australian_terrier/01564.jpg,australian_terrier,6,train
dataset/train/australian_terrier/01386.jpg,australian_terrier,6,train
dataset/train/australian_terrier/01299.jpg,australian_terrier,6,train
dataset/train/australian_terrier/01133.jpg,australian_terrier,6,train
dataset/train/australian_terrier/03344.jpg,australian_terrier,6,train
dataset/train/australian_terrier/01953.jpg,australian_terrier,6,train
dataset/train/australian_terrier/01955.jpg,australian_terrier,6,train
dataset/train/australian_terrier/01754.jpg,australian_terrier,6,train
dataset/train/australian_terrier/04420.jpg,australian_terrier,6,train
dataset/train/australian_terrier/01803.jpg,australian_terrier,6,train
dataset/train/australian_terrier/01121.jpg,australian_terrier,6,train
dataset/train/australian_terrier/02504.jpg,australian_terrier,6,train
dataset/train/australian_terrier/04492.jpg,australian_terrier,6,train
dataset/train/australian_terrier/01586.jpg,australian_terrier,6,train
dataset/train/australian_terrier/03800.jpg,australian_terrier,6,train
dataset/train/australian_terrier/02750.jpg,australian_terrier,6,train
dataset/train/australian_terrier/03105.jpg,australian_terrier,6,train
dataset/train/australian_terrier/01783.jpg,australian_terrier,6,train
dataset/train/australian_terrier/03866.jpg,australian_terrier,6,train
dataset/train/australian_terrier/01954.jpg,australian_terrier,6,val
dataset/train/australian_terrier/04443.jpg,australian_terrier,6,val
dataset/train/australian_terrier/01375.jpg,australian_terrier,6,val
dataset/train/australian_terrier/04205.jpg,australian_terrier,6,val
dataset/train/australian_terrier/02920.jpg,australian_terrier,6,val
dataset/train/australian_terrier/04290.jpg,australian_terrier,6,val
dataset/train/australian_terrier/04440.jpg,australian_terrier,6,val
dataset/train/australian_terrier/00250.jpg,australian_terrier,6,val
dataset/train/australian_terrier/02306.jpg,australian_terrier,6,val
dataset/train/australian_terrier/01147.jpg,australian_terrier,6,val
dataset/train/australian_terrier/01243.jpg,australian_terrier,6,val
dataset/train/australian_terrier/02821.jpg,australian_terrier,6,val
dataset/train/australian_terrier/03413.jpg,australian_terrier,6,val
dataset/train/australian_terrier/02432.jpg,australian_terrier,6,val
dataset/train/australian_terrier/01284.jpg,australian_terrier,6,val
dataset/train/australian_terrier/02188.jpg,australian_terrier,6,val
dataset/train/australian_terrier/01168.jpg,australian_terrier,6,val
dataset/train/australian_terrier/04267.jpg,australian_terrier,6,val
dataset/train/australian_terrier/03554.jpg,australian_terrier,6,val
dataset/train/australian_terrier/01400.jpg,australian_terrier,6,val
dataset/train/basenji/02810.jpg,basenji,7,train
dataset/train/basenji/03093.jpg,basenji,7,train
dataset/train/basenji/03903.jpg,basenji,7,train
dataset/train/basenji/01035.jpg,basenji,7,train
dataset/train/basenji/01102.jpg,basenji,7,train
dataset/train/basenji/03956.jpg,basenji,7,train
dataset/train/basenji/03970.jpg,basenji,7,train
dataset/train/basenji/01359.jpg,basenji,7,train
dataset/train/basenji/03711.jpg,basenji,7,train
dataset/train/basenji/01514.jpg,basenji,7,train
dataset/train/basenji/01013.jpg,basenji,7,train
dataset/train/basenji/01639.jpg,basenji,7,train
dataset/train/basenji/01902.jpg,basenji,7,train
dataset/train/basenji/03123.jpg,basenji,7,train
dataset/train/basenji/03135.jpg,basenji,7,train
dataset/train/basenji/03702.jpg,basenji,7,train
dataset/train/basenji/02208.jpg,basenji,7,train
dataset/train/basenji/01904.jpg,basenji,7,train
dataset/train/basenji/03008.jpg,basenji,7,train
dataset/train/basenji/03971.jpg,basenji,7,train
dataset/train/basenji/03968.jpg,basenji,7,train
dataset/train/basenji/01841.jpg,basenji,7,train
dataset/train/basenji/03751.jpg,basenji,7,train
dataset/train/basenji/01259.jpg,basenji,7,train
dataset/train/basenji/02995.jpg,basenji,7,train
dataset/train/basenji/01826.jpg,basenji,7,train
dataset/train/basenji/01100.jpg,basenji,7,train
dataset/train/basenji/02630.jpg,basenji,7,train
dataset/train/basenji/03929.jpg,basenji,7,train
dataset/train/basenji/02349.jpg,basenji,7,train
dataset/train/basenji/01667.jpg,basenji,7,train
dataset/train/basenji/02006.jpg,basenji,7,train
dataset/train/basenji/01485.jpg,basenji,7,train
dataset/train/basenji/03911.jpg,basenji,7,train
dataset/train/basenji/00376.jpg,basenji,7,train
dataset/train/basenji/03171.jpg,basenji,7,train
dataset/train/basenji/02627.jpg,basenji,7,train
dataset/train/basenji/01577.jpg,basenji,7,train
dataset/train/basenji/03056.jpg,basenji,7,train
dataset/train/basenji/00017.jpg,basenji,7,train
dataset/train/basenji/03827.jpg,basenji,7,train
dataset/train/basenji/02100.jpg,basenji,7,train
dataset/train/basenji/03883.jpg,basenji,7,train
dataset/train/basenji/01019.jpg,basenji,7,train
dataset/train/basenji/03880.jpg,basenji,7,train
dataset/train/basenji/02716.jpg,basenji,7,train
dataset/train/basenji/02249.jpg,basenji,7,train
dataset/train/basenji/00346.jpg,basenji,7,train
dataset/train/basenji/01228.jpg,basenji,7,train
dataset/train/basenji/01916.jpg,basenji,7,train
dataset/train/basenji/03638.jpg,basenji,7,train
dataset/train/basenji/01688.jpg,basenji,7,train
dataset/train/basenji/01033.jpg,basenji,7,train
dataset/train/basenji/01525.jpg,basenji,7,train
dataset/train/basenji/02551.jpg,basenji,7,train
dataset/train/basenji/02421.jpg,basenji,7,train
dataset/train/basenji/03376.jpg,basenji,7,train
dataset/train/basenji/03673.jpg,basenji,7,train
dataset/train/basenji/00238.jpg,basenji,7,train
dataset/train/basenji/03415.jpg,basenji,7,train
dataset/train/basenji/01179.jpg,basenji,7,train
dataset/train/basenji/01942.jpg,basenji,7,train
dataset/train/basenji/01382.jpg,basenji,7,train
dataset/train/basenji/03937.jpg,basenji,7,train
dataset/train/basenji/03955.jpg,basenji,7,train
dataset/train/basenji/03513.jpg,basenji,7,train
dataset/train/basenji/01396.jpg,basenji,7,train
dataset/train/basenji/02365.jpg,basenji,7,train
dataset/train/basenji/01778.jpg,basenji,7,train
dataset/train/basenji/02926.jpg,basenji,7,train
dataset/train/basenji/01637.jpg,basenji,7,train
dataset/train/basenji/03331.jpg,basenji,7,train
dataset/train/basenji/01214.jpg,basenji,7,train
dataset/train/basenji/03781.jpg,basenji,7,train
dataset/train/basenji/02957.jpg,basenji,7,train
dataset/train/basenji/01236.jpg,basenji,7,train
dataset/train/basenji/01674.jpg,basenji,7,train
dataset/train/basenji/01369.jpg,basenji,7,train
dataset/train/basenji/03581.jpg,basenji,7,train
dataset/train/basenji/00111.jpg,basenji,7,train
dataset/train/basenji/02774.jpg,basenji,7,val
dataset/train/basenji/02997.jpg,basenji,7,val
dataset/train/basenji/03974.jpg,basenji,7,val
dataset/train/basenji/01845.jpg,basenji,7,val
dataset/train/basenji/02580.jpg,basenji,7,val
dataset/train/basenji/00018.jpg,basenji,7,val
dataset/train/basenji/02157.jpg,basenji,7,val
dataset/train/basenji/03531.jpg,basenji,7,val
dataset/train/basenji/01404.jpg,basenji,7,val
dataset/train/basenji/03136.jpg,basenji,7,val
dataset/train/basenji/03138.jpg,basenji,7,val
dataset/train/basenji/03966.jpg,basenji,7,val
dataset/train/basenji/03484.jpg,basenji,7,val
dataset/train/basenji/00318.jpg,basenji,7,val
dataset/train/basenji/02860.jpg,basenji,7,val
dataset/train/basenji/03006.jpg,basenji,7,val
dataset/train/basenji/02356.jpg,basenji,7,val
dataset/train/basenji/02903.jpg,basenji,7,val
dataset/train/basenji/03489.jpg,basenji,7,val
dataset/train/basenji/02497.jpg,basenji,7,val
dataset/train/basset/10592.jpg,basset,8,train
dataset/train/basset/10005.jpg,basset,8,train
dataset/train/basset/10753.jpg,basset,8,train
dataset/train/basset/10183.jpg,basset,8,train
dataset/train/basset/12469.jpg,basset,8,train
dataset/train/basset/11383.jpg,basset,8,train
dataset/train/basset/12974.jpg,basset,8,train
dataset/train/basset/00363.jpg,basset,8,train
dataset/train/basset/01454.jpg,basset,8,train
dataset/train/basset/02574.jpg,basset,8,train
dataset/train/basset/10682.jpg,basset,8,train
dataset/train/basset/11542.jpg,basset,8,train
dataset/train/basset/11204.jpg,basset,8,train
dataset/train/basset/10932.jpg,basset,8,train
dataset/train/basset/11148.jpg,basset,8,train
dataset/train/basset/10757.jpg,basset,8,train
dataset/train/basset/13036.jpg,basset,8,train
dataset/train/basset/10288.jpg,basset,8,train
dataset/train/basset/13199.jpg,basset,8,train
dataset/train/basset/10106.jpg,basset,8,train
dataset/train/basset/00517.jpg,basset,8,train
dataset/train/basset/13608.jpg,basset,8,train
dataset/train/basset/13799.jpg,basset,8,train
dataset/train/basset/02009.jpg,basset,8,train
dataset/train/basset/11846.jpg,basset,8,train
dataset/train/basset/11917.jpg,basset,8,train
dataset/train/basset/00305.jpg,basset,8,train
dataset/train/basset/03475.jpg,basset,8,train
dataset/train/basset/13439.jpg,basset,8,train
dataset/train/basset/11339.jpg,basset,8,train
dataset/train/basset/02822.jpg,basset,8,train
dataset/train/basset/12293.jpg,basset,8,train
dataset/train/basset/02674.jpg,basset,8,train
dataset/train/basset/01731.jpg,basset,8,train
dataset/train/basset/03359.jpg,basset,8,train
dataset/train/basset/10129.jpg,basset,8,train
dataset/train/basset/10095.jpg,basset,8,train
dataset/train/basset/10510.jpg,basset,8,train
dataset/train/basset/13720.jpg,basset,8,train
dataset/train/basset/10451.jpg,basset,8,train
dataset/train/basset/03079.jpg,basset,8,train
dataset/train/basset/10054.jpg,basset,8,train
dataset/train/basset/12710.jpg,basset,8,train
dataset/train/basset/10028.jpg,basset,8,train
dataset/train/basset/11505.jpg,basset,8,train
dataset/train/basset/04365.jpg,basset,8,train
dataset/train/basset/11511.jpg,basset,8,train
dataset/train/basset/10142.jpg,basset,8,train
dataset/train/basset/04374.jpg,basset,8,train
dataset/train/basset/02879.jpg,basset,8,train
dataset/train/basset/10051.jpg,basset,8,train
dataset/train/basset/10072.jpg,basset,8,train
dataset/train/basset/12997.jpg,basset,8,train
dataset/train/basset/10102.jpg,basset,8,train
dataset/train/basset/11136.jpg,basset,8,train
dataset/train/basset/10358.jpg,basset,8,train
dataset/train/basset/10245.jpg,basset,8,train
dataset/train/basset/12555.jpg,basset,8,train
dataset/train/basset/10870.jpg,basset,8,train
dataset/train/basset/10338.jpg,basset,8,train
dataset/train/basset/11393.jpg,basset,8,train
dataset/train/basset/11522.jpg,basset,8,train
dataset/train/basset/13847.jpg,basset,8,train
dataset/train/basset/10473.jpg,basset,8,train
dataset/train/basset/11849.jpg,basset,8,train
dataset/train/basset/12966.jpg,basset,8,train
dataset/train/basset/10140.jpg,basset,8,train
dataset/train/basset/10063.jpg,basset,8,train
dataset/train/basset/13908.jpg,basset,8,train
dataset/train/basset/10741.jpg,basset,8,train
dataset/train/basset/10049.jpg,basset,8,train
dataset/train/basset/10113.jpg,basset,8,train
dataset/train/basset/02646.jpg,basset,8,train
dataset/train/basset/00490.jpg,basset,8,train
dataset/train/basset/11124.jpg,basset,8,train
dataset/train/basset/11223.jpg,basset,8,train
dataset/train/basset/13373.jpg,basset,8,train
dataset/train/basset/12563.jpg,basset,8,train
dataset/train/basset/11200.jpg,basset,8,train
dataset/train/basset/13079.jpg,basset,8,train
dataset/train/basset/03066.jpg,basset,8,val
dataset/train/basset/12427.jpg,basset,8,val
dataset/train/basset/04182.jpg,basset,8,val
dataset/train/basset/13222.jpg,basset,8,val
dataset/train/basset/03579.jpg,basset,8,val
dataset/train/basset/01944.jpg,basset,8,val
dataset/train/basset/13683.jpg,basset,8,val
dataset/train/basset/12196.jpg,basset,8,val
dataset/train/basset/02686.jpg,basset,8,val
dataset/train/basset/03778.jpg,basset,8,val
dataset/train/basset/11635.jpg,basset,8,val
dataset/train/basset/10013.jpg,basset,8,val
dataset/train/basset/10110.jpg,basset,8,val
dataset/train/basset/11318.jpg,basset,8,val
dataset/train/basset/13709.jpg,basset,8,val
dataset/train/basset/02217.jpg,basset,8,val
dataset/train/basset/12160.jpg,basset,8,val
dataset/train/basset/01261.jpg,basset,8,val
dataset/train/basset/11281.jpg,basset,8,val
dataset/train/basset/11113.jpg,basset,8,val
dataset/train/beagle/16207.jpg,beagle,9,train
dataset/train/beagle/10354.jpg,beagle,9,train
dataset/train/beagle/14394.jpg,beagle,9,train
dataset/train/beagle/14863.jpg,beagle,9,train
dataset/train/beagle/13464.jpg,beagle,9,train
dataset/train/beagle/11130.jpg,beagle,9,train
dataset/train/beagle/12973.jpg,beagle,9,train
dataset/train/beagle/12756.jpg,beagle,9,train
dataset/train/beagle/11828.jpg,beagle,9,train
dataset/train/beagle/12869.jpg,beagle,9,train
dataset/train/beagle/14220.jpg,beagle,9,train
dataset/train/beagle/12920.jpg,beagle,9,train
dataset/train/beagle/12334.jpg,beagle,9,train
dataset/train/beagle/14095.jpg,beagle,9,train
dataset/train/beagle/12745.jpg,beagle,9,train
dataset/train/beagle/00161.jpg,beagle,9,train
dataset/train/beagle/11136.jpg,beagle,9,train
dataset/train/beagle/15093.jpg,beagle,9,train
dataset/train/beagle/16339.jpg,beagle,9,train
dataset/train/beagle/01128.jpg,beagle,9,train
dataset/train/beagle/14613.jpg,beagle,9,train
dataset/train/beagle/10108.jpg,beagle,9,train
dataset/train/beagle/13236.jpg,beagle,9,train
dataset/train/beagle/12178.jpg,beagle,9,train
dataset/train/beagle/13981.jpg,beagle,9,train
dataset/train/beagle/12213.jpg,beagle,9,train
dataset/train/beagle/11147.jpg,beagle,9,train
dataset/train/beagle/15305.jpg,beagle,9,train
dataset/train/beagle/16165.jpg,beagle,9,train
dataset/train/beagle/13572.jpg,beagle,9,train
dataset/train/beagle/12816.jpg,beagle,9,train
dataset/train/beagle/14431.jpg,beagle,9,train
dataset/train/beagle/10296.jpg,beagle,9,train
dataset/train/beagle/14079.jpg,beagle,9,train
dataset/train/beagle/13944.jpg,beagle,9,train
dataset/train/beagle/14663.jpg,beagle,9,train
dataset/train/beagle/15036.jpg,beagle,9,train
dataset/train/beagle/12972.jpg,beagle,9,train
dataset/train/beagle/12440.jpg,beagle,9,train
dataset/train/beagle/14055.jpg,beagle,9,train
dataset/train/beagle/13050.jpg,beagle,9,train
dataset/train/beagle/15787.jpg,beagle,9,train
dataset/train/beagle/01384.jpg,beagle,9,train
dataset/train/beagle/14548.jpg,beagle,9,train
dataset/train/beagle/11231.jpg,beagle,9,train
dataset/train/beagle/12303.jpg,beagle,9,train
dataset/train/beagle/11391.jpg,beagle,9,train
dataset/train/beagle/12124.jpg,beagle,9,train
dataset/train/beagle/10947.jpg,beagle,9,train
dataset/train/beagle/13428.jpg,beagle,9,train
dataset/train/beagle/11836.jpg,beagle,9,train
dataset/train/beagle/16060.jpg,beagle,9,train
dataset/train/beagle/14702.jpg,beagle,9,train
dataset/train/beagle/15111.jpg,beagle,9,train
dataset/train/beagle/13484.jpg,beagle,9,train
dataset/train/beagle/14911.jpg,beagle,9,train
dataset/train/beagle/12397.jpg,beagle,9,train
dataset/train/beagle/12131.jpg,beagle,9,train
dataset/train/beagle/01507.jpg,beagle,9,train
dataset/train/beagle/12405.jpg,beagle,9,train
dataset/train/beagle/13627.jpg,beagle,9,train
dataset/train/beagle/14690.jpg,beagle,9,train
dataset/train/beagle/13478.jpg,beagle,9,train
dataset/train/beagle/13214.jpg,beagle,9,train
dataset/train/beagle/00129.jpg,beagle,9,train
dataset/train/beagle/15690.jpg,beagle,9,train
dataset/train/beagle/10362.jpg,beagle,9,train
dataset/train/beagle/14369.jpg,beagle,9,train
dataset/train/beagle/11698.jpg,beagle,9,train
dataset/train/beagle/12154.jpg,beagle,9,train
dataset/train/beagle/11458.jpg,beagle,9,train
dataset/train/beagle/10575.jpg,beagle,9,train
dataset/train/beagle/15082.jpg,beagle,9,train
dataset/train/beagle/12291.jpg,beagle,9,train
dataset/train/beagle/12102.jpg,beagle,9,train
dataset/train/beagle/14892.jpg,beagle,9,train
dataset/train/beagle/11930.jpg,beagle,9,train
dataset/train/beagle/10731.jpg,beagle,9,train
dataset/train/beagle/16065.jpg,beagle,9,train
dataset/train/beagle/14779.jpg,beagle,9,train
dataset/train/beagle/15877.jpg,beagle,9,val
dataset/train/beagle/13809.jpg,beagle,9,val
dataset/train/beagle/16493.jpg,beagle,9,val
dataset/train/beagle/11509.jpg,beagle,9,val
dataset/train/beagle/13028.jpg,beagle,9,val
dataset/train/beagle/13477.jpg,beagle,9,val
dataset/train/beagle/13682.jpg,beagle,9,val
dataset/train/beagle/10585.jpg,beagle,9,val
dataset/train/beagle/12713.jpg,beagle,9,val
dataset/train/beagle/13128.jpg,beagle,9,val
dataset/train/beagle/13630.jpg,beagle,9,val
dataset/train/beagle/16210.jpg,beagle,9,val
dataset/train/beagle/15315.jpg,beagle,9,val
dataset/train/beagle/10206.jpg,beagle,9,val
dataset/train/beagle/11711.jpg,beagle,9,val
dataset/train/beagle/12794.jpg,beagle,9,val
dataset/train/beagle/12710.jpg,beagle,9,val
dataset/train/beagle/14968.jpg,beagle,9,val
dataset/train/beagle/10798.jpg,beagle,9,val
dataset/train/beagle/15370.jpg,beagle,9,val
dataset/train/bedlington_terrier/02409.jpg,bedlington_terrier,10,train
dataset/train/bedlington_terrier/01558.jpg,bedlington_terrier,10,train
dataset/train/bedlington_terrier/01346.jpg,bedlington_terrier,10,train
dataset/train/bedlington_terrier/01156.jpg,bedlington_terrier,10,train
dataset/train/bedlington_terrier/01905.jpg,bedlington_terrier,10,train
dataset/train/bedlington_terrier/02376.jpg,bedlington_terrier,10,train
dataset/train/bedlington_terrier/02108.jpg,bedlington_terrier,10,train
dataset/train/bedlington_terrier/02477.jpg,bedlington_terrier,10,train
dataset/train/bedlington_terrier/02147.jpg,bedlington_terrier,10,train
dataset/train/bedlington_terrier/01174.jpg,bedlington_terrier,10,train
dataset/train/bedlington_terrier/01621.jpg,bedlington_terrier,10,train
dataset/train/bedlington_terrier/01120.jpg,bedlington_terrier,10,train
dataset/train/bedlington_terrier/01550.jpg,bedlington_terrier,10,train
dataset/train/bedlington_terrier/02313.jpg,bedlington_terrier,10,train
dataset/train/bedlington_terrier/02626.jpg,bedlington_terrier,10,train
dataset/train/bedlington_terrier/00227.jpg,bedlington_terrier,10,train
dataset/train/bedlington_terrier/01556.jpg,bedlington_terrier,10,train
dataset/train/bedlington_terrier/00254.jpg,bedlington_terrier,10,train
dataset/train/bedlington_terrier/02321.jpg,bedlington_terrier,10,train
dataset/train/bedlington_terrier/02354.jpg,bedlington_terrier,10,train
dataset/train/bedlington_terrier/02349.jpg,bedlington_terrier,10,train
dataset/train/bedlington_terrier/02156.jpg,bedlington_terrier,10,train
dataset/train/bedlington_terrier/02027.jpg,bedlington_terrier,10,train
dataset/train/bedlington_terrier/01495.jpg,bedlington_terrier,10,train
dataset/train/bedlington_terrier/02316.jpg,bedlington_terrier,10,train
dataset/train/bedlington_terrier/01791.jpg,bedlington_terrier,10,train
dataset/train/bedlington_terrier/01071.jpg,bedlington_terrier,10,train
dataset/train/bedlington_terrier/01564.jpg,bedlington_terrier,10,train
dataset/train/bedlington_terrier/02433.jpg,bedlington_terrier,10,train
dataset/train/bedlington_terrier/01081.jpg,bedlington_terrier,10,train
dataset/train/bedlington_terrier/01514.jpg,bedlington_terrier,10,train
dataset/train/bedlington_terrier/01247.jpg,bedlington_terrier,10,train
dataset/train/bedlington_terrier/00229.jpg,bedlington_terrier,10,train
dataset/train/bedlington_terrier/02531.jpg,bedlington_terrier,10,train
dataset/train/bedlington_terrier/02427.jpg,bedlington_terrier,10,train
dataset/train/bedlington_terrier/01736.jpg,bedlington_terrier,10,train
dataset/train/bedlington_terrier/01235.jpg,bedlington_terrier,10,train
dataset/train/bedlington_terrier/00201.jpg,bedlington_terrier,10,train
dataset/train/bedlington_terrier/01600.jpg,bedlington_terrier,10,train
dataset/train/bedlington_terrier/02420.jpg,bedlington_terrier,10,train
dataset/train/bedlington_terrier/00172.jpg,bedlington_terrier,10,train
dataset/train/bedlington_terrier/02192.jpg,bedlington_terrier,10,train
dataset/train/bedlington_terrier/01292.jpg,bedlington_terrier,10,train
dataset/train/bedlington_terrier/00024.jpg,bedlington_terrier,10,train
dataset/train/bedlington_terrier/01380.jpg,bedlington_terrier,10,train
dataset/train/bedlington_terrier/01108.jpg,bedlington_terrier,10,train
dataset/train/bedlington_terrier/01238.jpg,bedlington_terrier,10,train
dataset/train/bedlington_terrier/00126.jpg,bedlington_terrier,10,train
dataset/train/bedlington_terrier/01037.jpg,bedlington_terrier,10,train
dataset/train/bedlington_terrier/01818.jpg,bedlington_terrier,10,train
dataset/train/bedlington_terrier/02288.jpg,bedlington_terrier,10,train
dataset/train/bedlington_terrier/01306.jpg,bedlington_terrier,10,train
dataset/train/bedlington_terrier/01060.jpg,bedlington_terrier,10,train
dataset/train/bedlington_terrier/02616.jpg,bedlington_terrier,10,train
dataset/train/bedlington_terrier/01278.jpg,bedlington_terrier,10,train
dataset/train/bedlington_terrier/01201.jpg,bedlington_terrier,10,train
dataset/train/bedlington_terrier/02326.jpg,bedlington_terrier,10,train
dataset/train/bedlington_terrier/01659.jpg,bedlington_terrier,10,train
dataset/train/bedlington_terrier/01870.jpg,bedlington_terrier,10,train
dataset/train/bedlington_terrier/02306.jpg,bedlington_terrier,10,train
dataset/train/bedlington_terrier/01538.jpg,bedlington_terrier,10,train
dataset/train/bedlington_terrier/01963.jpg,bedlington_terrier,10,train
dataset/train/bedlington_terrier/01161.jpg,bedlington_terrier,10,train
dataset/train/bedlington_terrier/00185.jpg,bedlington_terrier,10,train
dataset/train/bedlington_terrier/01591.jpg,bedlington_terrier,10,train
dataset/train/bedlington_terrier/01764.jpg,bedlington_terrier,10,train
dataset/train/bedlington_terrier/02032.jpg,bedlington_terrier,10,train
dataset/train/bedlington_terrier/02335.jpg,bedlington_terrier,10,train
dataset/train/bedlington_terrier/00021.jpg,bedlington_terrier,10,train
dataset/train/bedlington_terrier/01915.jpg,bedlington_terrier,10,train
dataset/train/bedlington_terrier/01575.jpg,bedlington_terrier,10,train
dataset/train/bedlington_terrier/01030.jpg,bedlington_terrier,10,train
dataset/train/bedlington_terrier/01412.jpg,bedlington_terrier,10,train
dataset/train/bedlington_terrier/01249.jpg,bedlington_terrier,10,train
dataset/train/bedlington_terrier/01393.jpg,bedlington_terrier,10,train
dataset/train/bedlington_terrier/00252.jpg,bedlington_terrier,10,train
dataset/train/bedlington_terrier/01759.jpg,bedlington_terrier,10,train
dataset/train/bedlington_terrier/00160.jpg,bedlington_terrier,10,train
dataset/train/bedlington_terrier/02068.jpg,bedlington_terrier,10,train
dataset/train/bedlington_terrier/02585.jpg,bedlington_terrier,10,train
dataset/train/bedlington_terrier/00120.jpg,bedlington_terrier,10,val
dataset/train/bedlington_terrier/00239.jpg,bedlington_terrier,10,val
dataset/train/bedlington_terrier/01433.jpg,bedlington_terrier,10,val
dataset/train/bedlington_terrier/01129.jpg,bedlington_terrier,10,val
dataset/train/bedlington_terrier/02388.jpg,bedlington_terrier,10,val
dataset/train/bedlington_terrier/02294.jpg,bedlington_terrier,10,val
dataset/train/bedlington_terrier/01228.jpg,bedlington_terrier,10,val
dataset/train/bedlington_terrier/01980.jpg,bedlington_terrier,10,val
dataset/train/bedlington_terrier/01263.jpg,bedlington_terrier,10,val
dataset/train/bedlington_terrier/01630.jpg,bedlington_terrier,10,val
dataset/train/bedlington_terrier/02279.jpg,bedlington_terrier,10,val
dataset/train/bedlington_terrier/01022.jpg,bedlington_terrier,10,val
dataset/train/bedlington_terrier/01338.jpg,bedlington_terrier,10,val
dataset/train/bedlington_terrier/01226.jpg,bedlington_terrier,10,val
dataset/train/bedlington_terrier/01766.jpg,bedlington_terrier,10,val
dataset/train/bedlington_terrier/02488.jpg,bedlington_terrier,10,val
dataset/train/bedlington_terrier/01101.jpg,bedlington_terrier,10,val
dataset/train/bedlington_terrier/02343.jpg,bedlington_terrier,10,val
dataset/train/bedlington_terrier/02162.jpg,bedlington_terrier,10,val
dataset/train/bedlington_terrier/01428.jpg,bedlington_terrier,10,val
dataset/train/bernese_mountain_dog/03488.jpg,bernese_mountain_dog,11,train
dataset/train/bernese_mountain_dog/02360.jpg,bernese_mountain_dog,11,train
dataset/train/bernese_mountain_dog/01707.jpg,bernese_mountain_dog,11,train
dataset/train/bernese_mountain_dog/00265.jpg,bernese_mountain_dog,11,train
dataset/train/bernese_mountain_dog/01282.jpg,bernese_mountain_dog,11,train
dataset/train/bernese_mountain_dog/03278.jpg,bernese_mountain_dog,11,train
dataset/train/bernese_mountain_dog/03379.jpg,bernese_mountain_dog,11,train
dataset/train/bernese_mountain_dog/01747.jpg,bernese_mountain_dog,11,train
dataset/train/bernese_mountain_dog/03046.jpg,bernese_mountain_dog,11,train
dataset/train/bernese_mountain_dog/03140.jpg,bernese_mountain_dog,11,train
dataset/train/bernese_mountain_dog/02664.jpg,bernese_mountain_dog,11,train
dataset/train/bernese_mountain_dog/03382.jpg,bernese_mountain_dog,11,train
dataset/train/bernese_mountain_dog/00357.jpg,bernese_mountain_dog,11,train
dataset/train/bernese_mountain_dog/01417.jpg,bernese_mountain_dog,11,train
dataset/train/bernese_mountain_dog/03138.jpg,bernese_mountain_dog,11,train
dataset/train/bernese_mountain_dog/02902.jpg,bernese_mountain_dog,11,train
dataset/train/bernese_mountain_dog/03166.jpg,bernese_mountain_dog,11,train
dataset/train/bernese_mountain_dog/02567.jpg,bernese_mountain_dog,11,train
dataset/train/bernese_mountain_dog/01375.jpg,bernese_mountain_dog,11,train
dataset/train/bernese_mountain_dog/01317.jpg,bernese_mountain_dog,11,train
dataset/train/bernese_mountain_dog/02727.jpg,bernese_mountain_dog,11,train
dataset/train/bernese_mountain_dog/00160.jpg,bernese_mountain_dog,11,train
dataset/train/bernese_mountain_dog/01255.jpg,bernese_mountain_dog,11,train
dataset/train/bernese_mountain_dog/00034.jpg,bernese_mountain_dog,11,train
dataset/train/bernese_mountain_dog/03297.jpg,bernese_mountain_dog,11,train
dataset/train/bernese_mountain_dog/03478.jpg,bernese_mountain_dog,11,train
dataset/train/bernese_mountain_dog/02043.jpg,bernese_mountain_dog,11,train
dataset/train/bernese_mountain_dog/03034.jpg,bernese_mountain_dog,11,train
dataset/train/bernese_mountain_dog/01429.jpg,bernese_mountain_dog,11,train
dataset/train/bernese_mountain_dog/02535.jpg,bernese_mountain_dog,11,train
dataset/train/bernese_mountain_dog/02059.jpg,bernese_mountain_dog,11,train
dataset/train/bernese_mountain_dog/02758.jpg,bernese_mountain_dog,11,train
dataset/train/bernese_mountain_dog/03358.jpg,bernese_mountain_dog,11,train
dataset/train/bernese_mountain_dog/00257.jpg,bernese_mountain_dog,11,train
dataset/train/bernese_mountain_dog/01421.jpg,bernese_mountain_dog,11,train
dataset/train/bernese_mountain_dog/03908.jpg,bernese_mountain_dog,11,train
dataset/train/bernese_mountain_dog/02277.jpg,bernese_mountain_dog,11,train
dataset/train/bernese_mountain_dog/01071.jpg,bernese_mountain_dog,11,train
dataset/train/bernese_mountain_dog/03291.jpg,bernese_mountain_dog,11,train
dataset/train/bernese_mountain_dog/03351.jpg,bernese_mountain_dog,11,train
dataset/train/bernese_mountain_dog/03088.jpg,bernese_mountain_dog,11,train
dataset/train/bernese_mountain_dog/02913.jpg,bernese_mountain_dog,11,train
dataset/train/bernese_mountain_dog/01076.jpg,bernese_mountain_dog,11,train
dataset/train/bernese_mountain_dog/00275.jpg,bernese_mountain_dog,11,train
dataset/train/bernese_mountain_dog/03568.jpg,bernese_mountain_dog,11,train
dataset/train/bernese_mountain_dog/02771.jpg,bernese_mountain_dog,11,train
dataset/train/bernese_mountain_dog/03902.jpg,bernese_mountain_dog,11,train
dataset/train/bernese_mountain_dog/03797.jpg,bernese_mountain_dog,11,train
dataset/train/bernese_mountain_dog/03694.jpg,bernese_mountain_dog,11,train
dataset/train/bernese_mountain_dog/00342.jpg,bernese_mountain_dog,11,train
dataset/train/bernese_mountain_dog/02350.jpg,bernese_mountain_dog,11,train
dataset/train/bernese_mountain_dog/02036.jpg,bernese_mountain_dog,11,train
dataset/train/bernese_mountain_dog/01629.jpg,bernese_mountain_dog,11,train
dataset/train/bernese_mountain_dog/03828.jpg,bernese_mountain_dog,11,train
dataset/train/bernese_mountain_dog/00333.jpg,bernese_mountain_dog,11,train
dataset/train/bernese_mountain_dog/03900.jpg,bernese_mountain_dog,11,train
dataset/train/bernese_mountain_dog/02521.jpg,bernese_mountain_dog,11,train
dataset/train/bernese_mountain_dog/01244.jpg,bernese_mountain_dog,11,train
dataset/train/bernese_mountain_dog/00033.jpg,bernese_mountain_dog,11,train
dataset/train/bernese_mountain_dog/02705.jpg,bernese_mountain_dog,11,train
dataset/train/bernese_mountain_dog/02946.jpg,bernese_mountain_dog,11,train
dataset/train/bernese_mountain_dog/03659.jpg,bernese_mountain_dog,11,train
dataset/train/bernese_mountain_dog/02683.jpg,bernese_mountain_dog,11,train
dataset/train/bernese_mountain_dog/00381.jpg,bernese_mountain_dog,11,train
dataset/train/bernese_mountain_dog/02007.jpg,bernese_mountain_dog,11,train
dataset/train/bernese_mountain_dog/03204.jpg,bernese_mountain_dog,11,train
dataset/train/bernese_mountain_dog/02881.jpg,bernese_mountain_dog,11,train
dataset/train/bernese_mountain_dog/01175.jpg,bernese_mountain_dog,11,train
dataset/train/bernese_mountain_dog/00215.jpg,bernese_mountain_dog,11,train
dataset/train/bernese_mountain_dog/02878.jpg,bernese_mountain_dog,11,train
dataset/train/bernese_mountain_dog/01248.jpg,bernese_mountain_dog,11,train
dataset/train/bernese_mountain_dog/03406.jpg,bernese_mountain_dog,11,train
dataset/train/bernese_mountain_dog/03467.jpg,bernese_mountain_dog,11,train
dataset/train/bernese_mountain_dog/02312.jpg,bernese_mountain_dog,11,train
dataset/train/bernese_mountain_dog/02305.jpg,bernese_mountain_dog,11,train
dataset/train/bernese_mountain_dog/03655.jpg,bernese_mountain_dog,11,train
dataset/train/bernese_mountain_dog/02734.jpg,bernese_mountain_dog,11,train
dataset/train/bernese_mountain_dog/03817.jpg,bernese_mountain_dog,11,train
dataset/train/bernese_mountain_dog/01958.jpg,bernese_mountain_dog,11,train
dataset/train/bernese_mountain_dog/00241.jpg,bernese_mountain_dog,11,train
dataset/train/bernese_mountain_dog/01003.jpg,bernese_mountain_dog,11,val
dataset/train/bernese_mountain_dog/01542.jpg,bernese_mountain_dog,11,val
dataset/train/bernese_mountain_dog/03760.jpg,bernese_mountain_dog,11,val
dataset/train/bernese_mountain_dog/01468.jpg,bernese_mountain_dog,11,val
dataset/train/bernese_mountain_dog/03512.jpg,bernese_mountain_dog,11,val
dataset/train/bernese_mountain_dog/01737.jpg,bernese_mountain_dog,11,val
dataset/train/bernese_mountain_dog/01977.jpg,bernese_mountain_dog,11,val
dataset/train/bernese_mountain_dog/02137.jpg,bernese_mountain_dog,11,val
dataset/train/bernese_mountain_dog/01460.jpg,bernese_mountain_dog,11,val
dataset/train/bernese_mountain_dog/01781.jpg,bernese_mountain_dog,11,val
dataset/train/bernese_mountain_dog/02965.jpg,bernese_mountain_dog,11,val
dataset/train/bernese_mountain_dog/01412.jpg,bernese_mountain_dog,11,val
dataset/train/bernese_mountain_dog/01677.jpg,bernese_mountain_dog,11,val
dataset/train/bernese_mountain_dog/00020.jpg,bernese_mountain_dog,11,val
dataset/train/bernese_mountain_dog/01536.jpg,bernese_mountain_dog,11,val
dataset/train/bernese_mountain_dog/01224.jpg,bernese_mountain_dog,11,val
dataset/train/bernese_mountain_dog/01400.jpg,bernese_mountain_dog,11,val
dataset/train/bernese_mountain_dog/03609.jpg,bernese_mountain_dog,11,val
dataset/train/bernese_mountain_dog/02693.jpg,bernese_mountain_dog,11,val
dataset/train/bernese_mountain_dog/01752.jpg,bernese_mountain_dog,11,val
dataset/train/black_and_tan_coonhound/02333.jpg,black_and_tan_coonhound,12,train
dataset/train/black_and_tan_coonhound/02232.jpg,black_and_tan_coonhound,12,train
dataset/train/black_and_tan_coonhound/01962.jpg,black_and_tan_coonhound,12,train
dataset/train/black_and_tan_coonhound/02227.jpg,black_and_tan_coonhound,12,train
dataset/train/black_and_tan_coonhound/02282.jpg,black_and_tan_coonhound,12,train
dataset/train/black_and_tan_coonhound/02841.jpg,black_and_tan_coonhound,12,train
dataset/train/black_and_tan_coonhound/01951.jpg,black_and_tan_coonhound,12,train
dataset/train/black_and_tan_coonhound/02498.jpg,black_and_tan_coonhound,12,train
dataset/train/black_and_tan_coonhound/03412.jpg,black_and_tan_coonhound,12,train
dataset/train/black_and_tan_coonhound/00176.jpg,black_and_tan_coonhound,12,train
dataset/train/black_and_tan_coonhound/03183.jpg,black_and_tan_coonhound,12,train
dataset/train/black_and_tan_coonhound/02476.jpg,black_and_tan_coonhound,12,train
dataset/train/black_and_tan_coonhound/00019.jpg,black_and_tan_coonhound,12,train
dataset/train/black_and_tan_coonhound/03078.jpg,black_and_tan_coonhound,12,train
dataset/train/black_and_tan_coonhound/02417.jpg,black_and_tan_coonhound,12,train
dataset/train/black_and_tan_coonhound/02110.jpg,black_and_tan_coonhound,12,train
dataset/train/black_and_tan_coonhound/02962.jpg,black_and_tan_coonhound,12,train
dataset/train/black_and_tan_coonhound/03355.jpg,black_and_tan_coonhound,12,train
dataset/train/black_and_tan_coonhound/00314.jpg,black_and_tan_coonhound,12,train
dataset/train/black_and_tan_coonhound/00237.jpg,black_and_tan_coonhound,12,train
dataset/train/black_and_tan_coonhound/02478.jpg,black_and_tan_coonhound,12,train
dataset/train/black_and_tan_coonhound/02829.jpg,black_and_tan_coonhound,12,train
dataset/train/black_and_tan_coonhound/00192.jpg,black_and_tan_coonhound,12,train
dataset/train/black_and_tan_coonhound/01064.jpg,black_and_tan_coonhound,12,train
dataset/train/black_and_tan_coonhound/02337.jpg,black_and_tan_coonhound,12,train
dataset/train/black_and_tan_coonhound/03188.jpg,black_and_tan_coonhound,12,train
dataset/train/black_and_tan_coonhound/02921.jpg,black_and_tan_coonhound,12,train
dataset/train/black_and_tan_coonhound/00243.jpg,black_and_tan_coonhound,12,train
dataset/train/black_and_tan_coonhound/02684.jpg,black_and_tan_coonhound,12,train
dataset/train/black_and_tan_coonhound/02728.jpg,black_and_tan_coonhound,12,train
dataset/train/black_and_tan_coonhound/01680.jpg,black_and_tan_coonhound,12,train
dataset/train/black_and_tan_coonhound/01174.jpg,black_and_tan_coonhound,12,train
dataset/train/black_and_tan_coonhound/01681.jpg,black_and_tan_coonhound,12,train
dataset/train/black_and_tan_coonhound/03038.jpg,black_and_tan_coonhound,12,train
dataset/train/black_and_tan_coonhound/00222.jpg,black_and_tan_coonhound,12,train
dataset/train/black_and_tan_coonhound/02596.jpg,black_and_tan_coonhound,12,train
dataset/train/black_and_tan_coonhound/00256.jpg,black_and_tan_coonhound,12,train
dataset/train/black_and_tan_coonhound/01304.jpg,black_and_tan_coonhound,12,train
dataset/train/black_and_tan_coonhound/02025.jpg,black_and_tan_coonhound,12,train
dataset/train/black_and_tan_coonhound/01026.jpg,black_and_tan_coonhound,12,train
dataset/train/black_and_tan_coonhound/01021.jpg,black_and_tan_coonhound,12,train
dataset/train/black_and_tan_coonhound/03419.jpg,black_and_tan_coonhound,12,train
dataset/train/black_and_tan_coonhound/02574.jpg,black_and_tan_coonhound,12,train
dataset/train/black_and_tan_coonhound/00351.jpg,black_and_tan_coonhound,12,train
dataset/train/black_and_tan_coonhound/02021.jpg,black_and_tan_coonhound,12,train
dataset/train/black_and_tan_coonhound/00183.jpg,black_and_tan_coonhound,12,train
dataset/train/black_and_tan_coonhound/02270.jpg,black_and_tan_coonhound,12,train
dataset/train/black_and_tan_coonhound/01825.jpg,black_and_tan_coonhound,12,train
dataset/train/black_and_tan_coonhound/00185.jpg,black_and_tan_coonhound,12,train
dataset/train/black_and_tan_coonhound/00269.jpg,black_and_tan_coonhound,12,train
dataset/train/black_and_tan_coonhound/00353.jpg,black_and_tan_coonhound,12,train
dataset/train/black_and_tan_coonhound/03440.jpg,black_and_tan_coonhound,12,train
dataset/train/black_and_tan_coonhound/01245.jpg,black_and_tan_coonhound,12,train
dataset/train/black_and_tan_coonhound/01454.jpg,black_and_tan_coonhound,12,train
dataset/train/black_and_tan_coonhound/03443.jpg,black_and_tan_coonhound,12,train
dataset/train/black_and_tan_coonhound/01472.jpg,black_and_tan_coonhound,12,train
dataset/train/black_and_tan_coonhound/01744.jpg,black_and_tan_coonhound,12,train
dataset/train/black_and_tan_coonhound/02464.jpg,black_and_tan_coonhound,12,train
dataset/train/black_and_tan_coonhound/02903.jpg,black_and_tan_coonhound,12,train
dataset/train/black_and_tan_coonhound/00188.jpg,black_and_tan_coonhound,12,train
dataset/train/black_and_tan_coonhound/02753.jpg,black_and_tan_coonhound,12,train
dataset/train/black_and_tan_coonhound/00111.jpg,black_and_tan_coonhound,12,train
dataset/train/black_and_tan_coonhound/01735.jpg,black_and_tan_coonhound,12,train
dataset/train/black_and_tan_coonhound/02108.jpg,black_and_tan_coonhound,12,train
dataset/train/black_and_tan_coonhound/00141.jpg,black_and_tan_coonhound,12,train
dataset/train/black_and_tan_coonhound/03081.jpg,black_and_tan_coonhound,12,train
dataset/train/black_and_tan_coonhound/01758.jpg,black_and_tan_coonhound,12,train
dataset/train/black_and_tan_coonhound/03182.jpg,black_and_tan_coonhound,12,train
dataset/train/black_and_tan_coonhound/01967.jpg,black_and_tan_coonhound,12,train
dataset/train/black_and_tan_coonhound/02794.jpg,black_and_tan_coonhound,12,train
dataset/train/black_and_tan_coonhound/02032.jpg,black_and_tan_coonhound,12,train
dataset/train/black_and_tan_coonhound/01617.jpg,black_and_tan_coonhound,12,train
dataset/train/black_and_tan_coonhound/00302.jpg,black_and_tan_coonhound,12,train
dataset/train/black_and_tan_coonhound/02404.jpg,black_and_tan_coonhound,12,train
dataset/train/black_and_tan_coonhound/02106.jpg,black_and_tan_coonhound,12,train
dataset/train/black_and_tan_coonhound/01275.jpg,black_and_tan_coonhound,12,train
dataset/train/black_and_tan_coonhound/01793.jpg,black_and_tan_coonhound,12,train
dataset/train/black_and_tan_coonhound/02294.jpg,black_and_tan_coonhound,12,train
dataset/train/black_and_tan_coonhound/01668.jpg,black_and_tan_coonhound,12,train
dataset/train/black_and_tan_coonhound/03134.jpg,black_and_tan_coonhound,12,train
dataset/train/black_and_tan_coonhound/02934.jpg,black_and_tan_coonhound,12,val
dataset/train/black_and_tan_coonhound/03051.jpg,black_and_tan_coonhound,12,val
dataset/train/black_and_tan_coonhound/03191.jpg,black_and_tan_coonhound,12,val
dataset/train/black_and_tan_coonhound/01025.jpg,black_and_tan_coonhound,12,val
dataset/train/black_and_tan_coonhound/01629.jpg,black_and_tan_coonhound,12,val
dataset/train/black_and_tan_coonhound/03196.jpg,black_and_tan_coonhound,12,val
dataset/train/black_and_tan_coonhound/02935.jpg,black_and_tan_coonhound,12,val
dataset/train/black_and_tan_coonhound/01836.jpg,black_and_tan_coonhound,12,val
dataset/train/black_and_tan_coonhound/02801.jpg,black_and_tan_coonhound,12,val
dataset/train/black_and_tan_coonhound/02957.jpg,black_and_tan_coonhound,12,val
dataset/train/black_and_tan_coonhound/01151.jpg,black_and_tan_coonhound,12,val
dataset/train/black_and_tan_coonhound/03088.jpg,black_and_tan_coonhound,12,val
dataset/train/black_and_tan_coonhound/02174.jpg,black_and_tan_coonhound,12,val
dataset/train/black_and_tan_coonhound/02225.jpg,black_and_tan_coonhound,12,val
dataset/train/black_and_tan_coonhound/02542.jpg,black_and_tan_coonhound,12,val
dataset/train/black_and_tan_coonhound/03340.jpg,black_and_tan_coonhound,12,val
dataset/train/black_and_tan_coonhound/00324.jpg,black_and_tan_coonhound,12,val
dataset/train/black_and_tan_coonhound/01867.jpg,black_and_tan_coonhound,12,val
dataset/train/black_and_tan_coonhound/01842.jpg,black_and_tan_coonhound,12,val
dataset/train/black_and_tan_coonhound/01366.jpg,black_and_tan_coonhound,12,val
dataset/train/blenheim_spaniel/01342.jpg,blenheim_spaniel,13,train
dataset/train/blenheim_spaniel/00280.jpg,blenheim_spaniel,13,train
dataset/train/blenheim_spaniel/01091.jpg,blenheim_spaniel,13,train
dataset/train/blenheim_spaniel/02236.jpg,blenheim_spaniel,13,train
dataset/train/blenheim_spaniel/01511.jpg,blenheim_spaniel,13,train
dataset/train/blenheim_spaniel/01447.jpg,blenheim_spaniel,13,train
dataset/train/blenheim_spaniel/01733.jpg,blenheim_spaniel,13,train
dataset/train/blenheim_spaniel/02366.jpg,blenheim_spaniel,13,train
dataset/train/blenheim_spaniel/02805.jpg,blenheim_spaniel,13,train
dataset/train/blenheim_spaniel/02772.jpg,blenheim_spaniel,13,train
dataset/train/blenheim_spaniel/01908.jpg,blenheim_spaniel,13,train
dataset/train/blenheim_spaniel/00282.jpg,blenheim_spaniel,13,train
dataset/train/blenheim_spaniel/01023.jpg,blenheim_spaniel,13,train
dataset/train/blenheim_spaniel/02815.jpg,blenheim_spaniel,13,train
dataset/train/blenheim_spaniel/01952.jpg,blenheim_spaniel,13,train
dataset/train/blenheim_spaniel/02903.jpg,blenheim_spaniel,13,train
dataset/train/blenheim_spaniel/00003.jpg,blenheim_spaniel,13,train
dataset/train/blenheim_spaniel/00173.jpg,blenheim_spaniel,13,train
dataset/train/blenheim_spaniel/02891.jpg,blenheim_spaniel,13,train
dataset/train/blenheim_spaniel/02959.jpg,blenheim_spaniel,13,train
dataset/train/blenheim_spaniel/01993.jpg,blenheim_spaniel,13,train
dataset/train/blenheim_spaniel/01621.jpg,blenheim_spaniel,13,train
dataset/train/blenheim_spaniel/02931.jpg,blenheim_spaniel,13,train
dataset/train/blenheim_spaniel/02171.jpg,blenheim_spaniel,13,train
dataset/train/blenheim_spaniel/02498.jpg,blenheim_spaniel,13,train
dataset/train/blenheim_spaniel/02409.jpg,blenheim_spaniel,13,train
dataset/train/blenheim_spaniel/01605.jpg,blenheim_spaniel,13,train
dataset/train/blenheim_spaniel/00172.jpg,blenheim_spaniel,13,train
dataset/train/blenheim_spaniel/02970.jpg,blenheim_spaniel,13,train
dataset/train/blenheim_spaniel/01150.jpg,blenheim_spaniel,13,train
dataset/train/blenheim_spaniel/02173.jpg,blenheim_spaniel,13,train
dataset/train/blenheim_spaniel/00117.jpg,blenheim_spaniel,13,train
dataset/train/blenheim_spaniel/00020.jpg,blenheim_spaniel,13,train
dataset/train/blenheim_spaniel/03052.jpg,blenheim_spaniel,13,train
dataset/train/blenheim_spaniel/01674.jpg,blenheim_spaniel,13,train
dataset/train/blenheim_spaniel/01677.jpg,blenheim_spaniel,13,train
dataset/train/blenheim_spaniel/00303.jpg,blenheim_spaniel,13,train
dataset/train/blenheim_spaniel/01688.jpg,blenheim_spaniel,13,train
dataset/train/blenheim_spaniel/00127.jpg,blenheim_spaniel,13,train
dataset/train/blenheim_spaniel/01461.jpg,blenheim_spaniel,13,train
dataset/train/blenheim_spaniel/02621.jpg,blenheim_spaniel,13,train
dataset/train/blenheim_spaniel/01936.jpg,blenheim_spaniel,13,train
dataset/train/blenheim_spaniel/02069.jpg,blenheim_spaniel,13,train
dataset/train/blenheim_spaniel/01014.jpg,blenheim_spaniel,13,train
dataset/train/blenheim_spaniel/01246.jpg,blenheim_spaniel,13,train
dataset/train/blenheim_spaniel/02641.jpg,blenheim_spaniel,13,train
dataset/train/blenheim_spaniel/01847.jpg,blenheim_spaniel,13,train
dataset/train/blenheim_spaniel/00166.jpg,blenheim_spaniel,13,train
dataset/train/blenheim_spaniel/01747.jpg,blenheim_spaniel,13,train
dataset/train/blenheim_spaniel/02478.jpg,blenheim_spaniel,13,train
dataset/train/blenheim_spaniel/02725.jpg,blenheim_spaniel,13,train
dataset/train/blenheim_spaniel/01757.jpg,blenheim_spaniel,13,train
dataset/train/blenheim_spaniel/02932.jpg,blenheim_spaniel,13,train
dataset/train/blenheim_spaniel/02426.jpg,blenheim_spaniel,13,train
dataset/train/blenheim_spaniel/01959.jpg,blenheim_spaniel,13,train
dataset/train/blenheim_spaniel/01445.jpg,blenheim_spaniel,13,train
dataset/train/blenheim_spaniel/02871.jpg,blenheim_spaniel,13,train
dataset/train/blenheim_spaniel/00118.jpg,blenheim_spaniel,13,train
dataset/train/blenheim_spaniel/01590.jpg,blenheim_spaniel,13,train
dataset/train/blenheim_spaniel/01920.jpg,blenheim_spaniel,13,train
dataset/train/blenheim_spaniel/02613.jpg,blenheim_spaniel,13,train
dataset/train/blenheim_spaniel/02114.jpg,blenheim_spaniel,13,train
dataset/train/blenheim_spaniel/02955.jpg,blenheim_spaniel,13,train
dataset/train/blenheim_spaniel/02731.jpg,blenheim_spaniel,13,train
dataset/train/blenheim_spaniel/02813.jpg,blenheim_spaniel,13,train
dataset/train/blenheim_spaniel/01094.jpg,blenheim_spaniel,13,train
dataset/train/blenheim_spaniel/02430.jpg,blenheim_spaniel,13,train
dataset/train/blenheim_spaniel/01930.jpg,blenheim_spaniel,13,train
dataset/train/blenheim_spaniel/02347.jpg,blenheim_spaniel,13,train
dataset/train/blenheim_spaniel/02778.jpg,blenheim_spaniel,13,train
dataset/train/blenheim_spaniel/01825.jpg,blenheim_spaniel,13,train
dataset/train/blenheim_spaniel/02005.jpg,blenheim_spaniel,13,train
dataset/train/blenheim_spaniel/01845.jpg,blenheim_spaniel,13,train
dataset/train/blenheim_spaniel/01077.jpg,blenheim_spaniel,13,train
dataset/train/blenheim_spaniel/02252.jpg,blenheim_spaniel,13,train
dataset/train/blenheim_spaniel/01476.jpg,blenheim_spaniel,13,train
dataset/train/blenheim_spaniel/00296.jpg,blenheim_spaniel,13,train
dataset/train/blenheim_spaniel/01002.jpg,blenheim_spaniel,13,train
dataset/train/blenheim_spaniel/02155.jpg,blenheim_spaniel,13,train
dataset/train/blenheim_spaniel/01647.jpg,blenheim_spaniel,13,train
dataset/train/blenheim_spaniel/00136.jpg,blenheim_spaniel,13,val
dataset/train/blenheim_spaniel/01673.jpg,blenheim_spaniel,13,val
dataset/train/blenheim_spaniel/00023.jpg,blenheim_spaniel,13,val
dataset/train/blenheim_spaniel/01126.jpg,blenheim_spaniel,13,val
dataset/train/blenheim_spaniel/01586.jpg,blenheim_spaniel,13,val
dataset/train/blenheim_spaniel/01514.jpg,blenheim_spaniel,13,val
dataset/train/blenheim_spaniel/02404.jpg,blenheim_spaniel,13,val
dataset/train/blenheim_spaniel/02355.jpg,blenheim_spaniel,13,val
dataset/train/blenheim_spaniel/02834.jpg,blenheim_spaniel,13,val
dataset/train/blenheim_spaniel/02011.jpg,blenheim_spaniel,13,val
dataset/train/blenheim_spaniel/01234.jpg,blenheim_spaniel,13,val
dataset/train/blenheim_spaniel/01830.jpg,blenheim_spaniel,13,val
dataset/train/blenheim_spaniel/02160.jpg,blenheim_spaniel,13,val
dataset/train/blenheim_spaniel/01721.jpg,blenheim_spaniel,13,val
dataset/train/blenheim_spaniel/01182.jpg,blenheim_spaniel,13,val
dataset/train/blenheim_spaniel/02105.jpg,blenheim_spaniel,13,val
dataset/train/blenheim_spaniel/01368.jpg,blenheim_spaniel,13,val
dataset/train/blenheim_spaniel/02700.jpg,blenheim_spaniel,13,val
dataset/train/blenheim_spaniel/01535.jpg,blenheim_spaniel,13,val
dataset/train/blenheim_spaniel/02873.jpg,blenheim_spaniel,13,val
dataset/train/bloodhound/05832.jpg,bloodhound,14,train
dataset/train/bloodhound/02862.jpg,bloodhound,14,train
dataset/train/bloodhound/04731.jpg,bloodhound,14,train
dataset/train/bloodhound/03333.jpg,bloodhound,14,train
dataset/train/bloodhound/06834.jpg,bloodhound,14,train
dataset/train/bloodhound/01015.jpg,bloodhound,14,train
dataset/train/bloodhound/10408.jpg,bloodhound,14,train
dataset/train/bloodhound/10904.jpg,bloodhound,14,train
dataset/train/bloodhound/04169.jpg,bloodhound,14,train
dataset/train/bloodhound/05212.jpg,bloodhound,14,train
dataset/train/bloodhound/06789.jpg,bloodhound,14,train
dataset/train/bloodhound/03634.jpg,bloodhound,14,train
dataset/train/bloodhound/07015.jpg,bloodhound,14,train
dataset/train/bloodhound/11936.jpg,bloodhound,14,train
dataset/train/bloodhound/03568.jpg,bloodhound,14,train
dataset/train/bloodhound/05521.jpg,bloodhound,14,train
dataset/train/bloodhound/05898.jpg,bloodhound,14,train
dataset/train/bloodhound/07434.jpg,bloodhound,14,train
dataset/train/bloodhound/12003.jpg,bloodhound,14,train
dataset/train/bloodhound/10083.jpg,bloodhound,14,train
dataset/train/bloodhound/10331.jpg,bloodhound,14,train
dataset/train/bloodhound/11827.jpg,bloodhound,14,train
dataset/train/bloodhound/07167.jpg,bloodhound,14,train
dataset/train/bloodhound/07344.jpg,bloodhound,14,train
dataset/train/bloodhound/06532.jpg,bloodhound,14,train
dataset/train/bloodhound/07244.jpg,bloodhound,14,train
dataset/train/bloodhound/01555.jpg,bloodhound,14,train
dataset/train/bloodhound/01503.jpg,bloodhound,14,train
dataset/train/bloodhound/04825.jpg,bloodhound,14,train
dataset/train/bloodhound/07091.jpg,bloodhound,14,train
dataset/train/bloodhound/10724.jpg,bloodhound,14,train
dataset/train/bloodhound/04054.jpg,bloodhound,14,train
dataset/train/bloodhound/12353.jpg,bloodhound,14,train
dataset/train/bloodhound/06160.jpg,bloodhound,14,train
dataset/train/bloodhound/10773.jpg,bloodhound,14,train
dataset/train/bloodhound/07191.jpg,bloodhound,14,train
dataset/train/bloodhound/03448.jpg,bloodhound,14,train
dataset/train/bloodhound/01563.jpg,bloodhound,14,train
dataset/train/bloodhound/06623.jpg,bloodhound,14,train
dataset/train/bloodhound/04385.jpg,bloodhound,14,train
dataset/train/bloodhound/04178.jpg,bloodhound,14,train
dataset/train/bloodhound/07162.jpg,bloodhound,14,train
dataset/train/bloodhound/07234.jpg,bloodhound,14,train
dataset/train/bloodhound/06231.jpg,bloodhound,14,train
dataset/train/bloodhound/06963.jpg,bloodhound,14,train
dataset/train/bloodhound/04749.jpg,bloodhound,14,train
dataset/train/bloodhound/07004.jpg,bloodhound,14,train
dataset/train/bloodhound/07230.jpg,bloodhound,14,train
dataset/train/bloodhound/04445.jpg,bloodhound,14,train
dataset/train/bloodhound/02986.jpg,bloodhound,14,train
dataset/train/bloodhound/02908.jpg,bloodhound,14,train
dataset/train/bloodhound/06984.jpg,bloodhound,14,train
dataset/train/bloodhound/07121.jpg,bloodhound,14,train
dataset/train/bloodhound/12388.jpg,bloodhound,14,train
dataset/train/bloodhound/05784.jpg,bloodhound,14,train
dataset/train/bloodhound/07178.jpg,bloodhound,14,train
dataset/train/bloodhound/06775.jpg,bloodhound,14,train
dataset/train/bloodhound/10506.jpg,bloodhound,14,train
dataset/train/bloodhound/07229.jpg,bloodhound,14,train
dataset/train/bloodhound/07269.jpg,bloodhound,14,train
dataset/train/bloodhound/07429.jpg,bloodhound,14,train
dataset/train/bloodhound/05432.jpg,bloodhound,14,train
dataset/train/bloodhound/03096.jpg,bloodhound,14,train
dataset/train/bloodhound/01983.jpg,bloodhound,14,train
dataset/train/bloodhound/03217.jpg,bloodhound,14,train
dataset/train/bloodhound/07417.jpg,bloodhound,14,train
dataset/train/bloodhound/06126.jpg,bloodhound,14,train
dataset/train/bloodhound/02332.jpg,bloodhound,14,train
dataset/train/bloodhound/02030.jpg,bloodhound,14,train
dataset/train/bloodhound/07002.jpg,bloodhound,14,train
dataset/train/bloodhound/07048.jpg,bloodhound,14,train
dataset/train/bloodhound/02934.jpg,bloodhound,14,train
dataset/train/bloodhound/10545.jpg,bloodhound,14,train
dataset/train/bloodhound/06974.jpg,bloodhound,14,train
dataset/train/bloodhound/06901.jpg,bloodhound,14,train
dataset/train/bloodhound/07046.jpg,bloodhound,14,train
dataset/train/bloodhound/01671.jpg,bloodhound,14,train
dataset/train/bloodhound/01473.jpg,bloodhound,14,train
dataset/train/bloodhound/10309.jpg,bloodhound,14,train
dataset/train/bloodhound/07007.jpg,bloodhound,14,train
dataset/train/bloodhound/03184.jpg,bloodhound,14,val
dataset/train/bloodhound/04907.jpg,bloodhound,14,val
dataset/train/bloodhound/01262.jpg,bloodhound,14,val
dataset/train/bloodhound/00654.jpg,bloodhound,14,val
dataset/train/bloodhound/07195.jpg,bloodhound,14,val
dataset/train/bloodhound/11398.jpg,bloodhound,14,val
dataset/train/bloodhound/05131.jpg,bloodhound,14,val
dataset/train/bloodhound/05025.jpg,bloodhound,14,val
dataset/train/bloodhound/07421.jpg,bloodhound,14,val
dataset/train/bloodhound/11903.jpg,bloodhound,14,val
dataset/train/bloodhound/06096.jpg,bloodhound,14,val
dataset/train/bloodhound/06413.jpg,bloodhound,14,val
dataset/train/bloodhound/07032.jpg,bloodhound,14,val
dataset/train/bloodhound/07409.jpg,bloodhound,14,val
dataset/train/bloodhound/11623.jpg,bloodhound,14,val
dataset/train/bloodhound/03032.jpg,bloodhound,14,val
dataset/train/bloodhound/06712.jpg,bloodhound,14,val
dataset/train/bloodhound/06972.jpg,bloodhound,14,val
dataset/train/bloodhound/10831.jpg,bloodhound,14,val
dataset/train/bloodhound/10335.jpg,bloodhound,14,val
dataset/train/bluetick/03049.jpg,bluetick,15,train
dataset/train/bluetick/02837.jpg,bluetick,15,train
dataset/train/bluetick/00291.jpg,bluetick,15,train
dataset/train/bluetick/00140.jpg,bluetick,15,train
dataset/train/bluetick/00152.jpg,bluetick,15,train
dataset/train/bluetick/02439.jpg,bluetick,15,train
dataset/train/bluetick/03346.jpg,bluetick,15,train
dataset/train/bluetick/00349.jpg,bluetick,15,train
dataset/train/bluetick/02751.jpg,bluetick,15,train
dataset/train/bluetick/02743.jpg,bluetick,15,train
dataset/train/bluetick/02454.jpg,bluetick,15,train
dataset/train/bluetick/02099.jpg,bluetick,15,train
dataset/train/bluetick/00353.jpg,bluetick,15,train
dataset/train/bluetick/03046.jpg,bluetick,15,train
dataset/train/bluetick/01499.jpg,bluetick,15,train
dataset/train/bluetick/02364.jpg,bluetick,15,train
dataset/train/bluetick/02174.jpg,bluetick,15,train
dataset/train/bluetick/03362.jpg,bluetick,15,train
dataset/train/bluetick/02964.jpg,bluetick,15,train
dataset/train/bluetick/02253.jpg,bluetick,15,train
dataset/train/bluetick/01176.jpg,bluetick,15,train
dataset/train/bluetick/00336.jpg,bluetick,15,train
dataset/train/bluetick/00108.jpg,bluetick,15,train
dataset/train/bluetick/02526.jpg,bluetick,15,train
dataset/train/bluetick/01704.jpg,bluetick,15,train
dataset/train/bluetick/01376.jpg,bluetick,15,train
dataset/train/bluetick/02298.jpg,bluetick,15,train
dataset/train/bluetick/01541.jpg,bluetick,15,train
dataset/train/bluetick/02060.jpg,bluetick,15,train
dataset/train/bluetick/02805.jpg,bluetick,15,train
dataset/train/bluetick/03001.jpg,bluetick,15,train
dataset/train/bluetick/02321.jpg,bluetick,15,train
dataset/train/bluetick/02891.jpg,bluetick,15,train
dataset/train/bluetick/01126.jpg,bluetick,15,train
dataset/train/bluetick/00175.jpg,bluetick,15,train
dataset/train/bluetick/01367.jpg,bluetick,15,train
dataset/train/bluetick/02870.jpg,bluetick,15,train
dataset/train/bluetick/00301.jpg,bluetick,15,train
dataset/train/bluetick/01047.jpg,bluetick,15,train
dataset/train/bluetick/01209.jpg,bluetick,15,train
dataset/train/bluetick/01236.jpg,bluetick,15,train
dataset/train/bluetick/01576.jpg,bluetick,15,train
dataset/train/bluetick/01312.jpg,bluetick,15,train
dataset/train/bluetick/02162.jpg,bluetick,15,train
dataset/train/bluetick/02169.jpg,bluetick,15,train
dataset/train/bluetick/03545.jpg,bluetick,15,train
dataset/train/bluetick/02709.jpg,bluetick,15,train
dataset/train/bluetick/02661.jpg,bluetick,15,train
dataset/train/bluetick/02764.jpg,bluetick,15,train
dataset/train/bluetick/01077.jpg,bluetick,15,train
dataset/train/bluetick/00171.jpg,bluetick,15,train
dataset/train/bluetick/00255.jpg,bluetick,15,train
dataset/train/bluetick/01636.jpg,bluetick,15,train
dataset/train/bluetick/03478.jpg,bluetick,15,train
dataset/train/bluetick/02039.jpg,bluetick,15,train
dataset/train/bluetick/01108.jpg,bluetick,15,train
dataset/train/bluetick/03433.jpg,bluetick,15,train
dataset/train/bluetick/02207.jpg,bluetick,15,train
dataset/train/bluetick/02155.jpg,bluetick,15,train
dataset/train/bluetick/02055.jpg,bluetick,15,train
dataset/train/bluetick/01219.jpg,bluetick,15,train
dataset/train/bluetick/02507.jpg,bluetick,15,train
dataset/train/bluetick/00260.jpg,bluetick,15,train
dataset/train/bluetick/03640.jpg,bluetick,15,train
dataset/train/bluetick/02904.jpg,bluetick,15,train
dataset/train/bluetick/03318.jpg,bluetick,15,train
dataset/train/bluetick/00190.jpg,bluetick,15,train
dataset/train/bluetick/02145.jpg,bluetick,15,train
dataset/train/bluetick/02965.jpg,bluetick,15,train
dataset/train/bluetick/02736.jpg,bluetick,15,train
dataset/train/bluetick/01073.jpg,bluetick,15,train
dataset/train/bluetick/03585.jpg,bluetick,15,train
dataset/train/bluetick/00028.jpg,bluetick,15,train
dataset/train/bluetick/01750.jpg,bluetick,15,train
dataset/train/bluetick/01745.jpg,bluetick,15,train
dataset/train/bluetick/01592.jpg,bluetick,15,train
dataset/train/bluetick/03309.jpg,bluetick,15,train
dataset/train/bluetick/01391.jpg,bluetick,15,train
dataset/train/bluetick/01145.jpg,bluetick,15,train
dataset/train/bluetick/00109.jpg,bluetick,15,train
dataset/train/bluetick/01277.jpg,bluetick,15,val
dataset/train/bluetick/01765.jpg,bluetick,15,val
dataset/train/bluetick/01463.jpg,bluetick,15,val
dataset/train/bluetick/00205.jpg,bluetick,15,val
dataset/train/bluetick/03531.jpg,bluetick,15,val
dataset/train/bluetick/01274.jpg,bluetick,15,val
dataset/train/bluetick/02209.jpg,bluetick,15,val
dataset/train/bluetick/01173.jpg,bluetick,15,val
dataset/train/bluetick/00101.jpg,bluetick,15,val
dataset/train/bluetick/02521.jpg,bluetick,15,val
dataset/train/bluetick/02149.jpg,bluetick,15,val
dataset/train/bluetick/03230.jpg,bluetick,15,val
dataset/train/bluetick/02239.jpg,bluetick,15,val
dataset/train/bluetick/01831.jpg,bluetick,15,val
dataset/train/bluetick/01625.jpg,bluetick,15,val
dataset/train/bluetick/02867.jpg,bluetick,15,val
dataset/train/bluetick/03404.jpg,bluetick,15,val
dataset/train/bluetick/02931.jpg,bluetick,15,val
dataset/train/bluetick/01118.jpg,bluetick,15,val
dataset/train/bluetick/02165.jpg,bluetick,15,val
dataset/train/border_collie/01284.jpg,border_collie,16,train
dataset/train/border_collie/01032.jpg,border_collie,16,train
dataset/train/border_collie/01845.jpg,border_collie,16,train
dataset/train/border_collie/02477.jpg,border_collie,16,train
dataset/train/border_collie/02660.jpg,border_collie,16,train
dataset/train/border_collie/03882.jpg,border_collie,16,train
dataset/train/border_collie/04733.jpg,border_collie,16,train
dataset/train/border_collie/02072.jpg,border_collie,16,train
dataset/train/border_collie/01854.jpg,border_collie,16,train
dataset/train/border_collie/00026.jpg,border_collie,16,train
dataset/train/border_collie/02111.jpg,border_collie,16,train
dataset/train/border_collie/00416.jpg,border_collie,16,train
dataset/train/border_collie/00470.jpg,border_collie,16,train
dataset/train/border_collie/02596.jpg,border_collie,16,train
dataset/train/border_collie/02595.jpg,border_collie,16,train
dataset/train/border_collie/01874.jpg,border_collie,16,train
dataset/train/border_collie/01705.jpg,border_collie,16,train
dataset/train/border_collie/04107.jpg,border_collie,16,train
dataset/train/border_collie/02996.jpg,border_collie,16,train
dataset/train/border_collie/00476.jpg,border_collie,16,train
dataset/train/border_collie/04412.jpg,border_collie,16,train
dataset/train/border_collie/03429.jpg,border_collie,16,train
dataset/train/border_collie/03447.jpg,border_collie,16,train
dataset/train/border_collie/01754.jpg,border_collie,16,train
dataset/train/border_collie/03033.jpg,border_collie,16,train
dataset/train/border_collie/03019.jpg,border_collie,16,train
dataset/train/border_collie/04966.jpg,border_collie,16,train
dataset/train/border_collie/01429.jpg,border_collie,16,train
dataset/train/border_collie/01975.jpg,border_collie,16,train
dataset/train/border_collie/01205.jpg,border_collie,16,train
dataset/train/border_collie/03473.jpg,border_collie,16,train
dataset/train/border_collie/01539.jpg,border_collie,16,train
dataset/train/border_collie/01796.jpg,border_collie,16,train
dataset/train/border_collie/02006.jpg,border_collie,16,train
dataset/train/border_collie/00152.jpg,border_collie,16,train
dataset/train/border_collie/04625.jpg,border_collie,16,train
dataset/train/border_collie/01983.jpg,border_collie,16,train
dataset/train/border_collie/01776.jpg,border_collie,16,train
dataset/train/border_collie/02837.jpg,border_collie,16,train
dataset/train/border_collie/01460.jpg,border_collie,16,train
dataset/train/border_collie/03865.jpg,border_collie,16,train
dataset/train/border_collie/00346.jpg,border_collie,16,train
dataset/train/border_collie/00402.jpg,border_collie,16,train
dataset/train/border_collie/02345.jpg,border_collie,16,train
dataset/train/border_collie/03515.jpg,border_collie,16,train
dataset/train/border_collie/01236.jpg,border_collie,16,train
dataset/train/border_collie/00459.jpg,border_collie,16,train
dataset/train/border_collie/02458.jpg,border_collie,16,train
dataset/train/border_collie/01684.jpg,border_collie,16,train
dataset/train/border_collie/01056.jpg,border_collie,16,train
dataset/train/border_collie/02685.jpg,border_collie,16,train
dataset/train/border_collie/03416.jpg,border_collie,16,train
dataset/train/border_collie/04957.jpg,border_collie,16,train
dataset/train/border_collie/02198.jpg,border_collie,16,train
dataset/train/border_collie/00324.jpg,border_collie,16,train
dataset/train/border_collie/04450.jpg,border_collie,16,train
dataset/train/border_collie/01663.jpg,border_collie,16,train
dataset/train/border_collie/01204.jpg,border_collie,16,train
dataset/train/border_collie/01674.jpg,border_collie,16,train
dataset/train/border_collie/01506.jpg,border_collie,16,train
dataset/train/border_collie/01822.jpg,border_collie,16,train
dataset/train/border_collie/00331.jpg,border_collie,16,train
dataset/train/border_collie/02419.jpg,border_collie,16,train
dataset/train/border_collie/04753.jpg,border_collie,16,train
dataset/train/border_collie/02961.jpg,border_collie,16,train
dataset/train/border_collie/03996.jpg,border_collie,16,train
dataset/train/border_collie/01244.jpg,border_collie,16,train
dataset/train/border_collie/00355.jpg,border_collie,16,train
dataset/train/border_collie/01936.jpg,border_collie,16,train
dataset/train/border_collie/00340.jpg,border_collie,16,train
dataset/train/border_collie/01729.jpg,border_collie,16,train
dataset/train/border_collie/03850.jpg,border_collie,16,train
dataset/train/border_collie/01990.jpg,border_collie,16,train
dataset/train/border_collie/03253.jpg,border_collie,16,train
dataset/train/border_collie/01031.jpg,border_collie,16,train
dataset/train/border_collie/01637.jpg,border_collie,16,train
dataset/train/border_collie/00117.jpg,border_collie,16,train
dataset/train/border_collie/01842.jpg,border_collie,16,train
dataset/train/border_collie/00361.jpg,border_collie,16,train
dataset/train/border_collie/01452.jpg,border_collie,16,train
dataset/train/border_collie/03296.jpg,border_collie,16,val
dataset/train/border_collie/02186.jpg,border_collie,16,val
dataset/train/border_collie/03395.jpg,border_collie,16,val
dataset/train/border_collie/03434.jpg,border_collie,16,val
dataset/train/border_collie/00204.jpg,border_collie,16,val
dataset/train/border_collie/00401.jpg,border_collie,16,val
dataset/train/border_collie/01426.jpg,border_collie,16,val
dataset/train/border_collie/00180.jpg,border_collie,16,val
dataset/train/border_collie/00135.jpg,border_collie,16,val
dataset/train/border_collie/01055.jpg,border_collie,16,val
dataset/train/border_collie/00018.jpg,border_collie,16,val
dataset/train/border_collie/02000.jpg,border_collie,16,val
dataset/train/border_collie/00321.jpg,border_collie,16,val
dataset/train/border_collie/01246.jpg,border_collie,16,val
dataset/train/border_collie/00243.jpg,border_collie,16,val
dataset/train/border_collie/02043.jpg,border_collie,16,val
dataset/train/border_collie/01133.jpg,border_collie,16,val
dataset/train/border_collie/01311.jpg,border_collie,16,val
dataset/train/border_collie/01128.jpg,border_collie,16,val
dataset/train/border_collie/01059.jpg,border_collie,16,val
dataset/train/border_terrier/02207.jpg,border_terrier,17,train
dataset/train/border_terrier/04418.jpg,border_terrier,17,train
dataset/train/border_terrier/01148.jpg,border_terrier,17,train
dataset/train/border_terrier/01111.jpg,border_terrier,17,train
dataset/train/border_terrier/00175.jpg,border_terrier,17,train
dataset/train/border_terrier/00367.jpg,border_terrier,17,train
dataset/train/border_terrier/00123.jpg,border_terrier,17,train
dataset/train/border_terrier/01652.jpg,border_terrier,17,train
dataset/train/border_terrier/00180.jpg,border_terrier,17,train
dataset/train/border_terrier/00234.jpg,border_terrier,17,train
dataset/train/border_terrier/04730.jpg,border_terrier,17,train
dataset/train/border_terrier/05342.jpg,border_terrier,17,train
dataset/train/border_terrier/02887.jpg,border_terrier,17,train
dataset/train/border_terrier/05404.jpg,border_terrier,17,train
dataset/train/border_terrier/00476.jpg,border_terrier,17,train
dataset/train/border_terrier/04868.jpg,border_terrier,17,train
dataset/train/border_terrier/03442.jpg,border_terrier,17,train
dataset/train/border_terrier/00115.jpg,border_terrier,17,train
dataset/train/border_terrier/01422.jpg,border_terrier,17,train
dataset/train/border_terrier/04374.jpg,border_terrier,17,train
dataset/train/border_terrier/01557.jpg,border_terrier,17,train
dataset/train/border_terrier/04448.jpg,border_terrier,17,train
dataset/train/border_terrier/03339.jpg,border_terrier,17,train
dataset/train/border_terrier/01895.jpg,border_terrier,17,train
dataset/train/border_terrier/05170.jpg,border_terrier,17,train
dataset/train/border_terrier/03888.jpg,border_terrier,17,train
dataset/train/border_terrier/03749.jpg,border_terrier,17,train
dataset/train/border_terrier/05192.jpg,border_terrier,17,train
dataset/train/border_terrier/01310.jpg,border_terrier,17,train
dataset/train/border_terrier/04043.jpg,border_terrier,17,train
dataset/train/border_terrier/01460.jpg,border_terrier,17,train
dataset/train/border_terrier/02123.jpg,border_terrier,17,train
dataset/train/border_terrier/04110.jpg,border_terrier,17,train
dataset/train/border_terrier/05261.jpg,border_terrier,17,train
dataset/train/border_terrier/02799.jpg,border_terrier,17,train
dataset/train/border_terrier/02276.jpg,border_terrier,17,train
dataset/train/border_terrier/04669.jpg,border_terrier,17,train
dataset/train/border_terrier/01464.jpg,border_terrier,17,train
dataset/train/border_terrier/05175.jpg,border_terrier,17,train
dataset/train/border_terrier/04213.jpg,border_terrier,17,train
dataset/train/border_terrier/02453.jpg,border_terrier,17,train
dataset/train/border_terrier/04072.jpg,border_terrier,17,train
dataset/train/border_terrier/05190.jpg,border_terrier,17,train
dataset/train/border_terrier/02742.jpg,border_terrier,17,train
dataset/train/border_terrier/01247.jpg,border_terrier,17,train
dataset/train/border_terrier/05315.jpg,border_terrier,17,train
dataset/train/border_terrier/04582.jpg,border_terrier,17,train
dataset/train/border_terrier/01256.jpg,border_terrier,17,train
dataset/train/border_terrier/01861.jpg,border_terrier,17,train
dataset/train/border_terrier/04949.jpg,border_terrier,17,train
dataset/train/border_terrier/04879.jpg,border_terrier,17,train
dataset/train/border_terrier/04452.jpg,border_terrier,17,train
dataset/train/border_terrier/00521.jpg,border_terrier,17,train
dataset/train/border_terrier/04697.jpg,border_terrier,17,train
dataset/train/border_terrier/00329.jpg,border_terrier,17,train
dataset/train/border_terrier/02457.jpg,border_terrier,17,train
dataset/train/border_terrier/00218.jpg,border_terrier,17,train
dataset/train/border_terrier/04721.jpg,border_terrier,17,train
dataset/train/border_terrier/05391.jpg,border_terrier,17,train
dataset/train/border_terrier/03176.jpg,border_terrier,17,train
dataset/train/border_terrier/02959.jpg,border_terrier,17,train
dataset/train/border_terrier/02189.jpg,border_terrier,17,train
dataset/train/border_terrier/02847.jpg,border_terrier,17,train
dataset/train/border_terrier/02801.jpg,border_terrier,17,train
dataset/train/border_terrier/01283.jpg,border_terrier,17,train
dataset/train/border_terrier/04859.jpg,border_terrier,17,train
dataset/train/border_terrier/04332.jpg,border_terrier,17,train
dataset/train/border_terrier/04354.jpg,border_terrier,17,train
dataset/train/border_terrier/05195.jpg,border_terrier,17,train
dataset/train/border_terrier/03634.jpg,border_terrier,17,train
dataset/train/border_terrier/05238.jpg,border_terrier,17,train
dataset/train/border_terrier/01845.jpg,border_terrier,17,train
dataset/train/border_terrier/00186.jpg,border_terrier,17,train
dataset/train/border_terrier/01329.jpg,border_terrier,17,train
dataset/train/border_terrier/05029.jpg,border_terrier,17,train
dataset/train/border_terrier/04271.jpg,border_terrier,17,train
dataset/train/border_terrier/00373.jpg,border_terrier,17,train
dataset/train/border_terrier/05260.jpg,border_terrier,17,train
dataset/train/border_terrier/02687.jpg,border_terrier,17,train
dataset/train/border_terrier/01062.jpg,border_terrier,17,train
dataset/train/border_terrier/05297.jpg,border_terrier,17,val
dataset/train/border_terrier/02281.jpg,border_terrier,17,val
dataset/train/border_terrier/05266.jpg,border_terrier,17,val
dataset/train/border_terrier/03113.jpg,border_terrier,17,val
dataset/train/border_terrier/05038.jpg,border_terrier,17,val
dataset/train/border_terrier/01102.jpg,border_terrier,17,val
dataset/train/border_terrier/03152.jpg,border_terrier,17,val
dataset/train/border_terrier/01833.jpg,border_terrier,17,val
dataset/train/border_terrier/00051.jpg,border_terrier,17,val
dataset/train/border_terrier/01722.jpg,border_terrier,17,val
dataset/train/border_terrier/01100.jpg,border_terrier,17,val
dataset/train/border_terrier/03725.jpg,border_terrier,17,val
dataset/train/border_terrier/01954.jpg,border_terrier,17,val
dataset/train/border_terrier/03428.jpg,border_terrier,17,val
dataset/train/border_terrier/01536.jpg,border_terrier,17,val
dataset/train/border_terrier/05037.jpg,border_terrier,17,val
dataset/train/border_terrier/05298.jpg,border_terrier,17,val
dataset/train/border_terrier/04564.jpg,border_terrier,17,val
dataset/train/border_terrier/02425.jpg,border_terrier,17,val
dataset/train/border_terrier/04285.jpg,border_terrier,17,val
dataset/train/borzoi/06777.jpg,borzoi,18,train
dataset/train/borzoi/02688.jpg,borzoi,18,train
dataset/train/borzoi/03156.jpg,borzoi,18,train
dataset/train/borzoi/05885.jpg,borzoi,18,train
dataset/train/borzoi/07100.jpg,borzoi,18,train
dataset/train/borzoi/00693.jpg,borzoi,18,train
dataset/train/borzoi/05556.jpg,borzoi,18,train
dataset/train/borzoi/06565.jpg,borzoi,18,train
dataset/train/borzoi/04552.jpg,borzoi,18,train
dataset/train/borzoi/05098.jpg,borzoi,18,train
dataset/train/borzoi/06080.jpg,borzoi,18,train
dataset/train/borzoi/00266.jpg,borzoi,18,train
dataset/train/borzoi/07351.jpg,borzoi,18,train
dataset/train/borzoi/05045.jpg,borzoi,18,train
dataset/train/borzoi/05211.jpg,borzoi,18,train
dataset/train/borzoi/10302.jpg,borzoi,18,train
dataset/train/borzoi/06449.jpg,borzoi,18,train
dataset/train/borzoi/00431.jpg,borzoi,18,train
dataset/train/borzoi/01253.jpg,borzoi,18,train
dataset/train/borzoi/01391.jpg,borzoi,18,train
dataset/train/borzoi/03300.jpg,borzoi,18,train
dataset/train/borzoi/06976.jpg,borzoi,18,train
dataset/train/borzoi/06851.jpg,borzoi,18,train
dataset/train/borzoi/06131.jpg,borzoi,18,train
dataset/train/borzoi/07409.jpg,borzoi,18,train
dataset/train/borzoi/06055.jpg,borzoi,18,train
dataset/train/borzoi/07602.jpg,borzoi,18,train
dataset/train/borzoi/07494.jpg,borzoi,18,train
dataset/train/borzoi/06713.jpg,borzoi,18,train
dataset/train/borzoi/03615.jpg,borzoi,18,train
dataset/train/borzoi/06979.jpg,borzoi,18,train
dataset/train/borzoi/07111.jpg,borzoi,18,train
dataset/train/borzoi/00585.jpg,borzoi,18,train
dataset/train/borzoi/04005.jpg,borzoi,18,train
dataset/train/borzoi/00391.jpg,borzoi,18,train
dataset/train/borzoi/03586.jpg,borzoi,18,train
dataset/train/borzoi/04103.jpg,borzoi,18,train
dataset/train/borzoi/06106.jpg,borzoi,18,train
dataset/train/borzoi/02337.jpg,borzoi,18,train
dataset/train/borzoi/06293.jpg,borzoi,18,train
dataset/train/borzoi/01047.jpg,borzoi,18,train
dataset/train/borzoi/04038.jpg,borzoi,18,train
dataset/train/borzoi/07142.jpg,borzoi,18,train
dataset/train/borzoi/02987.jpg,borzoi,18,train
dataset/train/borzoi/10492.jpg,borzoi,18,train
dataset/train/borzoi/05025.jpg,borzoi,18,train
dataset/train/borzoi/07135.jpg,borzoi,18,train
dataset/train/borzoi/01726.jpg,borzoi,18,train
dataset/train/borzoi/07292.jpg,borzoi,18,train
dataset/train/borzoi/02518.jpg,borzoi,18,train
dataset/train/borzoi/06566.jpg,borzoi,18,train
dataset/train/borzoi/02055.jpg,borzoi,18,train
dataset/train/borzoi/06771.jpg,borzoi,18,train
dataset/train/borzoi/07489.jpg,borzoi,18,train
dataset/train/borzoi/06408.jpg,borzoi,18,train
dataset/train/borzoi/01082.jpg,borzoi,18,train
dataset/train/borzoi/04797.jpg,borzoi,18,train
dataset/train/borzoi/02968.jpg,borzoi,18,train
dataset/train/borzoi/07069.jpg,borzoi,18,train
dataset/train/borzoi/03958.jpg,borzoi,18,train
dataset/train/borzoi/03210.jpg,borzoi,18,train
dataset/train/borzoi/06123.jpg,borzoi,18,train
dataset/train/borzoi/06588.jpg,borzoi,18,train
dataset/train/borzoi/06495.jpg,borzoi,18,train
dataset/train/borzoi/06026.jpg,borzoi,18,train
dataset/train/borzoi/05057.jpg,borzoi,18,train
dataset/train/borzoi/06303.jpg,borzoi,18,train
dataset/train/borzoi/06172.jpg,borzoi,18,train
dataset/train/borzoi/06894.jpg,borzoi,18,train
dataset/train/borzoi/07307.jpg,borzoi,18,train
dataset/train/borzoi/05956.jpg,borzoi,18,train
dataset/train/borzoi/03763.jpg,borzoi,18,train
dataset/train/borzoi/06372.jpg,borzoi,18,train
dataset/train/borzoi/05261.jpg,borzoi,18,train
dataset/train/borzoi/04527.jpg,borzoi,18,train
dataset/train/borzoi/06639.jpg,borzoi,18,train
dataset/train/borzoi/04394.jpg,borzoi,18,train
dataset/train/borzoi/06204.jpg,borzoi,18,train
dataset/train/borzoi/10343.jpg,borzoi,18,train
dataset/train/borzoi/10355.jpg,borzoi,18,train
dataset/train/borzoi/01786.jpg,borzoi,18,val
dataset/train/borzoi/05890.jpg,borzoi,18,val
dataset/train/borzoi/10619.jpg,borzoi,18,val
dataset/train/borzoi/05858.jpg,borzoi,18,val
dataset/train/borzoi/06094.jpg,borzoi,18,val
dataset/train/borzoi/05602.jpg,borzoi,18,val
dataset/train/borzoi/01842.jpg,borzoi,18,val
dataset/train/borzoi/06971.jpg,borzoi,18,val
dataset/train/borzoi/05775.jpg,borzoi,18,val
dataset/train/borzoi/07377.jpg,borzoi,18,val
dataset/train/borzoi/05524.jpg,borzoi,18,val
dataset/train/borzoi/07172.jpg,borzoi,18,val
dataset/train/borzoi/06443.jpg,borzoi,18,val
dataset/train/borzoi/07232.jpg,borzoi,18,val
dataset/train/borzoi/04873.jpg,borzoi,18,val
dataset/train/borzoi/06166.jpg,borzoi,18,val
dataset/train/borzoi/10607.jpg,borzoi,18,val
dataset/train/borzoi/01086.jpg,borzoi,18,val
dataset/train/borzoi/10281.jpg,borzoi,18,val
dataset/train/borzoi/07174.jpg,borzoi,18,val
dataset/train/boston_bull/00210.jpg,boston_bull,19,train
dataset/train/boston_bull/10596.jpg,boston_bull,19,train
dataset/train/boston_bull/11817.jpg,boston_bull,19,train
dataset/train/boston_bull/02108.jpg,boston_bull,19,train
dataset/train/boston_bull/00145.jpg,boston_bull,19,train
dataset/train/boston_bull/01692.jpg,boston_bull,19,train
dataset/train/boston_bull/02042.jpg,boston_bull,19,train
dataset/train/boston_bull/01207.jpg,boston_bull,19,train
dataset/train/boston_bull/01143.jpg,boston_bull,19,train
dataset/train/boston_bull/12825.jpg,boston_bull,19,train
dataset/train/boston_bull/01562.jpg,boston_bull,19,train
dataset/train/boston_bull/01775.jpg,boston_bull,19,train
dataset/train/boston_bull/01347.jpg,boston_bull,19,train
dataset/train/boston_bull/02098.jpg,boston_bull,19,train
dataset/train/boston_bull/01568.jpg,boston_bull,19,train
dataset/train/boston_bull/10452.jpg,boston_bull,19,train
dataset/train/boston_bull/01449.jpg,boston_bull,19,train
dataset/train/boston_bull/01450.jpg,boston_bull,19,train
dataset/train/boston_bull/12776.jpg,boston_bull,19,train
dataset/train/boston_bull/02379.jpg,boston_bull,19,train
dataset/train/boston_bull/02354.jpg,boston_bull,19,train
dataset/train/boston_bull/01295.jpg,boston_bull,19,train
dataset/train/boston_bull/12844.jpg,boston_bull,19,train
dataset/train/boston_bull/02493.jpg,boston_bull,19,train
dataset/train/boston_bull/02394.jpg,boston_bull,19,train
dataset/train/boston_bull/11476.jpg,boston_bull,19,train
dataset/train/boston_bull/00237.jpg,boston_bull,19,train
dataset/train/boston_bull/02725.jpg,boston_bull,19,train
dataset/train/boston_bull/02374.jpg,boston_bull,19,train
dataset/train/boston_bull/01924.jpg,boston_bull,19,train
dataset/train/boston_bull/02671.jpg,boston_bull,19,train
dataset/train/boston_bull/11614.jpg,boston_bull,19,train
dataset/train/boston_bull/01586.jpg,boston_bull,19,train
dataset/train/boston_bull/01963.jpg,boston_bull,19,train
dataset/train/boston_bull/12880.jpg,boston_bull,19,train
dataset/train/boston_bull/12362.jpg,boston_bull,19,train
dataset/train/boston_bull/01281.jpg,boston_bull,19,train
dataset/train/boston_bull/01947.jpg,boston_bull,19,train
dataset/train/boston_bull/02177.jpg,boston_bull,19,train
dataset/train/boston_bull/01525.jpg,boston_bull,19,train
dataset/train/boston_bull/01737.jpg,boston_bull,19,train
dataset/train/boston_bull/01532.jpg,boston_bull,19,train
dataset/train/boston_bull/12485.jpg,boston_bull,19,train
dataset/train/boston_bull/01403.jpg,boston_bull,19,train
dataset/train/boston_bull/01952.jpg,boston_bull,19,train
dataset/train/boston_bull/01307.jpg,boston_bull,19,train
dataset/train/boston_bull/12374.jpg,boston_bull,19,train
dataset/train/boston_bull/01970.jpg,boston_bull,19,train
dataset/train/boston_bull/11731.jpg,boston_bull,19,train
dataset/train/boston_bull/12464.jpg,boston_bull,19,train
dataset/train/boston_bull/10846.jpg,boston_bull,19,train
dataset/train/boston_bull/01668.jpg,boston_bull,19,train
dataset/train/boston_bull/02008.jpg,boston_bull,19,train
dataset/train/boston_bull/10823.jpg,boston_bull,19,train
dataset/train/boston_bull/01069.jpg,boston_bull,19,train
dataset/train/boston_bull/02431.jpg,boston_bull,19,train
dataset/train/boston_bull/02082.jpg,boston_bull,19,train
dataset/train/boston_bull/00169.jpg,boston_bull,19,train
dataset/train/boston_bull/10380.jpg,boston_bull,19,train
dataset/train/boston_bull/11427.jpg,boston_bull,19,train
dataset/train/boston_bull/02560.jpg,boston_bull,19,train
dataset/train/boston_bull/02727.jpg,boston_bull,19,train
dataset/train/boston_bull/11836.jpg,boston_bull,19,train
dataset/train/boston_bull/01179.jpg,boston_bull,19,train
dataset/train/boston_bull/01992.jpg,boston_bull,19,train
dataset/train/boston_bull/02696.jpg,boston_bull,19,train
dataset/train/boston_bull/01260.jpg,boston_bull,19,train
dataset/train/boston_bull/12168.jpg,boston_bull,19,train
dataset/train/boston_bull/11808.jpg,boston_bull,19,train
dataset/train/boston_bull/01559.jpg,boston_bull,19,train
dataset/train/boston_bull/02180.jpg,boston_bull,19,train
dataset/train/boston_bull/10604.jpg,boston_bull,19,train
dataset/train/boston_bull/01624.jpg,boston_bull,19,train
dataset/train/boston_bull/01976.jpg,boston_bull,19,train
dataset/train/boston_bull/11180.jpg,boston_bull,19,train
dataset/train/boston_bull/00019.jpg,boston_bull,19,train
dataset/train/boston_bull/02260.jpg,boston_bull,19,train
dataset/train/boston_bull/01761.jpg,boston_bull,19,train
dataset/train/boston_bull/01439.jpg,boston_bull,19,train
dataset/train/boston_bull/12372.jpg,boston_bull,19,train
dataset/train/boston_bull/11417.jpg,boston_bull,19,val
dataset/train/boston_bull/02450.jpg,boston_bull,19,val
dataset/train/boston_bull/10768.jpg,boston_bull,19,val
dataset/train/boston_bull/01572.jpg,boston_bull,19,val
dataset/train/boston_bull/12352.jpg,boston_bull,19,val
dataset/train/boston_bull/12716.jpg,boston_bull,19,val
dataset/train/boston_bull/01583.jpg,boston_bull,19,val
dataset/train/boston_bull/11776.jpg,boston_bull,19,val
dataset/train/boston_bull/02419.jpg,boston_bull,19,val
dataset/train/boston_bull/01753.jpg,boston_bull,19,val
dataset/train/boston_bull/01313.jpg,boston_bull,19,val
dataset/train/boston_bull/01756.jpg,boston_bull,19,val
dataset/train/boston_bull/01172.jpg,boston_bull,19,val
dataset/train/boston_bull/01645.jpg,boston_bull,19,val
dataset/train/boston_bull/10734.jpg,boston_bull,19,val
dataset/train/boston_bull/02513.jpg,boston_bull,19,val
dataset/train/boston_bull/01311.jpg,boston_bull,19,val
dataset/train/boston_bull/01856.jpg,boston_bull,19,val
dataset/train/boston_bull/02583.jpg,boston_bull,19,val
dataset/train/boston_bull/01571.jpg,boston_bull,19,val
dataset/train/bouvier_des_flandres/03124.jpg,bouvier_des_flandres,20,train
dataset/train/bouvier_des_flandres/01036.jpg,bouvier_des_flandres,20,train
dataset/train/bouvier_des_flandres/02456.jpg,bouvier_des_flandres,20,train
dataset/train/bouvier_des_flandres/02740.jpg,bouvier_des_flandres,20,train
dataset/train/bouvier_des_flandres/02676.jpg,bouvier_des_flandres,20,train
dataset/train/bouvier_des_flandres/02535.jpg,bouvier_des_flandres,20,train
dataset/train/bouvier_des_flandres/01828.jpg,bouvier_des_flandres,20,train
dataset/train/bouvier_des_flandres/01316.jpg,bouvier_des_flandres,20,train
dataset/train/bouvier_des_flandres/02365.jpg,bouvier_des_flandres,20,train
dataset/train/bouvier_des_flandres/01173.jpg,bouvier_des_flandres,20,train
dataset/train/bouvier_des_flandres/00241.jpg,bouvier_des_flandres,20,train
dataset/train/bouvier_des_flandres/02195.jpg,bouvier_des_flandres,20,train
dataset/train/bouvier_des_flandres/03770.jpg,bouvier_des_flandres,20,train
dataset/train/bouvier_des_flandres/02543.jpg,bouvier_des_flandres,20,train
dataset/train/bouvier_des_flandres/03425.jpg,bouvier_des_flandres,20,train
dataset/train/bouvier_des_flandres/03014.jpg,bouvier_des_flandres,20,train
dataset/train/bouvier_des_flandres/01381.jpg,bouvier_des_flandres,20,train
dataset/train/bouvier_des_flandres/02105.jpg,bouvier_des_flandres,20,train
dataset/train/bouvier_des_flandres/01598.jpg,bouvier_des_flandres,20,train
dataset/train/bouvier_des_flandres/01000.jpg,bouvier_des_flandres,20,train
dataset/train/bouvier_des_flandres/00108.jpg,bouvier_des_flandres,20,train
dataset/train/bouvier_des_flandres/03080.jpg,bouvier_des_flandres,20,train
dataset/train/bouvier_des_flandres/01048.jpg,bouvier_des_flandres,20,train
dataset/train/bouvier_des_flandres/01131.jpg,bouvier_des_flandres,20,train
dataset/train/bouvier_des_flandres/03803.jpg,bouvier_des_flandres,20,train
dataset/train/bouvier_des_flandres/02679.jpg,bouvier_des_flandres,20,train
dataset/train/bouvier_des_flandres/01399.jpg,bouvier_des_flandres,20,train
dataset/train/bouvier_des_flandres/03692.jpg,bouvier_des_flandres,20,train
dataset/train/bouvier_des_flandres/01633.jpg,bouvier_des_flandres,20,train
dataset/train/bouvier_des_flandres/02536.jpg,bouvier_des_flandres,20,train
dataset/train/bouvier_des_flandres/02417.jpg,bouvier_des_flandres,20,train
dataset/train/bouvier_des_flandres/04060.jpg,bouvier_des_flandres,20,train
dataset/train/bouvier_des_flandres/02012.jpg,bouvier_des_flandres,20,train
dataset/train/bouvier_des_flandres/02658.jpg,bouvier_des_flandres,20,train
dataset/train/bouvier_des_flandres/03048.jpg,bouvier_des_flandres,20,train
dataset/train/bouvier_des_flandres/01365.jpg,bouvier_des_flandres,20,train
dataset/train/bouvier_des_flandres/01454.jpg,bouvier_des_flandres,20,train
dataset/train/bouvier_des_flandres/01861.jpg,bouvier_des_flandres,20,train
dataset/train/bouvier_des_flandres/03704.jpg,bouvier_des_flandres,20,train
dataset/train/bouvier_des_flandres/01736.jpg,bouvier_des_flandres,20,train
dataset/train/bouvier_des_flandres/00112.jpg,bouvier_des_flandres,20,train
dataset/train/bouvier_des_flandres/01700.jpg,bouvier_des_flandres,20,train
dataset/train/bouvier_des_flandres/02401.jpg,bouvier_des_flandres,20,train
dataset/train/bouvier_des_flandres/02021.jpg,bouvier_des_flandres,20,train
dataset/train/bouvier_des_flandres/02715.jpg,bouvier_des_flandres,20,train
dataset/train/bouvier_des_flandres/02730.jpg,bouvier_des_flandres,20,train
dataset/train/bouvier_des_flandres/01486.jpg,bouvier_des_flandres,20,train
dataset/train/bouvier_des_flandres/00312.jpg,bouvier_des_flandres,20,train
dataset/train/bouvier_des_flandres/01123.jpg,bouvier_des_flandres,20,train
dataset/train/bouvier_des_flandres/00152.jpg,bouvier_des_flandres,20,train
dataset/train/bouvier_des_flandres/03437.jpg,bouvier_des_flandres,20,train
dataset/train/bouvier_des_flandres/01151.jpg,bouvier_des_flandres,20,train
dataset/train/bouvier_des_flandres/00117.jpg,bouvier_des_flandres,20,train
dataset/train/bouvier_des_flandres/01229.jpg,bouvier_des_flandres,20,train
dataset/train/bouvier_des_flandres/02533.jpg,bouvier_des_flandres,20,train
dataset/train/bouvier_des_flandres/01946.jpg,bouvier_des_flandres,20,train
dataset/train/bouvier_des_flandres/02087.jpg,bouvier_des_flandres,20,train
dataset/train/bouvier_des_flandres/00314.jpg,bouvier_des_flandres,20,train
dataset/train/bouvier_des_flandres/00276.jpg,bouvier_des_flandres,20,train
dataset/train/bouvier_des_flandres/01673.jpg,bouvier_des_flandres,20,train
dataset/train/bouvier_des_flandres/02322.jpg,bouvier_des_flandres,20,train
dataset/train/bouvier_des_flandres/02922.jpg,bouvier_des_flandres,20,train
dataset/train/bouvier_des_flandres/01925.jpg,bouvier_des_flandres,20,train
dataset/train/bouvier_des_flandres/00154.jpg,bouvier_des_flandres,20,train
dataset/train/bouvier_des_flandres/03713.jpg,bouvier_des_flandres,20,train
dataset/train/bouvier_des_flandres/01893.jpg,bouvier_des_flandres,20,train
dataset/train/bouvier_des_flandres/02323.jpg,bouvier_des_flandres,20,train
dataset/train/bouvier_des_flandres/01311.jpg,bouvier_des_flandres,20,train
dataset/train/bouvier_des_flandres/02305.jpg,bouvier_des_flandres,20,train
dataset/train/bouvier_des_flandres/02763.jpg,bouvier_des_flandres,20,train
dataset/train/bouvier_des_flandres/02343.jpg,bouvier_des_flandres,20,train
dataset/train/bouvier_des_flandres/01787.jpg,bouvier_des_flandres,20,train
dataset/train/bouvier_des_flandres/04034.jpg,bouvier_des_flandres,20,train
dataset/train/bouvier_des_flandres/03202.jpg,bouvier_des_flandres,20,train
dataset/train/bouvier_des_flandres/03856.jpg,bouvier_des_flandres,20,train
dataset/train/bouvier_des_flandres/00413.jpg,bouvier_des_flandres,20,train
dataset/train/bouvier_des_flandres/01016.jpg,bouvier_des_flandres,20,train
dataset/train/bouvier_des_flandres/01806.jpg,bouvier_des_flandres,20,train
dataset/train/bouvier_des_flandres/01731.jpg,bouvier_des_flandres,20,train
dataset/train/bouvier_des_flandres/02553.jpg,bouvier_des_flandres,20,train
dataset/train/bouvier_des_flandres/02370.jpg,bouvier_des_flandres,20,val
dataset/train/bouvier_des_flandres/02529.jpg,bouvier_des_flandres,20,val
dataset/train/bouvier_des_flandres/01648.jpg,bouvier_des_flandres,20,val
dataset/train/bouvier_des_flandres/01623.jpg,bouvier_des_flandres,20,val
dataset/train/bouvier_des_flandres/03848.jpg,bouvier_des_flandres,20,val
dataset/train/bouvier_des_flandres/01800.jpg,bouvier_des_flandres,20,val
dataset/train/bouvier_des_flandres/00029.jpg,bouvier_des_flandres,20,val
dataset/train/bouvier_des_flandres/02083.jpg,bouvier_des_flandres,20,val
dataset/train/bouvier_des_flandres/03095.jpg,bouvier_des_flandres,20,val
dataset/train/bouvier_des_flandres/03802.jpg,bouvier_des_flandres,20,val
dataset/train/bouvier_des_flandres/01440.jpg,bouvier_des_flandres,20,val
dataset/train/bouvier_des_flandres/01005.jpg,bouvier_des_flandres,20,val
dataset/train/bouvier_des_flandres/01963.jpg,bouvier_des_flandres,20,val
dataset/train/bouvier_des_flandres/01470.jpg,bouvier_des_flandres,20,val
dataset/train/bouvier_des_flandres/02502.jpg,bouvier_des_flandres,20,val
dataset/train/bouvier_des_flandres/02663.jpg,bouvier_des_flandres,20,val
dataset/train/bouvier_des_flandres/03756.jpg,bouvier_des_flandres,20,val
dataset/train/bouvier_des_flandres/03840.jpg,bouvier_des_flandres,20,val
dataset/train/bouvier_des_flandres/01452.jpg,bouvier_des_flandres,20,val
dataset/train/bouvier_des_flandres/03571.jpg,bouvier_des_flandres,20,val
dataset/train/boxer/01654.jpg,boxer,21,train
dataset/train/boxer/03248.jpg,boxer,21,train
dataset/train/boxer/01353.jpg,boxer,21,train
dataset/train/boxer/01675.jpg,boxer,21,train
dataset/train/boxer/00268.jpg,boxer,21,train
dataset/train/boxer/01748.jpg,boxer,21,train
dataset/train/boxer/14659.jpg,boxer,21,train
dataset/train/boxer/11807.jpg,boxer,21,train
dataset/train/boxer/01626.jpg,boxer,21,train
dataset/train/boxer/12739.jpg,boxer,21,train
dataset/train/boxer/01757.jpg,boxer,21,train
dataset/train/boxer/02526.jpg,boxer,21,train
dataset/train/boxer/02482.jpg,boxer,21,train
dataset/train/boxer/00117.jpg,boxer,21,train
dataset/train/boxer/00122.jpg,boxer,21,train
dataset/train/boxer/03365.jpg,boxer,21,train
dataset/train/boxer/15702.jpg,boxer,21,train
dataset/train/boxer/11122.jpg,boxer,21,train
dataset/train/boxer/10939.jpg,boxer,21,train
dataset/train/boxer/02106.jpg,boxer,21,train
dataset/train/boxer/03269.jpg,boxer,21,train
dataset/train/boxer/01859.jpg,boxer,21,train
dataset/train/boxer/02815.jpg,boxer,21,train
dataset/train/boxer/01956.jpg,boxer,21,train
dataset/train/boxer/13340.jpg,boxer,21,train
dataset/train/boxer/03400.jpg,boxer,21,train
dataset/train/boxer/12827.jpg,boxer,21,train
dataset/train/boxer/13526.jpg,boxer,21,train
dataset/train/boxer/01410.jpg,boxer,21,train
dataset/train/boxer/02007.jpg,boxer,21,train
dataset/train/boxer/11154.jpg,boxer,21,train
dataset/train/boxer/01159.jpg,boxer,21,train
dataset/train/boxer/04002.jpg,boxer,21,train
dataset/train/boxer/00200.jpg,boxer,21,train
dataset/train/boxer/02831.jpg,boxer,21,train
dataset/train/boxer/01418.jpg,boxer,21,train
dataset/train/boxer/01912.jpg,boxer,21,train
dataset/train/boxer/01575.jpg,boxer,21,train
dataset/train/boxer/01355.jpg,boxer,21,train
dataset/train/boxer/02653.jpg,boxer,21,train
dataset/train/boxer/11032.jpg,boxer,21,train
dataset/train/boxer/01560.jpg,boxer,21,train
dataset/train/boxer/01072.jpg,boxer,21,train
dataset/train/boxer/01571.jpg,boxer,21,train
dataset/train/boxer/02355.jpg,boxer,21,train
dataset/train/boxer/01511.jpg,boxer,21,train
dataset/train/boxer/11001.jpg,boxer,21,train
dataset/train/boxer/01357.jpg,boxer,21,train
dataset/train/boxer/00395.jpg,boxer,21,train
dataset/train/boxer/03395.jpg,boxer,21,train
dataset/train/boxer/02917.jpg,boxer,21,train
dataset/train/boxer/10901.jpg,boxer,21,train
dataset/train/boxer/01619.jpg,boxer,21,train
dataset/train/boxer/14074.jpg,boxer,21,train
dataset/train/boxer/11616.jpg,boxer,21,train
dataset/train/boxer/02608.jpg,boxer,21,train
dataset/train/boxer/03412.jpg,boxer,21,train
dataset/train/boxer/14112.jpg,boxer,21,train
dataset/train/boxer/03028.jpg,boxer,21,train
dataset/train/boxer/11687.jpg,boxer,21,train
dataset/train/boxer/02367.jpg,boxer,21,train
dataset/train/boxer/13898.jpg,boxer,21,train
dataset/train/boxer/01031.jpg,boxer,21,train
dataset/train/boxer/14719.jpg,boxer,21,train
dataset/train/boxer/12232.jpg,boxer,21,train
dataset/train/boxer/02796.jpg,boxer,21,train
dataset/train/boxer/03547.jpg,boxer,21,train
dataset/train/boxer/03258.jpg,boxer,21,train
dataset/train/boxer/02741.jpg,boxer,21,train
dataset/train/boxer/02360.jpg,boxer,21,train
dataset/train/boxer/01003.jpg,boxer,21,train
dataset/train/boxer/01104.jpg,boxer,21,train
dataset/train/boxer/11074.jpg,boxer,21,train
dataset/train/boxer/01367.jpg,boxer,21,train
dataset/train/boxer/15432.jpg,boxer,21,train
dataset/train/boxer/03236.jpg,boxer,21,train
dataset/train/boxer/02718.jpg,boxer,21,train
dataset/train/boxer/10774.jpg,boxer,21,train
dataset/train/boxer/03899.jpg,boxer,21,train
dataset/train/boxer/02670.jpg,boxer,21,train
dataset/train/boxer/13738.jpg,boxer,21,val
dataset/train/boxer/01775.jpg,boxer,21,val
dataset/train/boxer/10229.jpg,boxer,21,val
dataset/train/boxer/13839.jpg,boxer,21,val
dataset/train/boxer/01672.jpg,boxer,21,val
dataset/train/boxer/02740.jpg,boxer,21,val
dataset/train/boxer/02432.jpg,boxer,21,val
dataset/train/boxer/02953.jpg,boxer,21,val
dataset/train/boxer/03162.jpg,boxer,21,val
dataset/train/boxer/00149.jpg,boxer,21,val
dataset/train/boxer/01690.jpg,boxer,21,val
dataset/train/boxer/02056.jpg,boxer,21,val
dataset/train/boxer/02791.jpg,boxer,21,val
dataset/train/boxer/00125.jpg,boxer,21,val
dataset/train/boxer/03557.jpg,boxer,21,val
dataset/train/boxer/11875.jpg,boxer,21,val
dataset/train/boxer/03669.jpg,boxer,21,val
dataset/train/boxer/02723.jpg,boxer,21,val
dataset/train/boxer/12738.jpg,boxer,21,val
dataset/train/boxer/00001.jpg,boxer,21,val
dataset/train/brabancon_griffon/01065.jpg,brabancon_griffon,22,train
dataset/train/brabancon_griffon/01379.jpg,brabancon_griffon,22,train
dataset/train/brabancon_griffon/01983.jpg,brabancon_griffon,22,train
dataset/train/brabancon_griffon/01764.jpg,brabancon_griffon,22,train
dataset/train/brabancon_griffon/00231.jpg,brabancon_griffon,22,train
dataset/train/brabancon_griffon/01251.jpg,brabancon_griffon,22,train
dataset/train/brabancon_griffon/00237.jpg,brabancon_griffon,22,train
dataset/train/brabancon_griffon/01418.jpg,brabancon_griffon,22,train
dataset/train/brabancon_griffon/01087.jpg,brabancon_griffon,22,train
dataset/train/brabancon_griffon/01453.jpg,brabancon_griffon,22,train
dataset/train/brabancon_griffon/01814.jpg,brabancon_griffon,22,train
dataset/train/brabancon_griffon/01541.jpg,brabancon_griffon,22,train
dataset/train/brabancon_griffon/00106.jpg,brabancon_griffon,22,train
dataset/train/brabancon_griffon/01368.jpg,brabancon_griffon,22,train
dataset/train/brabancon_griffon/02042.jpg,brabancon_griffon,22,train
dataset/train/brabancon_griffon/01172.jpg,brabancon_griffon,22,train
dataset/train/brabancon_griffon/02161.jpg,brabancon_griffon,22,train
dataset/train/brabancon_griffon/00223.jpg,brabancon_griffon,22,train
dataset/train/brabancon_griffon/01237.jpg,brabancon_griffon,22,train
dataset/train/brabancon_griffon/01971.jpg,brabancon_griffon,22,train
dataset/train/brabancon_griffon/00016.jpg,brabancon_griffon,22,train
dataset/train/brabancon_griffon/02070.jpg,brabancon_griffon,22,train
dataset/train/brabancon_griffon/01554.jpg,brabancon_griffon,22,train
dataset/train/brabancon_griffon/02123.jpg,brabancon_griffon,22,train
dataset/train/brabancon_griffon/02391.jpg,brabancon_griffon,22,train
dataset/train/brabancon_griffon/01875.jpg,brabancon_griffon,22,train
dataset/train/brabancon_griffon/01409.jpg,brabancon_griffon,22,train
dataset/train/brabancon_griffon/01731.jpg,brabancon_griffon,22,train
dataset/train/brabancon_griffon/02390.jpg,brabancon_griffon,22,train
dataset/train/brabancon_griffon/01561.jpg,brabancon_griffon,22,train
dataset/train/brabancon_griffon/00107.jpg,brabancon_griffon,22,train
dataset/train/brabancon_griffon/01165.jpg,brabancon_griffon,22,train
dataset/train/brabancon_griffon/01970.jpg,brabancon_griffon,22,train
dataset/train/brabancon_griffon/02137.jpg,brabancon_griffon,22,train
dataset/train/brabancon_griffon/02074.jpg,brabancon_griffon,22,train
dataset/train/brabancon_griffon/01292.jpg,brabancon_griffon,22,train
dataset/train/brabancon_griffon/01306.jpg,brabancon_griffon,22,train
dataset/train/brabancon_griffon/01202.jpg,brabancon_griffon,22,train
dataset/train/brabancon_griffon/00154.jpg,brabancon_griffon,22,train
dataset/train/brabancon_griffon/00105.jpg,brabancon_griffon,22,train
dataset/train/brabancon_griffon/02149.jpg,brabancon_griffon,22,train
dataset/train/brabancon_griffon/01114.jpg,brabancon_griffon,22,train
dataset/train/brabancon_griffon/01684.jpg,brabancon_griffon,22,train
dataset/train/brabancon_griffon/02155.jpg,brabancon_griffon,22,train
dataset/train/brabancon_griffon/02087.jpg,brabancon_griffon,22,train
dataset/train/brabancon_griffon/01805.jpg,brabancon_griffon,22,train
dataset/train/brabancon_griffon/01882.jpg,brabancon_griffon,22,train
dataset/train/brabancon_griffon/01180.jpg,brabancon_griffon,22,train
dataset/train/brabancon_griffon/02133.jpg,brabancon_griffon,22,train
dataset/train/brabancon_griffon/01430.jpg,brabancon_griffon,22,train
dataset/train/brabancon_griffon/01117.jpg,brabancon_griffon,22,train
dataset/train/brabancon_griffon/02027.jpg,brabancon_griffon,22,train
dataset/train/brabancon_griffon/01586.jpg,brabancon_griffon,22,train
dataset/train/brabancon_griffon/01558.jpg,brabancon_griffon,22,train
dataset/train/brabancon_griffon/01394.jpg,brabancon_griffon,22,train
dataset/train/brabancon_griffon/00204.jpg,brabancon_griffon,22,train
dataset/train/brabancon_griffon/01041.jpg,brabancon_griffon,22,train
dataset/train/brabancon_griffon/02295.jpg,brabancon_griffon,22,train
dataset/train/brabancon_griffon/01303.jpg,brabancon_griffon,22,train
dataset/train/brabancon_griffon/01688.jpg,brabancon_griffon,22,train
dataset/train/brabancon_griffon/01336.jpg,brabancon_griffon,22,train
dataset/train/brabancon_griffon/01072.jpg,brabancon_griffon,22,train
dataset/train/brabancon_griffon/02448.jpg,brabancon_griffon,22,train
dataset/train/brabancon_griffon/01298.jpg,brabancon_griffon,22,train
dataset/train/brabancon_griffon/02188.jpg,brabancon_griffon,22,train
dataset/train/brabancon_griffon/01057.jpg,brabancon_griffon,22,train
dataset/train/brabancon_griffon/01899.jpg,brabancon_griffon,22,train
dataset/train/brabancon_griffon/01833.jpg,brabancon_griffon,22,train
dataset/train/brabancon_griffon/01552.jpg,brabancon_griffon,22,train
dataset/train/brabancon_griffon/01080.jpg,brabancon_griffon,22,train
dataset/train/brabancon_griffon/01568.jpg,brabancon_griffon,22,train
dataset/train/brabancon_griffon/01530.jpg,brabancon_griffon,22,train
dataset/train/brabancon_griffon/02269.jpg,brabancon_griffon,22,train
dataset/train/brabancon_griffon/02184.jpg,brabancon_griffon,22,train
dataset/train/brabancon_griffon/01419.jpg,brabancon_griffon,22,train
dataset/train/brabancon_griffon/01102.jpg,brabancon_griffon,22,train
dataset/train/brabancon_griffon/01995.jpg,brabancon_griffon,22,train
dataset/train/brabancon_griffon/01518.jpg,brabancon_griffon,22,train
dataset/train/brabancon_griffon/01230.jpg,brabancon_griffon,22,train
dataset/train/brabancon_griffon/01712.jpg,brabancon_griffon,22,train
dataset/train/brabancon_griffon/02191.jpg,brabancon_griffon,22,val
dataset/train/brabancon_griffon/00235.jpg,brabancon_griffon,22,val
dataset/train/brabancon_griffon/01862.jpg,brabancon_griffon,22,val
dataset/train/brabancon_griffon/01869.jpg,brabancon_griffon,22,val
dataset/train/brabancon_griffon/00220.jpg,brabancon_griffon,22,val
dataset/train/brabancon_griffon/01860.jpg,brabancon_griffon,22,val
dataset/train/brabancon_griffon/01145.jpg,brabancon_griffon,22,val
dataset/train/brabancon_griffon/01598.jpg,brabancon_griffon,22,val
dataset/train/brabancon_griffon/01307.jpg,brabancon_griffon,22,val
dataset/train/brabancon_griffon/02441.jpg,brabancon_griffon,22,val
dataset/train/brabancon_griffon/01644.jpg,brabancon_griffon,22,val
dataset/train/brabancon_griffon/01922.jpg,brabancon_griffon,22,val
dataset/train/brabancon_griffon/02169.jpg,brabancon_griffon,22,val
dataset/train/brabancon_griffon/01700.jpg,brabancon_griffon,22,val
dataset/train/brabancon_griffon/01546.jpg,brabancon_griffon,22,val
dataset/train/brabancon_griffon/01755.jpg,brabancon_griffon,22,val
dataset/train/brabancon_griffon/00108.jpg,brabancon_griffon,22,val
dataset/train/brabancon_griffon/01925.jpg,brabancon_griffon,22,val
dataset/train/brabancon_griffon/01569.jpg,brabancon_griffon,22,val
dataset/train/brabancon_griffon/02156.jpg,brabancon_griffon,22,val
dataset/train/briard/02317.jpg,briard,23,train
dataset/train/briard/03551.jpg,briard,23,train
dataset/train/briard/07294.jpg,briard,23,train
dataset/train/briard/07223.jpg,briard,23,train
dataset/train/briard/06805.jpg,briard,23,train
dataset/train/briard/01201.jpg,briard,23,train
dataset/train/briard/07356.jpg,briard,23,train
dataset/train/briard/05556.jpg,briard,23,train
dataset/train/briard/02626.jpg,briard,23,train
dataset/train/briard/07127.jpg,briard,23,train
dataset/train/briard/03407.jpg,briard,23,train
dataset/train/briard/06840.jpg,briard,23,train
dataset/train/briard/07086.jpg,briard,23,train
dataset/train/briard/01588.jpg,briard,23,train
dataset/train/briard/06580.jpg,briard,23,train
dataset/train/briard/06335.jpg,briard,23,train
dataset/train/briard/04893.jpg,briard,23,train
dataset/train/briard/06146.jpg,briard,23,train
dataset/train/briard/02439.jpg,briard,23,train
dataset/train/briard/07207.jpg,briard,23,train
dataset/train/briard/05775.jpg,briard,23,train
dataset/train/briard/03746.jpg,briard,23,train
dataset/train/briard/07170.jpg,briard,23,train
dataset/train/briard/04223.jpg,briard,23,train
dataset/train/briard/00224.jpg,briard,23,train
dataset/train/briard/02406.jpg,briard,23,train
dataset/train/briard/01382.jpg,briard,23,train
dataset/train/briard/05471.jpg,briard,23,train
dataset/train/briard/05156.jpg,briard,23,train
dataset/train/briard/06883.jpg,briard,23,train
dataset/train/briard/02591.jpg,briard,23,train
dataset/train/briard/07058.jpg,briard,23,train
dataset/train/briard/01676.jpg,briard,23,train
dataset/train/briard/03718.jpg,briard,23,train
dataset/train/briard/06705.jpg,briard,23,train
dataset/train/briard/05649.jpg,briard,23,train
dataset/train/briard/07115.jpg,briard,23,train
dataset/train/briard/05570.jpg,briard,23,train
dataset/train/briard/07171.jpg,briard,23,train
dataset/train/briard/07044.jpg,briard,23,train
dataset/train/briard/01725.jpg,briard,23,train
dataset/train/briard/04659.jpg,briard,23,train
dataset/train/briard/05175.jpg,briard,23,train
dataset/train/briard/01240.jpg,briard,23,train
dataset/train/briard/04569.jpg,briard,23,train
dataset/train/briard/04996.jpg,briard,23,train
dataset/train/briard/06907.jpg,briard,23,train
dataset/train/briard/00673.jpg,briard,23,train
dataset/train/briard/05304.jpg,briard,23,train
dataset/train/briard/05864.jpg,briard,23,train
dataset/train/briard/02480.jpg,briard,23,train
dataset/train/briard/07434.jpg,briard,23,train
dataset/train/briard/05630.jpg,briard,23,train
dataset/train/briard/00252.jpg,briard,23,train
dataset/train/briard/07430.jpg,briard,23,train
dataset/train/briard/07090.jpg,briard,23,train
dataset/train/briard/06867.jpg,briard,23,train
dataset/train/briard/06366.jpg,briard,23,train
dataset/train/briard/06667.jpg,briard,23,train
dataset/train/briard/07579.jpg,briard,23,train
dataset/train/briard/06387.jpg,briard,23,train
dataset/train/briard/05408.jpg,briard,23,train
dataset/train/briard/06942.jpg,briard,23,train
dataset/train/briard/05303.jpg,briard,23,train
dataset/train/briard/07178.jpg,briard,23,train
dataset/train/briard/05677.jpg,briard,23,train
dataset/train/briard/03389.jpg,briard,23,train
dataset/train/briard/05309.jpg,briard,23,train
dataset/train/briard/06995.jpg,briard,23,train
dataset/train/briard/05337.jpg,briard,23,train
dataset/train/briard/07593.jpg,briard,23,train
dataset/train/briard/06394.jpg,briard,23,train
dataset/train/briard/06984.jpg,briard,23,train
dataset/train/briard/03265.jpg,briard,23,train
dataset/train/briard/06206.jpg,briard,23,train
dataset/train/briard/06572.jpg,briard,23,train
dataset/train/briard/06301.jpg,briard,23,train
dataset/train/briard/05384.jpg,briard,23,train
dataset/train/briard/07233.jpg,briard,23,train
dataset/train/briard/02656.jpg,briard,23,train
dataset/train/briard/05074.jpg,briard,23,val
dataset/train/briard/00012.jpg,briard,23,val
dataset/train/briard/06945.jpg,briard,23,val
dataset/train/briard/05985.jpg,briard,23,val
dataset/train/briard/03436.jpg,briard,23,val
dataset/train/briard/06138.jpg,briard,23,val
dataset/train/briard/07349.jpg,briard,23,val
dataset/train/briard/03729.jpg,briard,23,val
dataset/train/briard/05706.jpg,briard,23,val
dataset/train/briard/04027.jpg,briard,23,val
dataset/train/briard/04802.jpg,briard,23,val
dataset/train/briard/05641.jpg,briard,23,val
dataset/train/briard/05065.jpg,briard,23,val
dataset/train/briard/00685.jpg,briard,23,val
dataset/train/briard/02983.jpg,briard,23,val
dataset/train/briard/07348.jpg,briard,23,val
dataset/train/briard/06161.jpg,briard,23,val
dataset/train/briard/06376.jpg,briard,23,val
dataset/train/briard/07056.jpg,briard,23,val
dataset/train/briard/06300.jpg,briard,23,val
dataset/train/brittany_spaniel/10373.jpg,brittany_spaniel,24,train
dataset/train/brittany_spaniel/03536.jpg,brittany_spaniel,24,train
dataset/train/brittany_spaniel/10509.jpg,brittany_spaniel,24,train
dataset/train/brittany_spaniel/03357.jpg,brittany_spaniel,24,train
dataset/train/brittany_spaniel/02970.jpg,brittany_spaniel,24,train
dataset/train/brittany_spaniel/01842.jpg,brittany_spaniel,24,train
dataset/train/brittany_spaniel/02565.jpg,brittany_spaniel,24,train
dataset/train/brittany_spaniel/01222.jpg,brittany_spaniel,24,train
dataset/train/brittany_spaniel/03416.jpg,brittany_spaniel,24,train
dataset/train/brittany_spaniel/00183.jpg,brittany_spaniel,24,train
dataset/train/brittany_spaniel/04110.jpg,brittany_spaniel,24,train
dataset/train/brittany_spaniel/03003.jpg,brittany_spaniel,24,train
dataset/train/brittany_spaniel/03710.jpg,brittany_spaniel,24,train
dataset/train/brittany_spaniel/10527.jpg,brittany_spaniel,24,train
dataset/train/brittany_spaniel/04632.jpg,brittany_spaniel,24,train
dataset/train/brittany_spaniel/02737.jpg,brittany_spaniel,24,train
dataset/train/brittany_spaniel/02689.jpg,brittany_spaniel,24,train
dataset/train/brittany_spaniel/04879.jpg,brittany_spaniel,24,train
dataset/train/brittany_spaniel/01249.jpg,brittany_spaniel,24,train
dataset/train/brittany_spaniel/00190.jpg,brittany_spaniel,24,train
dataset/train/brittany_spaniel/04406.jpg,brittany_spaniel,24,train
dataset/train/brittany_spaniel/01445.jpg,brittany_spaniel,24,train
dataset/train/brittany_spaniel/05274.jpg,brittany_spaniel,24,train
dataset/train/brittany_spaniel/02999.jpg,brittany_spaniel,24,train
dataset/train/brittany_spaniel/10017.jpg,brittany_spaniel,24,train
dataset/train/brittany_spaniel/00192.jpg,brittany_spaniel,24,train
dataset/train/brittany_spaniel/03762.jpg,brittany_spaniel,24,train
dataset/train/brittany_spaniel/04762.jpg,brittany_spaniel,24,train
dataset/train/brittany_spaniel/01941.jpg,brittany_spaniel,24,train
dataset/train/brittany_spaniel/10290.jpg,brittany_spaniel,24,train
dataset/train/brittany_spaniel/10470.jpg,brittany_spaniel,24,train
dataset/train/brittany_spaniel/03673.jpg,brittany_spaniel,24,train
dataset/train/brittany_spaniel/03320.jpg,brittany_spaniel,24,train
dataset/train/brittany_spaniel/03294.jpg,brittany_spaniel,24,train
dataset/train/brittany_spaniel/04240.jpg,brittany_spaniel,24,train
dataset/train/brittany_spaniel/02833.jpg,brittany_spaniel,24,train
dataset/train/brittany_spaniel/02159.jpg,brittany_spaniel,24,train
dataset/train/brittany_spaniel/05179.jpg,brittany_spaniel,24,train
dataset/train/brittany_spaniel/02645.jpg,brittany_spaniel,24,train
dataset/train/brittany_spaniel/00149.jpg,brittany_spaniel,24,train
dataset/train/brittany_spaniel/01060.jpg,brittany_spaniel,24,train
dataset/train/brittany_spaniel/03036.jpg,brittany_spaniel,24,train
dataset/train/brittany_spaniel/02888.jpg,brittany_spaniel,24,train
dataset/train/brittany_spaniel/04422.jpg,brittany_spaniel,24,train
dataset/train/brittany_spaniel/03497.jpg,brittany_spaniel,24,train
dataset/train/brittany_spaniel/02862.jpg,brittany_spaniel,24,train
dataset/train/brittany_spaniel/03195.jpg,brittany_spaniel,24,train
dataset/train/brittany_spaniel/01252.jpg,brittany_spaniel,24,train
dataset/train/brittany_spaniel/04131.jpg,brittany_spaniel,24,train
dataset/train/brittany_spaniel/02324.jpg,brittany_spaniel,24,train
dataset/train/brittany_spaniel/02177.jpg,brittany_spaniel,24,train
dataset/train/brittany_spaniel/03927.jpg,brittany_spaniel,24,train
dataset/train/brittany_spaniel/00454.jpg,brittany_spaniel,24,train
dataset/train/brittany_spaniel/02522.jpg,brittany_spaniel,24,train
dataset/train/brittany_spaniel/02429.jpg,brittany_spaniel,24,train
dataset/train/brittany_spaniel/04333.jpg,brittany_spaniel,24,train
dataset/train/brittany_spaniel/01262.jpg,brittany_spaniel,24,train
dataset/train/brittany_spaniel/01524.jpg,brittany_spaniel,24,train
dataset/train/brittany_spaniel/04556.jpg,brittany_spaniel,24,train
dataset/train/brittany_spaniel/04113.jpg,brittany_spaniel,24,train
dataset/train/brittany_spaniel/02597.jpg,brittany_spaniel,24,train
dataset/train/brittany_spaniel/04002.jpg,brittany_spaniel,24,train
dataset/train/brittany_spaniel/02142.jpg,brittany_spaniel,24,train
dataset/train/brittany_spaniel/02171.jpg,brittany_spaniel,24,train
dataset/train/brittany_spaniel/03518.jpg,brittany_spaniel,24,train
dataset/train/brittany_spaniel/02529.jpg,brittany_spaniel,24,train
dataset/train/brittany_spaniel/04737.jpg,brittany_spaniel,24,train
dataset/train/brittany_spaniel/03344.jpg,brittany_spaniel,24,train
dataset/train/brittany_spaniel/10348.jpg,brittany_spaniel,24,train
dataset/train/brittany_spaniel/01242.jpg,brittany_spaniel,24,train
dataset/train/brittany_spaniel/02667.jpg,brittany_spaniel,24,train
dataset/train/brittany_spaniel/00348.jpg,brittany_spaniel,24,train
dataset/train/brittany_spaniel/02671.jpg,brittany_spaniel,24,train
dataset/train/brittany_spaniel/01803.jpg,brittany_spaniel,24,train
dataset/train/brittany_spaniel/02889.jpg,brittany_spaniel,24,train
dataset/train/brittany_spaniel/03064.jpg,brittany_spaniel,24,train
dataset/train/brittany_spaniel/03023.jpg,brittany_spaniel,24,train
dataset/train/brittany_spaniel/04038.jpg,brittany_spaniel,24,train
dataset/train/brittany_spaniel/04875.jpg,brittany_spaniel,24,train
dataset/train/brittany_spaniel/04229.jpg,brittany_spaniel,24,train
dataset/train/brittany_spaniel/04342.jpg,brittany_spaniel,24,val
dataset/train/brittany_spaniel/03697.jpg,brittany_spaniel,24,val
dataset/train/brittany_spaniel/04628.jpg,brittany_spaniel,24,val
dataset/train/brittany_spaniel/02021.jpg,brittany_spaniel,24,val
dataset/train/brittany_spaniel/03280.jpg,brittany_spaniel,24,val
dataset/train/brittany_spaniel/04808.jpg,brittany_spaniel,24,val
dataset/train/brittany_spaniel/02064.jpg,brittany_spaniel,24,val
dataset/train/brittany_spaniel/02773.jpg,brittany_spaniel,24,val
dataset/train/brittany_spaniel/01050.jpg,brittany_spaniel,24,val
dataset/train/brittany_spaniel/03365.jpg,brittany_spaniel,24,val
dataset/train/brittany_spaniel/05149.jpg,brittany_spaniel,24,val
dataset/train/brittany_spaniel/10502.jpg,brittany_spaniel,24,val
dataset/train/brittany_spaniel/03098.jpg,brittany_spaniel,24,val
dataset/train/brittany_spaniel/02076.jpg,brittany_spaniel,24,val
dataset/train/brittany_spaniel/10107.jpg,brittany_spaniel,24,val
dataset/train/brittany_spaniel/01965.jpg,brittany_spaniel,24,val
dataset/train/brittany_spaniel/00197.jpg,brittany_spaniel,24,val
dataset/train/brittany_spaniel/01456.jpg,brittany_spaniel,24,val
dataset/train/brittany_spaniel/01517.jpg,brittany_spaniel,24,val
dataset/train/brittany_spaniel/04358.jpg,brittany_spaniel,24,val
dataset/train/bull_mastiff/01879.jpg,bull_mastiff,25,train
dataset/train/bull_mastiff/01017.jpg,bull_mastiff,25,train
dataset/train/bull_mastiff/02867.jpg,bull_mastiff,25,train
dataset/train/bull_mastiff/02297.jpg,bull_mastiff,25,train
dataset/train/bull_mastiff/02404.jpg,bull_mastiff,25,train
dataset/train/bull_mastiff/03197.jpg,bull_mastiff,25,train
dataset/train/bull_mastiff/00311.jpg,bull_mastiff,25,train
dataset/train/bull_mastiff/01425.jpg,bull_mastiff,25,train
dataset/train/bull_mastiff/02053.jpg,bull_mastiff,25,train
dataset/train/bull_mastiff/03757.jpg,bull_mastiff,25,train
dataset/train/bull_mastiff/03297.jpg,bull_mastiff,25,train
dataset/train/bull_mastiff/00207.jpg,bull_mastiff,25,train
dataset/train/bull_mastiff/03749.jpg,bull_mastiff,25,train
dataset/train/bull_mastiff/00251.jpg,bull_mastiff,25,train
dataset/train/bull_mastiff/04064.jpg,bull_mastiff,25,train
dataset/train/bull_mastiff/02082.jpg,bull_mastiff,25,train
dataset/train/bull_mastiff/01889.jpg,bull_mastiff,25,train
dataset/train/bull_mastiff/03379.jpg,bull_mastiff,25,train
dataset/train/bull_mastiff/00278.jpg,bull_mastiff,25,train
dataset/train/bull_mastiff/02353.jpg,bull_mastiff,25,train
dataset/train/bull_mastiff/03235.jpg,bull_mastiff,25,train
dataset/train/bull_mastiff/01166.jpg,bull_mastiff,25,train
dataset/train/bull_mastiff/04099.jpg,bull_mastiff,25,train
dataset/train/bull_mastiff/02443.jpg,bull_mastiff,25,train
dataset/train/bull_mastiff/02052.jpg,bull_mastiff,25,train
dataset/train/bull_mastiff/03101.jpg,bull_mastiff,25,train
dataset/train/bull_mastiff/01869.jpg,bull_mastiff,25,train
dataset/train/bull_mastiff/03621.jpg,bull_mastiff,25,train
dataset/train/bull_mastiff/03576.jpg,bull_mastiff,25,train
dataset/train/bull_mastiff/02344.jpg,bull_mastiff,25,train
dataset/train/bull_mastiff/01923.jpg,bull_mastiff,25,train
dataset/train/bull_mastiff/01016.jpg,bull_mastiff,25,train
dataset/train/bull_mastiff/03277.jpg,bull_mastiff,25,train
dataset/train/bull_mastiff/01013.jpg,bull_mastiff,25,train
dataset/train/bull_mastiff/02678.jpg,bull_mastiff,25,train
dataset/train/bull_mastiff/01242.jpg,bull_mastiff,25,train
dataset/train/bull_mastiff/03169.jpg,bull_mastiff,25,train
dataset/train/bull_mastiff/03793.jpg,bull_mastiff,25,train
dataset/train/bull_mastiff/01445.jpg,bull_mastiff,25,train
dataset/train/bull_mastiff/02949.jpg,bull_mastiff,25,train
dataset/train/bull_mastiff/02123.jpg,bull_mastiff,25,train
dataset/train/bull_mastiff/03273.jpg,bull_mastiff,25,train
dataset/train/bull_mastiff/02290.jpg,bull_mastiff,25,train
dataset/train/bull_mastiff/03186.jpg,bull_mastiff,25,train
dataset/train/bull_mastiff/03958.jpg,bull_mastiff,25,train
dataset/train/bull_mastiff/01546.jpg,bull_mastiff,25,train
dataset/train/bull_mastiff/02111.jpg,bull_mastiff,25,train
dataset/train/bull_mastiff/02990.jpg,bull_mastiff,25,train
dataset/train/bull_mastiff/01305.jpg,bull_mastiff,25,train
dataset/train/bull_mastiff/00347.jpg,bull_mastiff,25,train
dataset/train/bull_mastiff/03641.jpg,bull_mastiff,25,train
dataset/train/bull_mastiff/02338.jpg,bull_mastiff,25,train
dataset/train/bull_mastiff/03708.jpg,bull_mastiff,25,train
dataset/train/bull_mastiff/00170.jpg,bull_mastiff,25,train
dataset/train/bull_mastiff/03398.jpg,bull_mastiff,25,train
dataset/train/bull_mastiff/03440.jpg,bull_mastiff,25,train
dataset/train/bull_mastiff/02094.jpg,bull_mastiff,25,train
dataset/train/bull_mastiff/02207.jpg,bull_mastiff,25,train
dataset/train/bull_mastiff/02046.jpg,bull_mastiff,25,train
dataset/train/bull_mastiff/02947.jpg,bull_mastiff,25,train
dataset/train/bull_mastiff/01939.jpg,bull_mastiff,25,train
dataset/train/bull_mastiff/02379.jpg,bull_mastiff,25,train
dataset/train/bull_mastiff/01975.jpg,bull_mastiff,25,train
dataset/train/bull_mastiff/00158.jpg,bull_mastiff,25,train
dataset/train/bull_mastiff/01958.jpg,bull_mastiff,25,train
dataset/train/bull_mastiff/03976.jpg,bull_mastiff,25,train
dataset/train/bull_mastiff/03086.jpg,bull_mastiff,25,train
dataset/train/bull_mastiff/01442.jpg,bull_mastiff,25,train
dataset/train/bull_mastiff/01549.jpg,bull_mastiff,25,train
dataset/train/bull_mastiff/01096.jpg,bull_mastiff,25,train
dataset/train/bull_mastiff/03726.jpg,bull_mastiff,25,train
dataset/train/bull_mastiff/04039.jpg,bull_mastiff,25,train
dataset/train/bull_mastiff/01079.jpg,bull_mastiff,25,train
dataset/train/bull_mastiff/02203.jpg,bull_mastiff,25,train
dataset/train/bull_mastiff/03184.jpg,bull_mastiff,25,train
dataset/train/bull_mastiff/02623.jpg,bull_mastiff,25,train
dataset/train/bull_mastiff/02441.jpg,bull_mastiff,25,train
dataset/train/bull_mastiff/03647.jpg,bull_mastiff,25,train
dataset/train/bull_mastiff/03618.jpg,bull_mastiff,25,train
dataset/train/bull_mastiff/01548.jpg,bull_mastiff,25,train
dataset/train/bull_mastiff/04102.jpg,bull_mastiff,25,val
dataset/train/bull_mastiff/03479.jpg,bull_mastiff,25,val
dataset/train/bull_mastiff/03177.jpg,bull_mastiff,25,val
dataset/train/bull_mastiff/01547.jpg,bull_mastiff,25,val
dataset/train/bull_mastiff/03970.jpg,bull_mastiff,25,val
dataset/train/bull_mastiff/03593.jpg,bull_mastiff,25,val
dataset/train/bull_mastiff/01836.jpg,bull_mastiff,25,val
dataset/train/bull_mastiff/01701.jpg,bull_mastiff,25,val
dataset/train/bull_mastiff/03911.jpg,bull_mastiff,25,val
dataset/train/bull_mastiff/03985.jpg,bull_mastiff,25,val
dataset/train/bull_mastiff/03795.jpg,bull_mastiff,25,val
dataset/train/bull_mastiff/03709.jpg,bull_mastiff,25,val
dataset/train/bull_mastiff/01968.jpg,bull_mastiff,25,val
dataset/train/bull_mastiff/02471.jpg,bull_mastiff,25,val
dataset/train/bull_mastiff/01507.jpg,bull_mastiff,25,val
dataset/train/bull_mastiff/00200.jpg,bull_mastiff,25,val
dataset/train/bull_mastiff/03051.jpg,bull_mastiff,25,val
dataset/train/bull_mastiff/02209.jpg,bull_mastiff,25,val
dataset/train/bull_mastiff/03711.jpg,bull_mastiff,25,val
dataset/train/bull_mastiff/04000.jpg,bull_mastiff,25,val
dataset/train/cairn/10959.jpg,cairn,26,train
dataset/train/cairn/02650.jpg,cairn,26,train
dataset/train/cairn/11415.jpg,cairn,26,train
dataset/train/cairn/02007.jpg,cairn,26,train
dataset/train/cairn/01659.jpg,cairn,26,train
dataset/train/cairn/10483.jpg,cairn,26,train
dataset/train/cairn/10031.jpg,cairn,26,train
dataset/train/cairn/02061.jpg,cairn,26,train
dataset/train/cairn/01913.jpg,cairn,26,train
dataset/train/cairn/01748.jpg,cairn,26,train
dataset/train/cairn/11224.jpg,cairn,26,train
dataset/train/cairn/01713.jpg,cairn,26,train
dataset/train/cairn/00152.jpg,cairn,26,train
dataset/train/cairn/02560.jpg,cairn,26,train
dataset/train/cairn/02343.jpg,cairn,26,train
dataset/train/cairn/00181.jpg,cairn,26,train
dataset/train/cairn/11547.jpg,cairn,26,train
dataset/train/cairn/01171.jpg,cairn,26,train
dataset/train/cairn/02687.jpg,cairn,26,train
dataset/train/cairn/02414.jpg,cairn,26,train
dataset/train/cairn/01732.jpg,cairn,26,train
dataset/train/cairn/01450.jpg,cairn,26,train
dataset/train/cairn/01767.jpg,cairn,26,train
dataset/train/cairn/13341.jpg,cairn,26,train
dataset/train/cairn/11706.jpg,cairn,26,train
dataset/train/cairn/01123.jpg,cairn,26,train
dataset/train/cairn/02842.jpg,cairn,26,train
dataset/train/cairn/13460.jpg,cairn,26,train
dataset/train/cairn/02695.jpg,cairn,26,train
dataset/train/cairn/02383.jpg,cairn,26,train
dataset/train/cairn/02703.jpg,cairn,26,train
dataset/train/cairn/01207.jpg,cairn,26,train
dataset/train/cairn/11295.jpg,cairn,26,train
dataset/train/cairn/01432.jpg,cairn,26,train
dataset/train/cairn/02203.jpg,cairn,26,train
dataset/train/cairn/13114.jpg,cairn,26,train
dataset/train/cairn/01596.jpg,cairn,26,train
dataset/train/cairn/01946.jpg,cairn,26,train
dataset/train/cairn/01870.jpg,cairn,26,train
dataset/train/cairn/01516.jpg,cairn,26,train
dataset/train/cairn/01362.jpg,cairn,26,train
dataset/train/cairn/00133.jpg,cairn,26,train
dataset/train/cairn/10333.jpg,cairn,26,train
dataset/train/cairn/13155.jpg,cairn,26,train
dataset/train/cairn/01503.jpg,cairn,26,train
dataset/train/cairn/01255.jpg,cairn,26,train
dataset/train/cairn/13328.jpg,cairn,26,train
dataset/train/cairn/01405.jpg,cairn,26,train
dataset/train/cairn/01220.jpg,cairn,26,train
dataset/train/cairn/12103.jpg,cairn,26,train
dataset/train/cairn/11135.jpg,cairn,26,train
dataset/train/cairn/11780.jpg,cairn,26,train
dataset/train/cairn/00244.jpg,cairn,26,train
dataset/train/cairn/12929.jpg,cairn,26,train
dataset/train/cairn/10698.jpg,cairn,26,train
dataset/train/cairn/02263.jpg,cairn,26,train
dataset/train/cairn/02006.jpg,cairn,26,train
dataset/train/cairn/01988.jpg,cairn,26,train
dataset/train/cairn/02127.jpg,cairn,26,train
dataset/train/cairn/01335.jpg,cairn,26,train
dataset/train/cairn/01420.jpg,cairn,26,train
dataset/train/cairn/02095.jpg,cairn,26,train
dataset/train/cairn/01667.jpg,cairn,26,train
dataset/train/cairn/00164.jpg,cairn,26,train
dataset/train/cairn/02400.jpg,cairn,26,train
dataset/train/cairn/11883.jpg,cairn,26,train
dataset/train/cairn/00207.jpg,cairn,26,train
dataset/train/cairn/02788.jpg,cairn,26,train
dataset/train/cairn/00218.jpg,cairn,26,train
dataset/train/cairn/01889.jpg,cairn,26,train
dataset/train/cairn/02143.jpg,cairn,26,train
dataset/train/cairn/00170.jpg,cairn,26,train
dataset/train/cairn/00223.jpg,cairn,26,train
dataset/train/cairn/10414.jpg,cairn,26,train
dataset/train/cairn/01464.jpg,cairn,26,train
dataset/train/cairn/00130.jpg,cairn,26,train
dataset/train/cairn/01569.jpg,cairn,26,train
dataset/train/cairn/02020.jpg,cairn,26,train
dataset/train/cairn/00143.jpg,cairn,26,train
dataset/train/cairn/12882.jpg,cairn,26,train
dataset/train/cairn/01385.jpg,cairn,26,val
dataset/train/cairn/01589.jpg,cairn,26,val
dataset/train/cairn/01710.jpg,cairn,26,val
dataset/train/cairn/01518.jpg,cairn,26,val
dataset/train/cairn/12507.jpg,cairn,26,val
dataset/train/cairn/01524.jpg,cairn,26,val
dataset/train/cairn/02553.jpg,cairn,26,val
dataset/train/cairn/01000.jpg,cairn,26,val
dataset/train/cairn/02149.jpg,cairn,26,val
dataset/train/cairn/11012.jpg,cairn,26,val
dataset/train/cairn/13306.jpg,cairn,26,val
dataset/train/cairn/11642.jpg,cairn,26,val
dataset/train/cairn/01390.jpg,cairn,26,val
dataset/train/cairn/12360.jpg,cairn,26,val
dataset/train/cairn/02463.jpg,cairn,26,val
dataset/train/cairn/11605.jpg,cairn,26,val
dataset/train/cairn/01434.jpg,cairn,26,val
dataset/train/cairn/10093.jpg,cairn,26,val
dataset/train/cairn/01344.jpg,cairn,26,val
dataset/train/cairn/01766.jpg,cairn,26,val
dataset/train/cardigan/01594.jpg,cardigan,27,train
dataset/train/cardigan/02617.jpg,cardigan,27,train
dataset/train/cardigan/11947.jpg,cardigan,27,train
dataset/train/cardigan/02211.jpg,cardigan,27,train
dataset/train/cardigan/04563.jpg,cardigan,27,train
dataset/train/cardigan/01447.jpg,cardigan,27,train
dataset/train/cardigan/13484.jpg,cardigan,27,train
dataset/train/cardigan/11017.jpg,cardigan,27,train
dataset/train/cardigan/10972.jpg,cardigan,27,train
dataset/train/cardigan/13413.jpg,cardigan,27,train
dataset/train/cardigan/03178.jpg,cardigan,27,train
dataset/train/cardigan/02994.jpg,cardigan,27,train
dataset/train/cardigan/10535.jpg,cardigan,27,train
dataset/train/cardigan/02413.jpg,cardigan,27,train
dataset/train/cardigan/04976.jpg,cardigan,27,train
dataset/train/cardigan/11685.jpg,cardigan,27,train
dataset/train/cardigan/05340.jpg,cardigan,27,train
dataset/train/cardigan/04760.jpg,cardigan,27,train
dataset/train/cardigan/00050.jpg,cardigan,27,train
dataset/train/cardigan/12729.jpg,cardigan,27,train
dataset/train/cardigan/02635.jpg,cardigan,27,train
dataset/train/cardigan/11559.jpg,cardigan,27,train
dataset/train/cardigan/12093.jpg,cardigan,27,train
dataset/train/cardigan/01695.jpg,cardigan,27,train
dataset/train/cardigan/04536.jpg,cardigan,27,train
dataset/train/cardigan/11035.jpg,cardigan,27,train
dataset/train/cardigan/04589.jpg,cardigan,27,train
dataset/train/cardigan/10505.jpg,cardigan,27,train
dataset/train/cardigan/00440.jpg,cardigan,27,train
dataset/train/cardigan/00314.jpg,cardigan,27,train
dataset/train/cardigan/10077.jpg,cardigan,27,train
dataset/train/cardigan/11789.jpg,cardigan,27,train
dataset/train/cardigan/04902.jpg,cardigan,27,train
dataset/train/cardigan/02982.jpg,cardigan,27,train
dataset/train/cardigan/11334.jpg,cardigan,27,train
dataset/train/cardigan/00377.jpg,cardigan,27,train
dataset/train/cardigan/01612.jpg,cardigan,27,train
dataset/train/cardigan/11446.jpg,cardigan,27,train
dataset/train/cardigan/05242.jpg,cardigan,27,train
dataset/train/cardigan/04480.jpg,cardigan,27,train
dataset/train/cardigan/00478.jpg,cardigan,27,train
dataset/train/cardigan/12419.jpg,cardigan,27,train
dataset/train/cardigan/10431.jpg,cardigan,27,train
dataset/train/cardigan/10519.jpg,cardigan,27,train
dataset/train/cardigan/01529.jpg,cardigan,27,train
dataset/train/cardigan/04859.jpg,cardigan,27,train
dataset/train/cardigan/03049.jpg,cardigan,27,train
dataset/train/cardigan/03857.jpg,cardigan,27,train
dataset/train/cardigan/03832.jpg,cardigan,27,train
dataset/train/cardigan/05819.jpg,cardigan,27,train
dataset/train/cardigan/02431.jpg,cardigan,27,train
dataset/train/cardigan/13256.jpg,cardigan,27,train
dataset/train/cardigan/11658.jpg,cardigan,27,train
dataset/train/cardigan/13102.jpg,cardigan,27,train
dataset/train/cardigan/12793.jpg,cardigan,27,train
dataset/train/cardigan/13533.jpg,cardigan,27,train
dataset/train/cardigan/01030.jpg,cardigan,27,train
dataset/train/cardigan/10816.jpg,cardigan,27,train
dataset/train/cardigan/02433.jpg,cardigan,27,train
dataset/train/cardigan/12513.jpg,cardigan,27,train
dataset/train/cardigan/03169.jpg,cardigan,27,train
dataset/train/cardigan/03457.jpg,cardigan,27,train
dataset/train/cardigan/10891.jpg,cardigan,27,train
dataset/train/cardigan/11220.jpg,cardigan,27,train
dataset/train/cardigan/02911.jpg,cardigan,27,train
dataset/train/cardigan/13272.jpg,cardigan,27,train
dataset/train/cardigan/04591.jpg,cardigan,27,train
dataset/train/cardigan/02499.jpg,cardigan,27,train
dataset/train/cardigan/10361.jpg,cardigan,27,train
dataset/train/cardigan/10416.jpg,cardigan,27,train
dataset/train/cardigan/13002.jpg,cardigan,27,train
dataset/train/cardigan/04711.jpg,cardigan,27,train
dataset/train/cardigan/11073.jpg,cardigan,27,train
dataset/train/cardigan/05618.jpg,cardigan,27,train
dataset/train/cardigan/12499.jpg,cardigan,27,train
dataset/train/cardigan/12243.jpg,cardigan,27,train
dataset/train/cardigan/04924.jpg,cardigan,27,train
dataset/train/cardigan/01016.jpg,cardigan,27,train
dataset/train/cardigan/11014.jpg,cardigan,27,train
dataset/train/cardigan/11371.jpg,cardigan,27,train
dataset/train/cardigan/03118.jpg,cardigan,27,val
dataset/train/cardigan/13333.jpg,cardigan,27,val
dataset/train/cardigan/13424.jpg,cardigan,27,val
dataset/train/cardigan/11400.jpg,cardigan,27,val
dataset/train/cardigan/05833.jpg,cardigan,27,val
dataset/train/cardigan/11741.jpg,cardigan,27,val
dataset/train/cardigan/11222.jpg,cardigan,27,val
dataset/train/cardigan/04628.jpg,cardigan,27,val
dataset/train/cardigan/10475.jpg,cardigan,27,val
dataset/train/cardigan/13335.jpg,cardigan,27,val
dataset/train/cardigan/10944.jpg,cardigan,27,val
dataset/train/cardigan/02860.jpg,cardigan,27,val
dataset/train/cardigan/11037.jpg,cardigan,27,val
dataset/train/cardigan/00225.jpg,cardigan,27,val
dataset/train/cardigan/11704.jpg,cardigan,27,val
dataset/train/cardigan/04422.jpg,cardigan,27,val
dataset/train/cardigan/02419.jpg,cardigan,27,val
dataset/train/cardigan/13169.jpg,cardigan,27,val
dataset/train/cardigan/01120.jpg,cardigan,27,val
dataset/train/cardigan/12316.jpg,cardigan,27,val
dataset/train/chesapeake_bay_retriever/02482.jpg,chesapeake_bay_retriever,28,train
dataset/train/chesapeake_bay_retriever/03429.jpg,chesapeake_bay_retriever,28,train
dataset/train/chesapeake_bay_retriever/02836.jpg,chesapeake_bay_retriever,28,train
dataset/train/chesapeake_bay_retriever/03289.jpg,chesapeake_bay_retriever,28,train
dataset/train/chesapeake_bay_retriever/03203.jpg,chesapeake_bay_retriever,28,train
dataset/train/chesapeake_bay_retriever/01115.jpg,chesapeake_bay_retriever,28,train
dataset/train/chesapeake_bay_retriever/03283.jpg,chesapeake_bay_retriever,28,train
dataset/train/chesapeake_bay_retriever/02153.jpg,chesapeake_bay_retriever,28,train
dataset/train/chesapeake_bay_retriever/00140.jpg,chesapeake_bay_retriever,28,train
dataset/train/chesapeake_bay_retriever/03315.jpg,chesapeake_bay_retriever,28,train
dataset/train/chesapeake_bay_retriever/03403.jpg,chesapeake_bay_retriever,28,train
dataset/train/chesapeake_bay_retriever/01449.jpg,chesapeake_bay_retriever,28,train
dataset/train/chesapeake_bay_retriever/01740.jpg,chesapeake_bay_retriever,28,train
dataset/train/chesapeake_bay_retriever/01212.jpg,chesapeake_bay_retriever,28,train
dataset/train/chesapeake_bay_retriever/03565.jpg,chesapeake_bay_retriever,28,train
dataset/train/chesapeake_bay_retriever/03617.jpg,chesapeake_bay_retriever,28,train
dataset/train/chesapeake_bay_retriever/02020.jpg,chesapeake_bay_retriever,28,train
dataset/train/chesapeake_bay_retriever/01922.jpg,chesapeake_bay_retriever,28,train
dataset/train/chesapeake_bay_retriever/01408.jpg,chesapeake_bay_retriever,28,train
dataset/train/chesapeake_bay_retriever/01728.jpg,chesapeake_bay_retriever,28,train
dataset/train/chesapeake_bay_retriever/01657.jpg,chesapeake_bay_retriever,28,train
dataset/train/chesapeake_bay_retriever/02416.jpg,chesapeake_bay_retriever,28,train
dataset/train/chesapeake_bay_retriever/00003.jpg,chesapeake_bay_retriever,28,train
dataset/train/chesapeake_bay_retriever/03316.jpg,chesapeake_bay_retriever,28,train
dataset/train/chesapeake_bay_retriever/02092.jpg,chesapeake_bay_retriever,28,train
dataset/train/chesapeake_bay_retriever/01536.jpg,chesapeake_bay_retriever,28,train
dataset/train/chesapeake_bay_retriever/02133.jpg,chesapeake_bay_retriever,28,train
dataset/train/chesapeake_bay_retriever/03383.jpg,chesapeake_bay_retriever,28,train
dataset/train/chesapeake_bay_retriever/02612.jpg,chesapeake_bay_retriever,28,train
dataset/train/chesapeake_bay_retriever/01830.jpg,chesapeake_bay_retriever,28,train
dataset/train/chesapeake_bay_retriever/00110.jpg,chesapeake_bay_retriever,28,train
dataset/train/chesapeake_bay_retriever/03007.jpg,chesapeake_bay_retriever,28,train
dataset/train/chesapeake_bay_retriever/03369.jpg,chesapeake_bay_retriever,28,train
dataset/train/chesapeake_bay_retriever/03266.jpg,chesapeake_bay_retriever,28,train
dataset/train/chesapeake_bay_retriever/01024.jpg,chesapeake_bay_retriever,28,train
dataset/train/chesapeake_bay_retriever/02803.jpg,chesapeake_bay_retriever,28,train
dataset/train/chesapeake_bay_retriever/02847.jpg,chesapeake_bay_retriever,28,train
dataset/train/chesapeake_bay_retriever/03194.jpg,chesapeake_bay_retriever,28,train
dataset/train/chesapeake_bay_retriever/02944.jpg,chesapeake_bay_retriever,28,train
dataset/train/chesapeake_bay_retriever/01050.jpg,chesapeake_bay_retriever,28,train
dataset/train/chesapeake_bay_retriever/01837.jpg,chesapeake_bay_retriever,28,train
dataset/train/chesapeake_bay_retriever/03494.jpg,chesapeake_bay_retriever,28,train
dataset/train/chesapeake_bay_retriever/00216.jpg,chesapeake_bay_retriever,28,train
dataset/train/chesapeake_bay_retriever/02300.jpg,chesapeake_bay_retriever,28,train
dataset/train/chesapeake_bay_retriever/00002.jpg,chesapeake_bay_retriever,28,train
dataset/train/chesapeake_bay_retriever/00171.jpg,chesapeake_bay_retriever,28,train
dataset/train/chesapeake_bay_retriever/00253.jpg,chesapeake_bay_retriever,28,train
dataset/train/chesapeake_bay_retriever/00130.jpg,chesapeake_bay_retriever,28,train
dataset/train/chesapeake_bay_retriever/02935.jpg,chesapeake_bay_retriever,28,train
dataset/train/chesapeake_bay_retriever/00193.jpg,chesapeake_bay_retriever,28,train
dataset/train/chesapeake_bay_retriever/03128.jpg,chesapeake_bay_retriever,28,train
dataset/train/chesapeake_bay_retriever/01310.jpg,chesapeake_bay_retriever,28,train
dataset/train/chesapeake_bay_retriever/03207.jpg,chesapeake_bay_retriever,28,train
dataset/train/chesapeake_bay_retriever/02965.jpg,chesapeake_bay_retriever,28,train
dataset/train/chesapeake_bay_retriever/01157.jpg,chesapeake_bay_retriever,28,train
dataset/train/chesapeake_bay_retriever/03196.jpg,chesapeake_bay_retriever,28,train
dataset/train/chesapeake_bay_retriever/02050.jpg,chesapeake_bay_retriever,28,train
dataset/train/chesapeake_bay_retriever/01265.jpg,chesapeake_bay_retriever,28,train
dataset/train/chesapeake_bay_retriever/02573.jpg,chesapeake_bay_retriever,28,train
dataset/train/chesapeake_bay_retriever/03220.jpg,chesapeake_bay_retriever,28,train
dataset/train/chesapeake_bay_retriever/02648.jpg,chesapeake_bay_retriever,28,train
dataset/train/chesapeake_bay_retriever/01599.jpg,chesapeake_bay_retriever,28,train
dataset/train/chesapeake_bay_retriever/01997.jpg,chesapeake_bay_retriever,28,train
dataset/train/chesapeake_bay_retriever/03616.jpg,chesapeake_bay_retriever,28,train
dataset/train/chesapeake_bay_retriever/02706.jpg,chesapeake_bay_retriever,28,train
dataset/train/chesapeake_bay_retriever/01575.jpg,chesapeake_bay_retriever,28,train
dataset/train/chesapeake_bay_retriever/03016.jpg,chesapeake_bay_retriever,28,train
dataset/train/chesapeake_bay_retriever/02130.jpg,chesapeake_bay_retriever,28,train
dataset/train/chesapeake_bay_retriever/01523.jpg,chesapeake_bay_retriever,28,train
dataset/train/chesapeake_bay_retriever/01987.jpg,chesapeake_bay_retriever,28,train
dataset/train/chesapeake_bay_retriever/01349.jpg,chesapeake_bay_retriever,28,train
dataset/train/chesapeake_bay_retriever/01215.jpg,chesapeake_bay_retriever,28,train
dataset/train/chesapeake_bay_retriever/01776.jpg,chesapeake_bay_retriever,28,train
dataset/train/chesapeake_bay_retriever/02315.jpg,chesapeake_bay_retriever,28,train
dataset/train/chesapeake_bay_retriever/03451.jpg,chesapeake_bay_retriever,28,train
dataset/train/chesapeake_bay_retriever/03592.jpg,chesapeake_bay_retriever,28,train
dataset/train/chesapeake_bay_retriever/03149.jpg,chesapeake_bay_retriever,28,train
dataset/train/chesapeake_bay_retriever/02991.jpg,chesapeake_bay_retriever,28,train
dataset/train/chesapeake_bay_retriever/01645.jpg,chesapeake_bay_retriever,28,train
dataset/train/chesapeake_bay_retriever/00031.jpg,chesapeake_bay_retriever,28,train
dataset/train/chesapeake_bay_retriever/02068.jpg,chesapeake_bay_retriever,28,val
dataset/train/chesapeake_bay_retriever/01068.jpg,chesapeake_bay_retriever,28,val
dataset/train/chesapeake_bay_retriever/01234.jpg,chesapeake_bay_retriever,28,val
dataset/train/chesapeake_bay_retriever/03346.jpg,chesapeake_bay_retriever,28,val
dataset/train/chesapeake_bay_retriever/03563.jpg,chesapeake_bay_retriever,28,val
dataset/train/chesapeake_bay_retriever/02375.jpg,chesapeake_bay_retriever,28,val
dataset/train/chesapeake_bay_retriever/02581.jpg,chesapeake_bay_retriever,28,val
dataset/train/chesapeake_bay_retriever/02646.jpg,chesapeake_bay_retriever,28,val
dataset/train/chesapeake_bay_retriever/01326.jpg,chesapeake_bay_retriever,28,val
dataset/train/chesapeake_bay_retriever/00263.jpg,chesapeake_bay_retriever,28,val
dataset/train/chesapeake_bay_retriever/01823.jpg,chesapeake_bay_retriever,28,val
dataset/train/chesapeake_bay_retriever/02462.jpg,chesapeake_bay_retriever,28,val
dataset/train/chesapeake_bay_retriever/02250.jpg,chesapeake_bay_retriever,28,val
dataset/train/chesapeake_bay_retriever/01278.jpg,chesapeake_bay_retriever,28,val
dataset/train/chesapeake_bay_retriever/01472.jpg,chesapeake_bay_retriever,28,val
dataset/train/chesapeake_bay_retriever/03619.jpg,chesapeake_bay_retriever,28,val
dataset/train/chesapeake_bay_retriever/00338.jpg,chesapeake_bay_retriever,28,val
dataset/train/chesapeake_bay_retriever/03188.jpg,chesapeake_bay_retriever,28,val
dataset/train/chesapeake_bay_retriever/00264.jpg,chesapeake_bay_retriever,28,val
dataset/train/chesapeake_bay_retriever/03326.jpg,chesapeake_bay_retriever,28,val
dataset/train/chihuahua/01569.jpg,chihuahua,29,train
dataset/train/chihuahua/04207.jpg,chihuahua,29,train
dataset/train/chihuahua/02590.jpg,chihuahua,29,train
dataset/train/chihuahua/02706.jpg,chihuahua,29,train
dataset/train/chihuahua/11238.jpg,chihuahua,29,train
dataset/train/chihuahua/02815.jpg,chihuahua,29,train
dataset/train/chihuahua/03208.jpg,chihuahua,29,train
dataset/train/chihuahua/01321.jpg,chihuahua,29,train
dataset/train/chihuahua/11258.jpg,chihuahua,29,train
dataset/train/chihuahua/12718.jpg,chihuahua,29,train
dataset/train/chihuahua/01271.jpg,chihuahua,29,train
dataset/train/chihuahua/02903.jpg,chihuahua,29,train
dataset/train/chihuahua/02507.jpg,chihuahua,29,train
dataset/train/chihuahua/02204.jpg,chihuahua,29,train
dataset/train/chihuahua/01502.jpg,chihuahua,29,train
dataset/train/chihuahua/13151.jpg,chihuahua,29,train
dataset/train/chihuahua/11948.jpg,chihuahua,29,train
dataset/train/chihuahua/01916.jpg,chihuahua,29,train
dataset/train/chihuahua/03826.jpg,chihuahua,29,train
dataset/train/chihuahua/03593.jpg,chihuahua,29,train
dataset/train/chihuahua/04159.jpg,chihuahua,29,train
dataset/train/chihuahua/01346.jpg,chihuahua,29,train
dataset/train/chihuahua/13383.jpg,chihuahua,29,train
dataset/train/chihuahua/00431.jpg,chihuahua,29,train
dataset/train/chihuahua/00326.jpg,chihuahua,29,train
dataset/train/chihuahua/03975.jpg,chihuahua,29,train
dataset/train/chihuahua/02517.jpg,chihuahua,29,train
dataset/train/chihuahua/04441.jpg,chihuahua,29,train
dataset/train/chihuahua/03006.jpg,chihuahua,29,train
dataset/train/chihuahua/02973.jpg,chihuahua,29,train
dataset/train/chihuahua/01152.jpg,chihuahua,29,train
dataset/train/chihuahua/03033.jpg,chihuahua,29,train
dataset/train/chihuahua/14516.jpg,chihuahua,29,train
dataset/train/chihuahua/03488.jpg,chihuahua,29,train
dataset/train/chihuahua/12334.jpg,chihuahua,29,train
dataset/train/chihuahua/04515.jpg,chihuahua,29,train
dataset/train/chihuahua/02937.jpg,chihuahua,29,train
dataset/train/chihuahua/01862.jpg,chihuahua,29,train
dataset/train/chihuahua/03409.jpg,chihuahua,29,train
dataset/train/chihuahua/03407.jpg,chihuahua,29,train
dataset/train/chihuahua/03742.jpg,chihuahua,29,train
dataset/train/chihuahua/01455.jpg,chihuahua,29,train
dataset/train/chihuahua/02693.jpg,chihuahua,29,train
dataset/train/chihuahua/01617.jpg,chihuahua,29,train
dataset/train/chihuahua/02793.jpg,chihuahua,29,train
dataset/train/chihuahua/04290.jpg,chihuahua,29,train
dataset/train/chihuahua/03110.jpg,chihuahua,29,train
dataset/train/chihuahua/01558.jpg,chihuahua,29,train
dataset/train/chihuahua/02053.jpg,chihuahua,29,train
dataset/train/chihuahua/00275.jpg,chihuahua,29,train
dataset/train/chihuahua/02887.jpg,chihuahua,29,train
dataset/train/chihuahua/01765.jpg,chihuahua,29,train
dataset/train/chihuahua/00368.jpg,chihuahua,29,train
dataset/train/chihuahua/10131.jpg,chihuahua,29,train
dataset/train/chihuahua/03928.jpg,chihuahua,29,train
dataset/train/chihuahua/02650.jpg,chihuahua,29,train
dataset/train/chihuahua/01205.jpg,chihuahua,29,train
dataset/train/chihuahua/11140.jpg,chihuahua,29,train
dataset/train/chihuahua/02614.jpg,chihuahua,29,train
dataset/train/chihuahua/14252.jpg,chihuahua,29,train
dataset/train/chihuahua/11337.jpg,chihuahua,29,train
dataset/train/chihuahua/02188.jpg,chihuahua,29,train
dataset/train/chihuahua/02208.jpg,chihuahua,29,train
dataset/train/chihuahua/00382.jpg,chihuahua,29,train
dataset/train/chihuahua/03877.jpg,chihuahua,29,train
dataset/train/chihuahua/01298.jpg,chihuahua,29,train
dataset/train/chihuahua/04016.jpg,chihuahua,29,train
dataset/train/chihuahua/02921.jpg,chihuahua,29,train
dataset/train/chihuahua/10976.jpg,chihuahua,29,train
dataset/train/chihuahua/03423.jpg,chihuahua,29,train
dataset/train/chihuahua/03763.jpg,chihuahua,29,train
dataset/train/chihuahua/01235.jpg,chihuahua,29,train
dataset/train/chihuahua/01620.jpg,chihuahua,29,train
dataset/train/chihuahua/11818.jpg,chihuahua,29,train
dataset/train/chihuahua/00242.jpg,chihuahua,29,train
dataset/train/chihuahua/10621.jpg,chihuahua,29,train
dataset/train/chihuahua/01073.jpg,chihuahua,29,train
dataset/train/chihuahua/03677.jpg,chihuahua,29,train
dataset/train/chihuahua/03942.jpg,chihuahua,29,train
dataset/train/chihuahua/03045.jpg,chihuahua,29,train
dataset/train/chihuahua/14413.jpg,chihuahua,29,val
dataset/train/chihuahua/03093.jpg,chihuahua,29,val
dataset/train/chihuahua/04266.jpg,chihuahua,29,val
dataset/train/chihuahua/02981.jpg,chihuahua,29,val
dataset/train/chihuahua/03651.jpg,chihuahua,29,val
dataset/train/chihuahua/10074.jpg,chihuahua,29,val
dataset/train/chihuahua/00199.jpg,chihuahua,29,val
dataset/train/chihuahua/03681.jpg,chihuahua,29,val
dataset/train/chihuahua/03880.jpg,chihuahua,29,val
dataset/train/chihuahua/11477.jpg,chihuahua,29,val
dataset/train/chihuahua/03402.jpg,chihuahua,29,val
dataset/train/chihuahua/12101.jpg,chihuahua,29,val
dataset/train/chihuahua/02479.jpg,chihuahua,29,val
dataset/train/chihuahua/03485.jpg,chihuahua,29,val
dataset/train/chihuahua/01492.jpg,chihuahua,29,val
dataset/train/chihuahua/03875.jpg,chihuahua,29,val
dataset/train/chihuahua/11696.jpg,chihuahua,29,val
dataset/train/chihuahua/01816.jpg,chihuahua,29,val
dataset/train/chihuahua/13964.jpg,chihuahua,29,val
dataset/train/chihuahua/03838.jpg,chihuahua,29,val
dataset/train/chow/13649.jpg,chow,30,train
dataset/train/chow/14751.jpg,chow,30,train
dataset/train/chow/10430.jpg,chow,30,train
dataset/train/chow/11858.jpg,chow,30,train
dataset/train/chow/11938.jpg,chow,30,train
dataset/train/chow/14004.jpg,chow,30,train
dataset/train/chow/10605.jpg,chow,30,train
dataset/train/chow/02133.jpg,chow,30,train
dataset/train/chow/12819.jpg,chow,30,train
dataset/train/chow/11536.jpg,chow,30,train
dataset/train/chow/11550.jpg,chow,30,train
dataset/train/chow/11830.jpg,chow,30,train
dataset/train/chow/12594.jpg,chow,30,train
dataset/train/chow/02411.jpg,chow,30,train
dataset/train/chow/02745.jpg,chow,30,train
dataset/train/chow/02250.jpg,chow,30,train
dataset/train/chow/12792.jpg,chow,30,train
dataset/train/chow/02290.jpg,chow,30,train
dataset/train/chow/00112.jpg,chow,30,train
dataset/train/chow/16777.jpg,chow,30,train
dataset/train/chow/01589.jpg,chow,30,train
dataset/train/chow/01374.jpg,chow,30,train
dataset/train/chow/02453.jpg,chow,30,train
dataset/train/chow/01733.jpg,chow,30,train
dataset/train/chow/02809.jpg,chow,30,train
dataset/train/chow/12685.jpg,chow,30,train
dataset/train/chow/12579.jpg,chow,30,train
dataset/train/chow/10134.jpg,chow,30,train
dataset/train/chow/10677.jpg,chow,30,train
dataset/train/chow/01976.jpg,chow,30,train
dataset/train/chow/16830.jpg,chow,30,train
dataset/train/chow/16815.jpg,chow,30,train
dataset/train/chow/11927.jpg,chow,30,train
dataset/train/chow/10815.jpg,chow,30,train
dataset/train/chow/02475.jpg,chow,30,train
dataset/train/chow/02106.jpg,chow,30,train
dataset/train/chow/02319.jpg,chow,30,train
dataset/train/chow/15792.jpg,chow,30,train
dataset/train/chow/02376.jpg,chow,30,train
dataset/train/chow/13499.jpg,chow,30,train
dataset/train/chow/01015.jpg,chow,30,train
dataset/train/chow/01614.jpg,chow,30,train
dataset/train/chow/13415.jpg,chow,30,train
dataset/train/chow/16388.jpg,chow,30,train
dataset/train/chow/02791.jpg,chow,30,train
dataset/train/chow/17733.jpg,chow,30,train
dataset/train/chow/02028.jpg,chow,30,train
dataset/train/chow/13075.jpg,chow,30,train
dataset/train/chow/10762.jpg,chow,30,train
dataset/train/chow/02181.jpg,chow,30,train
dataset/train/chow/12766.jpg,chow,30,train
dataset/train/chow/02521.jpg,chow,30,train
dataset/train/chow/16520.jpg,chow,30,train
dataset/train/chow/01687.jpg,chow,30,train
dataset/train/chow/14448.jpg,chow,30,train
dataset/train/chow/16354.jpg,chow,30,train
dataset/train/chow/02757.jpg,chow,30,train
dataset/train/chow/00126.jpg,chow,30,train
dataset/train/chow/10792.jpg,chow,30,train
dataset/train/chow/10176.jpg,chow,30,train
dataset/train/chow/15277.jpg,chow,30,train
dataset/train/chow/14255.jpg,chow,30,train
dataset/train/chow/16109.jpg,chow,30,train
dataset/train/chow/13232.jpg,chow,30,train
dataset/train/chow/10654.jpg,chow,30,train
dataset/train/chow/16817.jpg,chow,30,train
dataset/train/chow/01005.jpg,chow,30,train
dataset/train/chow/18174.jpg,chow,30,train
dataset/train/chow/11273.jpg,chow,30,train
dataset/train/chow/12741.jpg,chow,30,train
dataset/train/chow/16533.jpg,chow,30,train
dataset/train/chow/13330.jpg,chow,30,train
dataset/train/chow/11732.jpg,chow,30,train
dataset/train/chow/11549.jpg,chow,30,train
dataset/train/chow/02231.jpg,chow,30,train
dataset/train/chow/01704.jpg,chow,30,train
dataset/train/chow/02020.jpg,chow,30,train
dataset/train/chow/01795.jpg,chow,30,train
dataset/train/chow/02724.jpg,chow,30,train
dataset/train/chow/17437.jpg,chow,30,train
dataset/train/chow/14369.jpg,chow,30,val
dataset/train/chow/10731.jpg,chow,30,val
dataset/train/chow/14881.jpg,chow,30,val
dataset/train/chow/15929.jpg,chow,30,val
dataset/train/chow/16270.jpg,chow,30,val
dataset/train/chow/16665.jpg,chow,30,val
dataset/train/chow/00161.jpg,chow,30,val
dataset/train/chow/02619.jpg,chow,30,val
dataset/train/chow/02058.jpg,chow,30,val
dataset/train/chow/16162.jpg,chow,30,val
dataset/train/chow/02664.jpg,chow,30,val
dataset/train/chow/01401.jpg,chow,30,val
dataset/train/chow/11472.jpg,chow,30,val
dataset/train/chow/01830.jpg,chow,30,val
dataset/train/chow/15770.jpg,chow,30,val
dataset/train/chow/02739.jpg,chow,30,val
dataset/train/chow/02220.jpg,chow,30,val
dataset/train/chow/10457.jpg,chow,30,val
dataset/train/chow/01251.jpg,chow,30,val
dataset/train/chow/11261.jpg,chow,30,val
dataset/train/clumber/04112.jpg,clumber,31,train
dataset/train/clumber/05023.jpg,clumber,31,train
dataset/train/clumber/01469.jpg,clumber,31,train
dataset/train/clumber/04514.jpg,clumber,31,train
dataset/train/clumber/03901.jpg,clumber,31,train
dataset/train/clumber/03333.jpg,clumber,31,train
dataset/train/clumber/05318.jpg,clumber,31,train
dataset/train/clumber/04222.jpg,clumber,31,train
dataset/train/clumber/05249.jpg,clumber,31,train
dataset/train/clumber/05405.jpg,clumber,31,train
dataset/train/clumber/01819.jpg,clumber,31,train
dataset/train/clumber/00129.jpg,clumber,31,train
dataset/train/clumber/02566.jpg,clumber,31,train
dataset/train/clumber/04746.jpg,clumber,31,train
dataset/train/clumber/03556.jpg,clumber,31,train
dataset/train/clumber/02689.jpg,clumber,31,train
dataset/train/clumber/04875.jpg,clumber,31,train
dataset/train/clumber/05512.jpg,clumber,31,train
dataset/train/clumber/02677.jpg,clumber,31,train
dataset/train/clumber/05156.jpg,clumber,31,train
dataset/train/clumber/04017.jpg,clumber,31,train
dataset/train/clumber/05195.jpg,clumber,31,train
dataset/train/clumber/02894.jpg,clumber,31,train
dataset/train/clumber/02725.jpg,clumber,31,train
dataset/train/clumber/04994.jpg,clumber,31,train
dataset/train/clumber/01745.jpg,clumber,31,train
dataset/train/clumber/01991.jpg,clumber,31,train
dataset/train/clumber/03708.jpg,clumber,31,train
dataset/train/clumber/00047.jpg,clumber,31,train
dataset/train/clumber/00488.jpg,clumber,31,train
dataset/train/clumber/02668.jpg,clumber,31,train
dataset/train/clumber/03736.jpg,clumber,31,train
dataset/train/clumber/02517.jpg,clumber,31,train
dataset/train/clumber/04826.jpg,clumber,31,train
dataset/train/clumber/02623.jpg,clumber,31,train
dataset/train/clumber/05694.jpg,clumber,31,train
dataset/train/clumber/03540.jpg,clumber,31,train
dataset/train/clumber/04698.jpg,clumber,31,train
dataset/train/clumber/02918.jpg,clumber,31,train
dataset/train/clumber/00374.jpg,clumber,31,train
dataset/train/clumber/03122.jpg,clumber,31,train
dataset/train/clumber/03204.jpg,clumber,31,train
dataset/train/clumber/04226.jpg,clumber,31,train
dataset/train/clumber/03570.jpg,clumber,31,train
dataset/train/clumber/02698.jpg,clumber,31,train
dataset/train/clumber/01680.jpg,clumber,31,train
dataset/train/clumber/01355.jpg,clumber,31,train
dataset/train/clumber/03660.jpg,clumber,31,train
dataset/train/clumber/00444.jpg,clumber,31,train
dataset/train/clumber/05603.jpg,clumber,31,train
dataset/train/clumber/03896.jpg,clumber,31,train
dataset/train/clumber/04213.jpg,clumber,31,train
dataset/train/clumber/04257.jpg,clumber,31,train
dataset/train/clumber/03857.jpg,clumber,31,train
dataset/train/clumber/04106.jpg,clumber,31,train
dataset/train/clumber/03997.jpg,clumber,31,train
dataset/train/clumber/01270.jpg,clumber,31,train
dataset/train/clumber/03707.jpg,clumber,31,train
dataset/train/clumber/03899.jpg,clumber,31,train
dataset/train/clumber/02023.jpg,clumber,31,train
dataset/train/clumber/02715.jpg,clumber,31,train
dataset/train/clumber/02694.jpg,clumber,31,train
dataset/train/clumber/03100.jpg,clumber,31,train
dataset/train/clumber/05007.jpg,clumber,31,train
dataset/train/clumber/02002.jpg,clumber,31,train
dataset/train/clumber/04122.jpg,clumber,31,train
dataset/train/clumber/03878.jpg,clumber,31,train
dataset/train/clumber/01116.jpg,clumber,31,train
dataset/train/clumber/02928.jpg,clumber,31,train
dataset/train/clumber/03909.jpg,clumber,31,train
dataset/train/clumber/02642.jpg,clumber,31,train
dataset/train/clumber/05252.jpg,clumber,31,train
dataset/train/clumber/04028.jpg,clumber,31,train
dataset/train/clumber/05387.jpg,clumber,31,train
dataset/train/clumber/00438.jpg,clumber,31,train
dataset/train/clumber/04386.jpg,clumber,31,train
dataset/train/clumber/05182.jpg,clumber,31,train
dataset/train/clumber/02580.jpg,clumber,31,train
dataset/train/clumber/04281.jpg,clumber,31,train
dataset/train/clumber/04712.jpg,clumber,31,train
dataset/train/clumber/05291.jpg,clumber,31,val
dataset/train/clumber/03140.jpg,clumber,31,val
dataset/train/clumber/05449.jpg,clumber,31,val
dataset/train/clumber/02362.jpg,clumber,31,val
dataset/train/clumber/02003.jpg,clumber,31,val
dataset/train/clumber/05167.jpg,clumber,31,val
dataset/train/clumber/05448.jpg,clumber,31,val
dataset/train/clumber/02604.jpg,clumber,31,val
dataset/train/clumber/04580.jpg,clumber,31,val
dataset/train/clumber/00482.jpg,clumber,31,val
dataset/train/clumber/01665.jpg,clumber,31,val
dataset/train/clumber/05137.jpg,clumber,31,val
dataset/train/clumber/04965.jpg,clumber,31,val
dataset/train/clumber/04499.jpg,clumber,31,val
dataset/train/clumber/01018.jpg,clumber,31,val
dataset/train/clumber/02775.jpg,clumber,31,val
dataset/train/clumber/05030.jpg,clumber,31,val
dataset/train/clumber/04241.jpg,clumber,31,val
dataset/train/clumber/03690.jpg,clumber,31,val
dataset/train/clumber/04039.jpg,clumber,31,val
dataset/train/cocker_spaniel/10930.jpg,cocker_spaniel,32,train
dataset/train/cocker_spaniel/14073.jpg,cocker_spaniel,32,train
dataset/train/cocker_spaniel/12887.jpg,cocker_spaniel,32,train
dataset/train/cocker_spaniel/02919.jpg,cocker_spaniel,32,train
dataset/train/cocker_spaniel/10162.jpg,cocker_spaniel,32,train
dataset/train/cocker_spaniel/04130.jpg,cocker_spaniel,32,train
dataset/train/cocker_spaniel/11221.jpg,cocker_spaniel,32,train
dataset/train/cocker_spaniel/02048.jpg,cocker_spaniel,32,train
dataset/train/cocker_spaniel/10703.jpg,cocker_spaniel,32,train
dataset/train/cocker_spaniel/00422.jpg,cocker_spaniel,32,train
dataset/train/cocker_spaniel/11072.jpg,cocker_spaniel,32,train
dataset/train/cocker_spaniel/14555.jpg,cocker_spaniel,32,train
dataset/train/cocker_spaniel/10087.jpg,cocker_spaniel,32,train
dataset/train/cocker_spaniel/04172.jpg,cocker_spaniel,32,train
dataset/train/cocker_spaniel/12846.jpg,cocker_spaniel,32,train
dataset/train/cocker_spaniel/02226.jpg,cocker_spaniel,32,train
dataset/train/cocker_spaniel/10180.jpg,cocker_spaniel,32,train
dataset/train/cocker_spaniel/11605.jpg,cocker_spaniel,32,train
dataset/train/cocker_spaniel/11228.jpg,cocker_spaniel,32,train
dataset/train/cocker_spaniel/01458.jpg,cocker_spaniel,32,train
dataset/train/cocker_spaniel/11581.jpg,cocker_spaniel,32,train
dataset/train/cocker_spaniel/10157.jpg,cocker_spaniel,32,train
dataset/train/cocker_spaniel/02971.jpg,cocker_spaniel,32,train
dataset/train/cocker_spaniel/02030.jpg,cocker_spaniel,32,train
dataset/train/cocker_spaniel/14986.jpg,cocker_spaniel,32,train
dataset/train/cocker_spaniel/10818.jpg,cocker_spaniel,32,train
dataset/train/cocker_spaniel/10179.jpg,cocker_spaniel,32,train
dataset/train/cocker_spaniel/14794.jpg,cocker_spaniel,32,train
dataset/train/cocker_spaniel/10795.jpg,cocker_spaniel,32,train
dataset/train/cocker_spaniel/04217.jpg,cocker_spaniel,32,train
dataset/train/cocker_spaniel/10894.jpg,cocker_spaniel,32,train
dataset/train/cocker_spaniel/10000.jpg,cocker_spaniel,32,train
dataset/train/cocker_spaniel/03269.jpg,cocker_spaniel,32,train
dataset/train/cocker_spaniel/04465.jpg,cocker_spaniel,32,train
dataset/train/cocker_spaniel/14006.jpg,cocker_spaniel,32,train
dataset/train/cocker_spaniel/10019.jpg,cocker_spaniel,32,train
dataset/train/cocker_spaniel/03827.jpg,cocker_spaniel,32,train
dataset/train/cocker_spaniel/14756.jpg,cocker_spaniel,32,train
dataset/train/cocker_spaniel/12008.jpg,cocker_spaniel,32,train
dataset/train/cocker_spaniel/13800.jpg,cocker_spaniel,32,train
dataset/train/cocker_spaniel/02271.jpg,cocker_spaniel,32,train
dataset/train/cocker_spaniel/01671.jpg,cocker_spaniel,32,train
dataset/train/cocker_spaniel/12717.jpg,cocker_spaniel,32,train
dataset/train/cocker_spaniel/11704.jpg,cocker_spaniel,32,train
dataset/train/cocker_spaniel/10020.jpg,cocker_spaniel,32,train
dataset/train/cocker_spaniel/10178.jpg,cocker_spaniel,32,train
dataset/train/cocker_spaniel/12053.jpg,cocker_spaniel,32,train
dataset/train/cocker_spaniel/02073.jpg,cocker_spaniel,32,train
dataset/train/cocker_spaniel/01691.jpg,cocker_spaniel,32,train
dataset/train/cocker_spaniel/04137.jpg,cocker_spaniel,32,train
dataset/train/cocker_spaniel/03429.jpg,cocker_spaniel,32,train
dataset/train/cocker_spaniel/03504.jpg,cocker_spaniel,32,train
dataset/train/cocker_spaniel/00020.jpg,cocker_spaniel,32,train
dataset/train/cocker_spaniel/10218.jpg,cocker_spaniel,32,train
dataset/train/cocker_spaniel/12877.jpg,cocker_spaniel,32,train
dataset/train/cocker_spaniel/11615.jpg,cocker_spaniel,32,train
dataset/train/cocker_spaniel/10618.jpg,cocker_spaniel,32,train
dataset/train/cocker_spaniel/03415.jpg,cocker_spaniel,32,train
dataset/train/cocker_spaniel/11769.jpg,cocker_spaniel,32,train
dataset/train/cocker_spaniel/00239.jpg,cocker_spaniel,32,train
dataset/train/cocker_spaniel/10226.jpg,cocker_spaniel,32,train
dataset/train/cocker_spaniel/10542.jpg,cocker_spaniel,32,train
dataset/train/cocker_spaniel/11890.jpg,cocker_spaniel,32,train
dataset/train/cocker_spaniel/12238.jpg,cocker_spaniel,32,train
dataset/train/cocker_spaniel/03121.jpg,cocker_spaniel,32,train
dataset/train/cocker_spaniel/11865.jpg,cocker_spaniel,32,train
dataset/train/cocker_spaniel/10261.jpg,cocker_spaniel,32,train
dataset/train/cocker_spaniel/03545.jpg,cocker_spaniel,32,train
dataset/train/cocker_spaniel/10697.jpg,cocker_spaniel,32,train
dataset/train/cocker_spaniel/10483.jpg,cocker_spaniel,32,train
dataset/train/cocker_spaniel/11481.jpg,cocker_spaniel,32,train
dataset/train/cocker_spaniel/10058.jpg,cocker_spaniel,32,train
dataset/train/cocker_spaniel/02983.jpg,cocker_spaniel,32,train
dataset/train/cocker_spaniel/11445.jpg,cocker_spaniel,32,train
dataset/train/cocker_spaniel/02997.jpg,cocker_spaniel,32,train
dataset/train/cocker_spaniel/11141.jpg,cocker_spaniel,32,train
dataset/train/cocker_spaniel/03696.jpg,cocker_spaniel,32,train
dataset/train/cocker_spaniel/14111.jpg,cocker_spaniel,32,train
dataset/train/cocker_spaniel/02984.jpg,cocker_spaniel,32,train
dataset/train/cocker_spaniel/12613.jpg,cocker_spaniel,32,train
dataset/train/cocker_spaniel/01597.jpg,cocker_spaniel,32,val
dataset/train/cocker_spaniel/03658.jpg,cocker_spaniel,32,val
dataset/train/cocker_spaniel/01983.jpg,cocker_spaniel,32,val
dataset/train/cocker_spaniel/02180.jpg,cocker_spaniel,32,val
dataset/train/cocker_spaniel/00208.jpg,cocker_spaniel,32,val
dataset/train/cocker_spaniel/11805.jpg,cocker_spaniel,32,val
dataset/train/cocker_spaniel/10360.jpg,cocker_spaniel,32,val
dataset/train/cocker_spaniel/03700.jpg,cocker_spaniel,32,val
dataset/train/cocker_spaniel/11573.jpg,cocker_spaniel,32,val
dataset/train/cocker_spaniel/01754.jpg,cocker_spaniel,32,val
dataset/train/cocker_spaniel/10595.jpg,cocker_spaniel,32,val
dataset/train/cocker_spaniel/03511.jpg,cocker_spaniel,32,val
dataset/train/cocker_spaniel/14892.jpg,cocker_spaniel,32,val
dataset/train/cocker_spaniel/00234.jpg,cocker_spaniel,32,val
dataset/train/cocker_spaniel/10355.jpg,cocker_spaniel,32,val
dataset/train/cocker_spaniel/12265.jpg,cocker_spaniel,32,val
dataset/train/cocker_spaniel/11648.jpg,cocker_spaniel,32,val
dataset/train/cocker_spaniel/10645.jpg,cocker_spaniel,32,val
dataset/train/cocker_spaniel/02698.jpg,cocker_spaniel,32,val
dataset/train/cocker_spaniel/11443.jpg,cocker_spaniel,32,val
dataset/train/collie/01005.jpg,collie,33,train
dataset/train/collie/15840.jpg,collie,33,train
dataset/train/collie/17232.jpg,collie,33,train
dataset/train/collie/16671.jpg,collie,33,train
dataset/train/collie/16623.jpg,collie,33,train
dataset/train/collie/16546.jpg,collie,33,train
dataset/train/collie/15728.jpg,collie,33,train
dataset/train/collie/14089.jpg,collie,33,train
dataset/train/collie/15074.jpg,collie,33,train
dataset/train/collie/10459.jpg,collie,33,train
dataset/train/collie/17179.jpg,collie,33,train
dataset/train/collie/14653.jpg,collie,33,train
dataset/train/collie/15631.jpg,collie,33,train
dataset/train/collie/13834.jpg,collie,33,train
dataset/train/collie/16509.jpg,collie,33,train
dataset/train/collie/15771.jpg,collie,33,train
dataset/train/collie/17418.jpg,collie,33,train
dataset/train/collie/15613.jpg,collie,33,train
dataset/train/collie/15888.jpg,collie,33,train
dataset/train/collie/10377.jpg,collie,33,train
dataset/train/collie/16359.jpg,collie,33,train
dataset/train/collie/17567.jpg,collie,33,train
dataset/train/collie/16186.jpg,collie,33,train
dataset/train/collie/15622.jpg,collie,33,train
dataset/train/collie/15619.jpg,collie,33,train
dataset/train/collie/16029.jpg,collie,33,train
dataset/train/collie/15735.jpg,collie,33,train
dataset/train/collie/17733.jpg,collie,33,train
dataset/train/collie/15836.jpg,collie,33,train
dataset/train/collie/16181.jpg,collie,33,train
dataset/train/collie/12670.jpg,collie,33,train
dataset/train/collie/15857.jpg,collie,33,train
dataset/train/collie/10246.jpg,collie,33,train
dataset/train/collie/16080.jpg,collie,33,train
dataset/train/collie/17074.jpg,collie,33,train
dataset/train/collie/17752.jpg,collie,33,train
dataset/train/collie/16162.jpg,collie,33,train
dataset/train/collie/14736.jpg,collie,33,train
dataset/train/collie/12714.jpg,collie,33,train
dataset/train/collie/17165.jpg,collie,33,train
dataset/train/collie/01152.jpg,collie,33,train
dataset/train/collie/16000.jpg,collie,33,train
dataset/train/collie/14143.jpg,collie,33,train
dataset/train/collie/15172.jpg,collie,33,train
dataset/train/collie/11024.jpg,collie,33,train
dataset/train/collie/15967.jpg,collie,33,train
dataset/train/collie/15008.jpg,collie,33,train
dataset/train/collie/17662.jpg,collie,33,train
dataset/train/collie/10057.jpg,collie,33,train
dataset/train/collie/16254.jpg,collie,33,train
dataset/train/collie/15829.jpg,collie,33,train
dataset/train/collie/16215.jpg,collie,33,train
dataset/train/collie/15408.jpg,collie,33,train
dataset/train/collie/16338.jpg,collie,33,train
dataset/train/collie/16279.jpg,collie,33,train
dataset/train/collie/11148.jpg,collie,33,train
dataset/train/collie/16184.jpg,collie,33,train
dataset/train/collie/16250.jpg,collie,33,train
dataset/train/collie/16173.jpg,collie,33,train
dataset/train/collie/17669.jpg,collie,33,train
dataset/train/collie/16046.jpg,collie,33,train
dataset/train/collie/17578.jpg,collie,33,train
dataset/train/collie/15508.jpg,collie,33,train
dataset/train/collie/16212.jpg,collie,33,train
dataset/train/collie/17285.jpg,collie,33,train
dataset/train/collie/15419.jpg,collie,33,train
dataset/train/collie/10021.jpg,collie,33,train
dataset/train/collie/15577.jpg,collie,33,train
dataset/train/collie/15054.jpg,collie,33,train
dataset/train/collie/01199.jpg,collie,33,train
dataset/train/collie/16268.jpg,collie,33,train
dataset/train/collie/10675.jpg,collie,33,train
dataset/train/collie/14677.jpg,collie,33,train
dataset/train/collie/17732.jpg,collie,33,train
dataset/train/collie/16011.jpg,collie,33,train
dataset/train/collie/17546.jpg,collie,33,train
dataset/train/collie/15958.jpg,collie,33,train
dataset/train/collie/16171.jpg,collie,33,train
dataset/train/collie/17255.jpg,collie,33,train
dataset/train/collie/15923.jpg,collie,33,train
dataset/train/collie/16370.jpg,collie,33,val
dataset/train/collie/17586.jpg,collie,33,val
dataset/train/collie/00124.jpg,collie,33,val
dataset/train/collie/17679.jpg,collie,33,val
dataset/train/collie/16290.jpg,collie,33,val
dataset/train/collie/10965.jpg,collie,33,val
dataset/train/collie/14811.jpg,collie,33,val
dataset/train/collie/15858.jpg,collie,33,val
dataset/train/collie/16095.jpg,collie,33,val
dataset/train/collie/14943.jpg,collie,33,val
dataset/train/collie/10170.jpg,collie,33,val
dataset/train/collie/15284.jpg,collie,33,val
dataset/train/collie/14738.jpg,collie,33,val
dataset/train/collie/16356.jpg,collie,33,val
dataset/train/collie/10883.jpg,collie,33,val
dataset/train/collie/15388.jpg,collie,33,val
dataset/train/collie/16188.jpg,collie,33,val
dataset/train/collie/15637.jpg,collie,33,val
dataset/train/collie/15169.jpg,collie,33,val
dataset/train/collie/14999.jpg,collie,33,val
dataset/train/curly_coated_retriever/01593.jpg,curly_coated_retriever,34,train
dataset/train/curly_coated_retriever/01234.jpg,curly_coated_retriever,34,train
dataset/train/curly_coated_retriever/01405.jpg,curly_coated_retriever,34,train
dataset/train/curly_coated_retriever/02936.jpg,curly_coated_retriever,34,train
dataset/train/curly_coated_retriever/01200.jpg,curly_coated_retriever,34,train
dataset/train/curly_coated_retriever/02838.jpg,curly_coated_retriever,34,train
dataset/train/curly_coated_retriever/00227.jpg,curly_coated_retriever,34,train
dataset/train/curly_coated_retriever/01150.jpg,curly_coated_retriever,34,train
dataset/train/curly_coated_retriever/00159.jpg,curly_coated_retriever,34,train
dataset/train/curly_coated_retriever/02263.jpg,curly_coated_retriever,34,train
dataset/train/curly_coated_retriever/02650.jpg,curly_coated_retriever,34,train
dataset/train/curly_coated_retriever/00282.jpg,curly_coated_retriever,34,train
dataset/train/curly_coated_retriever/02119.jpg,curly_coated_retriever,34,train
dataset/train/curly_coated_retriever/02767.jpg,curly_coated_retriever,34,train
dataset/train/curly_coated_retriever/02186.jpg,curly_coated_retriever,34,train
dataset/train/curly_coated_retriever/01966.jpg,curly_coated_retriever,34,train
dataset/train/curly_coated_retriever/00313.jpg,curly_coated_retriever,34,train
dataset/train/curly_coated_retriever/03119.jpg,curly_coated_retriever,34,train
dataset/train/curly_coated_retriever/01259.jpg,curly_coated_retriever,34,train
dataset/train/curly_coated_retriever/00121.jpg,curly_coated_retriever,34,train
dataset/train/curly_coated_retriever/02915.jpg,curly_coated_retriever,34,train
dataset/train/curly_coated_retriever/03026.jpg,curly_coated_retriever,34,train
dataset/train/curly_coated_retriever/01654.jpg,curly_coated_retriever,34,train
dataset/train/curly_coated_retriever/01744.jpg,curly_coated_retriever,34,train
dataset/train/curly_coated_retriever/01759.jpg,curly_coated_retriever,34,train
dataset/train/curly_coated_retriever/02392.jpg,curly_coated_retriever,34,train
dataset/train/curly_coated_retriever/01236.jpg,curly_coated_retriever,34,train
dataset/train/curly_coated_retriever/01876.jpg,curly_coated_retriever,34,train
dataset/train/curly_coated_retriever/02287.jpg,curly_coated_retriever,34,train
dataset/train/curly_coated_retriever/01122.jpg,curly_coated_retriever,34,train
dataset/train/curly_coated_retriever/02170.jpg,curly_coated_retriever,34,train
dataset/train/curly_coated_retriever/01165.jpg,curly_coated_retriever,34,train
dataset/train/curly_coated_retriever/02570.jpg,curly_coated_retriever,34,train
dataset/train/curly_coated_retriever/02776.jpg,curly_coated_retriever,34,train
dataset/train/curly_coated_retriever/01696.jpg,curly_coated_retriever,34,train
dataset/train/curly_coated_retriever/02281.jpg,curly_coated_retriever,34,train
dataset/train/curly_coated_retriever/02698.jpg,curly_coated_retriever,34,train
dataset/train/curly_coated_retriever/02934.jpg,curly_coated_retriever,34,train
dataset/train/curly_coated_retriever/01359.jpg,curly_coated_retriever,34,train
dataset/train/curly_coated_retriever/01342.jpg,curly_coated_retriever,34,train
dataset/train/curly_coated_retriever/00249.jpg,curly_coated_retriever,34,train
dataset/train/curly_coated_retriever/02699.jpg,curly_coated_retriever,34,train
dataset/train/curly_coated_retriever/02149.jpg,curly_coated_retriever,34,train
dataset/train/curly_coated_retriever/01039.jpg,curly_coated_retriever,34,train
dataset/train/curly_coated_retriever/00120.jpg,curly_coated_retriever,34,train
dataset/train/curly_coated_retriever/02925.jpg,curly_coated_retriever,34,train
dataset/train/curly_coated_retriever/00273.jpg,curly_coated_retriever,34,train
dataset/train/curly_coated_retriever/00198.jpg,curly_coated_retriever,34,train
dataset/train/curly_coated_retriever/00212.jpg,curly_coated_retriever,34,train
dataset/train/curly_coated_retriever/02504.jpg,curly_coated_retriever,34,train
dataset/train/curly_coated_retriever/03023.jpg,curly_coated_retriever,34,train
dataset/train/curly_coated_retriever/01068.jpg,curly_coated_retriever,34,train
dataset/train/curly_coated_retriever/02374.jpg,curly_coated_retriever,34,train
dataset/train/curly_coated_retriever/01662.jpg,curly_coated_retriever,34,train
dataset/train/curly_coated_retriever/01465.jpg,curly_coated_retriever,34,train
dataset/train/curly_coated_retriever/02991.jpg,curly_coated_retriever,34,train
dataset/train/curly_coated_retriever/01430.jpg,curly_coated_retriever,34,train
dataset/train/curly_coated_retriever/02236.jpg,curly_coated_retriever,34,train
dataset/train/curly_coated_retriever/02733.jpg,curly_coated_retriever,34,train
dataset/train/curly_coated_retriever/01950.jpg,curly_coated_retriever,34,train
dataset/train/curly_coated_retriever/01328.jpg,curly_coated_retriever,34,train
dataset/train/curly_coated_retriever/01793.jpg,curly_coated_retriever,34,train
dataset/train/curly_coated_retriever/02291.jpg,curly_coated_retriever,34,train
dataset/train/curly_coated_retriever/00244.jpg,curly_coated_retriever,34,train
dataset/train/curly_coated_retriever/01701.jpg,curly_coated_retriever,34,train
dataset/train/curly_coated_retriever/02839.jpg,curly_coated_retriever,34,train
dataset/train/curly_coated_retriever/02756.jpg,curly_coated_retriever,34,train
dataset/train/curly_coated_retriever/03024.jpg,curly_coated_retriever,34,train
dataset/train/curly_coated_retriever/00258.jpg,curly_coated_retriever,34,train
dataset/train/curly_coated_retriever/00016.jpg,curly_coated_retriever,34,train
dataset/train/curly_coated_retriever/02559.jpg,curly_coated_retriever,34,train
dataset/train/curly_coated_retriever/01627.jpg,curly_coated_retriever,34,train
dataset/train/curly_coated_retriever/02227.jpg,curly_coated_retriever,34,train
dataset/train/curly_coated_retriever/02122.jpg,curly_coated_retriever,34,train
dataset/train/curly_coated_retriever/01758.jpg,curly_coated_retriever,34,train
dataset/train/curly_coated_retriever/02930.jpg,curly_coated_retriever,34,train
dataset/train/curly_coated_retriever/01433.jpg,curly_coated_retriever,34,train
dataset/train/curly_coated_retriever/03029.jpg,curly_coated_retriever,34,train
dataset/train/curly_coated_retriever/02264.jpg,curly_coated_retriever,34,train
dataset/train/curly_coated_retriever/01804.jpg,curly_coated_retriever,34,train
dataset/train/curly_coated_retriever/01773.jpg,curly_coated_retriever,34,val
dataset/train/curly_coated_retriever/01239.jpg,curly_coated_retriever,34,val
dataset/train/curly_coated_retriever/03033.jpg,curly_coated_retriever,34,val
dataset/train/curly_coated_retriever/01304.jpg,curly_coated_retriever,34,val
dataset/train/curly_coated_retriever/02335.jpg,curly_coated_retriever,34,val
dataset/train/curly_coated_retriever/00248.jpg,curly_coated_retriever,34,val
dataset/train/curly_coated_retriever/01472.jpg,curly_coated_retriever,34,val
dataset/train/curly_coated_retriever/01883.jpg,curly_coated_retriever,34,val
dataset/train/curly_coated_retriever/02608.jpg,curly_coated_retriever,34,val
dataset/train/curly_coated_retriever/01178.jpg,curly_coated_retriever,34,val
dataset/train/curly_coated_retriever/01954.jpg,curly_coated_retriever,34,val
dataset/train/curly_coated_retriever/03077.jpg,curly_coated_retriever,34,val
dataset/train/curly_coated_retriever/00109.jpg,curly_coated_retriever,34,val
dataset/train/curly_coated_retriever/01412.jpg,curly_coated_retriever,34,val
dataset/train/curly_coated_retriever/01468.jpg,curly_coated_retriever,34,val
dataset/train/curly_coated_retriever/03103.jpg,curly_coated_retriever,34,val
dataset/train/curly_coated_retriever/01372.jpg,curly_coated_retriever,34,val
dataset/train/curly_coated_retriever/02393.jpg,curly_coated_retriever,34,val
dataset/train/curly_coated_retriever/01377.jpg,curly_coated_retriever,34,val
dataset/train/curly_coated_retriever/01504.jpg,curly_coated_retriever,34,val
dataset/train/dandie_dinmont/01015.jpg,dandie_dinmont,35,train
dataset/train/dandie_dinmont/02771.jpg,dandie_dinmont,35,train
dataset/train/dandie_dinmont/01171.jpg,dandie_dinmont,35,train
dataset/train/dandie_dinmont/02568.jpg,dandie_dinmont,35,train
dataset/train/dandie_dinmont/00311.jpg,dandie_dinmont,35,train
dataset/train/dandie_dinmont/01793.jpg,dandie_dinmont,35,train
dataset/train/dandie_dinmont/02639.jpg,dandie_dinmont,35,train
dataset/train/dandie_dinmont/01267.jpg,dandie_dinmont,35,train
dataset/train/dandie_dinmont/01420.jpg,dandie_dinmont,35,train
dataset/train/dandie_dinmont/02890.jpg,dandie_dinmont,35,train
dataset/train/dandie_dinmont/00287.jpg,dandie_dinmont,35,train
dataset/train/dandie_dinmont/01070.jpg,dandie_dinmont,35,train
dataset/train/dandie_dinmont/01668.jpg,dandie_dinmont,35,train
dataset/train/dandie_dinmont/03349.jpg,dandie_dinmont,35,train
dataset/train/dandie_dinmont/03319.jpg,dandie_dinmont,35,train
dataset/train/dandie_dinmont/01760.jpg,dandie_dinmont,35,train
dataset/train/dandie_dinmont/01424.jpg,dandie_dinmont,35,train
dataset/train/dandie_dinmont/03306.jpg,dandie_dinmont,35,train
dataset/train/dandie_dinmont/01511.jpg,dandie_dinmont,35,train
dataset/train/dandie_dinmont/01656.jpg,dandie_dinmont,35,train
dataset/train/dandie_dinmont/02309.jpg,dandie_dinmont,35,train
dataset/train/dandie_dinmont/02350.jpg,dandie_dinmont,35,train
dataset/train/dandie_dinmont/02508.jpg,dandie_dinmont,35,train
dataset/train/dandie_dinmont/03427.jpg,dandie_dinmont,35,train
dataset/train/dandie_dinmont/01135.jpg,dandie_dinmont,35,train
dataset/train/dandie_dinmont/01207.jpg,dandie_dinmont,35,train
dataset/train/dandie_dinmont/00029.jpg,dandie_dinmont,35,train
dataset/train/dandie_dinmont/01503.jpg,dandie_dinmont,35,train
dataset/train/dandie_dinmont/00179.jpg,dandie_dinmont,35,train
dataset/train/dandie_dinmont/03356.jpg,dandie_dinmont,35,train
dataset/train/dandie_dinmont/02603.jpg,dandie_dinmont,35,train
dataset/train/dandie_dinmont/01936.jpg,dandie_dinmont,35,train
dataset/train/dandie_dinmont/02783.jpg,dandie_dinmont,35,train
dataset/train/dandie_dinmont/00290.jpg,dandie_dinmont,35,train
dataset/train/dandie_dinmont/02267.jpg,dandie_dinmont,35,train
dataset/train/dandie_dinmont/02364.jpg,dandie_dinmont,35,train
dataset/train/dandie_dinmont/03112.jpg,dandie_dinmont,35,train
dataset/train/dandie_dinmont/02055.jpg,dandie_dinmont,35,train
dataset/train/dandie_dinmont/01963.jpg,dandie_dinmont,35,train
dataset/train/dandie_dinmont/02224.jpg,dandie_dinmont,35,train
dataset/train/dandie_dinmont/02313.jpg,dandie_dinmont,35,train
dataset/train/dandie_dinmont/01641.jpg,dandie_dinmont,35,train
dataset/train/dandie_dinmont/01125.jpg,dandie_dinmont,35,train
dataset/train/dandie_dinmont/01790.jpg,dandie_dinmont,35,train
dataset/train/dandie_dinmont/01219.jpg,dandie_dinmont,35,train
dataset/train/dandie_dinmont/02291.jpg,dandie_dinmont,35,train
dataset/train/dandie_dinmont/01320.jpg,dandie_dinmont,35,train
dataset/train/dandie_dinmont/01605.jpg,dandie_dinmont,35,train
dataset/train/dandie_dinmont/00148.jpg,dandie_dinmont,35,train
dataset/train/dandie_dinmont/01532.jpg,dandie_dinmont,35,train
dataset/train/dandie_dinmont/02470.jpg,dandie_dinmont,35,train
dataset/train/dandie_dinmont/00335.jpg,dandie_dinmont,35,train
dataset/train/dandie_dinmont/01521.jpg,dandie_dinmont,35,train
dataset/train/dandie_dinmont/01448.jpg,dandie_dinmont,35,train
dataset/train/dandie_dinmont/02617.jpg,dandie_dinmont,35,train
dataset/train/dandie_dinmont/01614.jpg,dandie_dinmont,35,train
dataset/train/dandie_dinmont/01926.jpg,dandie_dinmont,35,train
dataset/train/dandie_dinmont/03195.jpg,dandie_dinmont,35,train
dataset/train/dandie_dinmont/01782.jpg,dandie_dinmont,35,train
dataset/train/dandie_dinmont/02504.jpg,dandie_dinmont,35,train
dataset/train/dandie_dinmont/01055.jpg,dandie_dinmont,35,train
dataset/train/dandie_dinmont/01098.jpg,dandie_dinmont,35,train
dataset/train/dandie_dinmont/01012.jpg,dandie_dinmont,35,train
dataset/train/dandie_dinmont/01006.jpg,dandie_dinmont,35,train
dataset/train/dandie_dinmont/03167.jpg,dandie_dinmont,35,train
dataset/train/dandie_dinmont/03241.jpg,dandie_dinmont,35,train
dataset/train/dandie_dinmont/03311.jpg,dandie_dinmont,35,train
dataset/train/dandie_dinmont/01891.jpg,dandie_dinmont,35,train
dataset/train/dandie_dinmont/01129.jpg,dandie_dinmont,35,train
dataset/train/dandie_dinmont/02605.jpg,dandie_dinmont,35,train
dataset/train/dandie_dinmont/01367.jpg,dandie_dinmont,35,train
dataset/train/dandie_dinmont/01653.jpg,dandie_dinmont,35,train
dataset/train/dandie_dinmont/01952.jpg,dandie_dinmont,35,train
dataset/train/dandie_dinmont/01143.jpg,dandie_dinmont,35,train
dataset/train/dandie_dinmont/02711.jpg,dandie_dinmont,35,train
dataset/train/dandie_dinmont/02580.jpg,dandie_dinmont,35,train
dataset/train/dandie_dinmont/00137.jpg,dandie_dinmont,35,train
dataset/train/dandie_dinmont/02455.jpg,dandie_dinmont,35,train
dataset/train/dandie_dinmont/02310.jpg,dandie_dinmont,35,train
dataset/train/dandie_dinmont/00294.jpg,dandie_dinmont,35,train
dataset/train/dandie_dinmont/01900.jpg,dandie_dinmont,35,val
dataset/train/dandie_dinmont/02117.jpg,dandie_dinmont,35,val
dataset/train/dandie_dinmont/02070.jpg,dandie_dinmont,35,val
dataset/train/dandie_dinmont/01643.jpg,dandie_dinmont,35,val
dataset/train/dandie_dinmont/01456.jpg,dandie_dinmont,35,val
dataset/train/dandie_dinmont/02940.jpg,dandie_dinmont,35,val
dataset/train/dandie_dinmont/02376.jpg,dandie_dinmont,35,val
dataset/train/dandie_dinmont/00183.jpg,dandie_dinmont,35,val
dataset/train/dandie_dinmont/01551.jpg,dandie_dinmont,35,val
dataset/train/dandie_dinmont/02480.jpg,dandie_dinmont,35,val
dataset/train/dandie_dinmont/02067.jpg,dandie_dinmont,35,val
dataset/train/dandie_dinmont/02900.jpg,dandie_dinmont,35,val
dataset/train/dandie_dinmont/01054.jpg,dandie_dinmont,35,val
dataset/train/dandie_dinmont/03289.jpg,dandie_dinmont,35,val
dataset/train/dandie_dinmont/01385.jpg,dandie_dinmont,35,val
dataset/train/dandie_dinmont/01650.jpg,dandie_dinmont,35,val
dataset/train/dandie_dinmont/01678.jpg,dandie_dinmont,35,val
dataset/train/dandie_dinmont/00140.jpg,dandie_dinmont,35,val
dataset/train/dandie_dinmont/02019.jpg,dandie_dinmont,35,val
dataset/train/dandie_dinmont/01613.jpg,dandie_dinmont,35,val
dataset/train/dhole/03800.jpg,dhole,36,train
dataset/train/dhole/02480.jpg,dhole,36,train
dataset/train/dhole/01188.jpg,dhole,36,train
dataset/train/dhole/03052.jpg,dhole,36,train
dataset/train/dhole/02520.jpg,dhole,36,train
dataset/train/dhole/02365.jpg,dhole,36,train
dataset/train/dhole/01979.jpg,dhole,36,train
dataset/train/dhole/01047.jpg,dhole,36,train
dataset/train/dhole/01663.jpg,dhole,36,train
dataset/train/dhole/02044.jpg,dhole,36,train
dataset/train/dhole/01830.jpg,dhole,36,train
dataset/train/dhole/01332.jpg,dhole,36,train
dataset/train/dhole/01677.jpg,dhole,36,train
dataset/train/dhole/03854.jpg,dhole,36,train
dataset/train/dhole/03270.jpg,dhole,36,train
dataset/train/dhole/01288.jpg,dhole,36,train
dataset/train/dhole/02138.jpg,dhole,36,train
dataset/train/dhole/03878.jpg,dhole,36,train
dataset/train/dhole/01742.jpg,dhole,36,train
dataset/train/dhole/02841.jpg,dhole,36,train
dataset/train/dhole/02579.jpg,dhole,36,train
dataset/train/dhole/00139.jpg,dhole,36,train
dataset/train/dhole/00025.jpg,dhole,36,train
dataset/train/dhole/02338.jpg,dhole,36,train
dataset/train/dhole/03902.jpg,dhole,36,train
dataset/train/dhole/03740.jpg,dhole,36,train
dataset/train/dhole/01897.jpg,dhole,36,train
dataset/train/dhole/01772.jpg,dhole,36,train
dataset/train/dhole/03850.jpg,dhole,36,train
dataset/train/dhole/00257.jpg,dhole,36,train
dataset/train/dhole/02005.jpg,dhole,36,train
dataset/train/dhole/03010.jpg,dhole,36,train
dataset/train/dhole/02264.jpg,dhole,36,train
dataset/train/dhole/02325.jpg,dhole,36,train
dataset/train/dhole/00359.jpg,dhole,36,train
dataset/train/dhole/01637.jpg,dhole,36,train
dataset/train/dhole/02542.jpg,dhole,36,train
dataset/train/dhole/02412.jpg,dhole,36,train
dataset/train/dhole/02657.jpg,dhole,36,train
dataset/train/dhole/01273.jpg,dhole,36,train
dataset/train/dhole/01552.jpg,dhole,36,train
dataset/train/dhole/01449.jpg,dhole,36,train
dataset/train/dhole/03863.jpg,dhole,36,train
dataset/train/dhole/00312.jpg,dhole,36,train
dataset/train/dhole/03115.jpg,dhole,36,train
dataset/train/dhole/00311.jpg,dhole,36,train
dataset/train/dhole/02895.jpg,dhole,36,train
dataset/train/dhole/02253.jpg,dhole,36,train
dataset/train/dhole/01744.jpg,dhole,36,train
dataset/train/dhole/00219.jpg,dhole,36,train
dataset/train/dhole/03529.jpg,dhole,36,train
dataset/train/dhole/01622.jpg,dhole,36,train
dataset/train/dhole/01067.jpg,dhole,36,train
dataset/train/dhole/01963.jpg,dhole,36,train
dataset/train/dhole/01233.jpg,dhole,36,train
dataset/train/dhole/01578.jpg,dhole,36,train
dataset/train/dhole/03743.jpg,dhole,36,train
dataset/train/dhole/02524.jpg,dhole,36,train
dataset/train/dhole/01796.jpg,dhole,36,train
dataset/train/dhole/02414.jpg,dhole,36,train
dataset/train/dhole/01224.jpg,dhole,36,train
dataset/train/dhole/03473.jpg,dhole,36,train
dataset/train/dhole/01142.jpg,dhole,36,train
dataset/train/dhole/00038.jpg,dhole,36,train
dataset/train/dhole/01066.jpg,dhole,36,train
dataset/train/dhole/01244.jpg,dhole,36,train
dataset/train/dhole/03480.jpg,dhole,36,train
dataset/train/dhole/03527.jpg,dhole,36,train
dataset/train/dhole/01682.jpg,dhole,36,train
dataset/train/dhole/03875.jpg,dhole,36,train
dataset/train/dhole/03196.jpg,dhole,36,train
dataset/train/dhole/03229.jpg,dhole,36,train
dataset/train/dhole/02320.jpg,dhole,36,train
dataset/train/dhole/01060.jpg,dhole,36,train
dataset/train/dhole/02259.jpg,dhole,36,train
dataset/train/dhole/00368.jpg,dhole,36,train
dataset/train/dhole/01522.jpg,dhole,36,train
dataset/train/dhole/00262.jpg,dhole,36,train
dataset/train/dhole/01493.jpg,dhole,36,train
dataset/train/dhole/03842.jpg,dhole,36,train
dataset/train/dhole/03753.jpg,dhole,36,val
dataset/train/dhole/01323.jpg,dhole,36,val
dataset/train/dhole/03278.jpg,dhole,36,val
dataset/train/dhole/03178.jpg,dhole,36,val
dataset/train/dhole/01631.jpg,dhole,36,val
dataset/train/dhole/02300.jpg,dhole,36,val
dataset/train/dhole/01688.jpg,dhole,36,val
dataset/train/dhole/01010.jpg,dhole,36,val
dataset/train/dhole/01334.jpg,dhole,36,val
dataset/train/dhole/03465.jpg,dhole,36,val
dataset/train/dhole/03107.jpg,dhole,36,val
dataset/train/dhole/00250.jpg,dhole,36,val
dataset/train/dhole/01213.jpg,dhole,36,val
dataset/train/dhole/03647.jpg,dhole,36,val
dataset/train/dhole/02014.jpg,dhole,36,val
dataset/train/dhole/03601.jpg,dhole,36,val
dataset/train/dhole/01352.jpg,dhole,36,val
dataset/train/dhole/00253.jpg,dhole,36,val
dataset/train/dhole/03313.jpg,dhole,36,val
dataset/train/dhole/02029.jpg,dhole,36,val
dataset/train/dingo/11668.jpg,dingo,37,train
dataset/train/dingo/05687.jpg,dingo,37,train
dataset/train/dingo/10604.jpg,dingo,37,train
dataset/train/dingo/04951.jpg,dingo,37,train
dataset/train/dingo/10570.jpg,dingo,37,train
dataset/train/dingo/11220.jpg,dingo,37,train
dataset/train/dingo/01380.jpg,dingo,37,train
dataset/train/dingo/04265.jpg,dingo,37,train
dataset/train/dingo/04851.jpg,dingo,37,train
dataset/train/dingo/05823.jpg,dingo,37,train
dataset/train/dingo/04830.jpg,dingo,37,train
dataset/train/dingo/01327.jpg,dingo,37,train
dataset/train/dingo/05798.jpg,dingo,37,train
dataset/train/dingo/04737.jpg,dingo,37,train
dataset/train/dingo/01560.jpg,dingo,37,train
dataset/train/dingo/05178.jpg,dingo,37,train
dataset/train/dingo/01674.jpg,dingo,37,train
dataset/train/dingo/02041.jpg,dingo,37,train
dataset/train/dingo/02953.jpg,dingo,37,train
dataset/train/dingo/05320.jpg,dingo,37,train
dataset/train/dingo/06183.jpg,dingo,37,train
dataset/train/dingo/10561.jpg,dingo,37,train
dataset/train/dingo/02440.jpg,dingo,37,train
dataset/train/dingo/01969.jpg,dingo,37,train
dataset/train/dingo/12634.jpg,dingo,37,train
dataset/train/dingo/01940.jpg,dingo,37,train
dataset/train/dingo/05492.jpg,dingo,37,train
dataset/train/dingo/11717.jpg,dingo,37,train
dataset/train/dingo/02871.jpg,dingo,37,train
dataset/train/dingo/12836.jpg,dingo,37,train
dataset/train/dingo/03995.jpg,dingo,37,train
dataset/train/dingo/13839.jpg,dingo,37,train
dataset/train/dingo/00630.jpg,dingo,37,train
dataset/train/dingo/13295.jpg,dingo,37,train
dataset/train/dingo/06309.jpg,dingo,37,train
dataset/train/dingo/04563.jpg,dingo,37,train
dataset/train/dingo/01228.jpg,dingo,37,train
dataset/train/dingo/03494.jpg,dingo,37,train
dataset/train/dingo/01154.jpg,dingo,37,train
dataset/train/dingo/04262.jpg,dingo,37,train
dataset/train/dingo/06407.jpg,dingo,37,train
dataset/train/dingo/13450.jpg,dingo,37,train
dataset/train/dingo/06380.jpg,dingo,37,train
dataset/train/dingo/13605.jpg,dingo,37,train
dataset/train/dingo/12922.jpg,dingo,37,train
dataset/train/dingo/12709.jpg,dingo,37,train
dataset/train/dingo/01145.jpg,dingo,37,train
dataset/train/dingo/01513.jpg,dingo,37,train
dataset/train/dingo/03977.jpg,dingo,37,train
dataset/train/dingo/02096.jpg,dingo,37,train
dataset/train/dingo/01215.jpg,dingo,37,train
dataset/train/dingo/06228.jpg,dingo,37,train
dataset/train/dingo/05033.jpg,dingo,37,train
dataset/train/dingo/03214.jpg,dingo,37,train
dataset/train/dingo/10021.jpg,dingo,37,train
dataset/train/dingo/02788.jpg,dingo,37,train
dataset/train/dingo/01574.jpg,dingo,37,train
dataset/train/dingo/04527.jpg,dingo,37,train
dataset/train/dingo/04818.jpg,dingo,37,train
dataset/train/dingo/12981.jpg,dingo,37,train
dataset/train/dingo/04607.jpg,dingo,37,train
dataset/train/dingo/00266.jpg,dingo,37,train
dataset/train/dingo/12148.jpg,dingo,37,train
dataset/train/dingo/04677.jpg,dingo,37,train
dataset/train/dingo/13269.jpg,dingo,37,train
dataset/train/dingo/03110.jpg,dingo,37,train
dataset/train/dingo/00592.jpg,dingo,37,train
dataset/train/dingo/04970.jpg,dingo,37,train
dataset/train/dingo/00136.jpg,dingo,37,train
dataset/train/dingo/02424.jpg,dingo,37,train
dataset/train/dingo/14084.jpg,dingo,37,train
dataset/train/dingo/10286.jpg,dingo,37,train
dataset/train/dingo/02764.jpg,dingo,37,train
dataset/train/dingo/06250.jpg,dingo,37,train
dataset/train/dingo/10992.jpg,dingo,37,train
dataset/train/dingo/04800.jpg,dingo,37,train
dataset/train/dingo/05815.jpg,dingo,37,train
dataset/train/dingo/03360.jpg,dingo,37,train
dataset/train/dingo/11699.jpg,dingo,37,train
dataset/train/dingo/13565.jpg,dingo,37,train
dataset/train/dingo/02636.jpg,dingo,37,val
dataset/train/dingo/10395.jpg,dingo,37,val
dataset/train/dingo/02513.jpg,dingo,37,val
dataset/train/dingo/12544.jpg,dingo,37,val
dataset/train/dingo/02500.jpg,dingo,37,val
dataset/train/dingo/04601.jpg,dingo,37,val
dataset/train/dingo/12541.jpg,dingo,37,val
dataset/train/dingo/10506.jpg,dingo,37,val
dataset/train/dingo/04674.jpg,dingo,37,val
dataset/train/dingo/14117.jpg,dingo,37,val
dataset/train/dingo/13237.jpg,dingo,37,val
dataset/train/dingo/10261.jpg,dingo,37,val
dataset/train/dingo/14495.jpg,dingo,37,val
dataset/train/dingo/03862.jpg,dingo,37,val
dataset/train/dingo/04692.jpg,dingo,37,val
dataset/train/dingo/00504.jpg,dingo,37,val
dataset/train/dingo/02701.jpg,dingo,37,val
dataset/train/dingo/03736.jpg,dingo,37,val
dataset/train/dingo/11604.jpg,dingo,37,val
dataset/train/dingo/13253.jpg,dingo,37,val
dataset/train/doberman/00021.jpg,doberman,38,train
dataset/train/doberman/12182.jpg,doberman,38,train
dataset/train/doberman/03709.jpg,doberman,38,train
dataset/train/doberman/16429.jpg,doberman,38,train
dataset/train/doberman/13677.jpg,doberman,38,train
dataset/train/doberman/11226.jpg,doberman,38,train
dataset/train/doberman/02418.jpg,doberman,38,train
dataset/train/doberman/00385.jpg,doberman,38,train
dataset/train/doberman/15936.jpg,doberman,38,train
dataset/train/doberman/00248.jpg,doberman,38,train
dataset/train/doberman/17564.jpg,doberman,38,train
dataset/train/doberman/04653.jpg,doberman,38,train
dataset/train/doberman/12749.jpg,doberman,38,train
dataset/train/doberman/12488.jpg,doberman,38,train
dataset/train/doberman/03412.jpg,doberman,38,train
dataset/train/doberman/03094.jpg,doberman,38,train
dataset/train/doberman/11042.jpg,doberman,38,train
dataset/train/doberman/02213.jpg,doberman,38,train
dataset/train/doberman/13011.jpg,doberman,38,train
dataset/train/doberman/04255.jpg,doberman,38,train
dataset/train/doberman/04148.jpg,doberman,38,train
dataset/train/doberman/14813.jpg,doberman,38,train
dataset/train/doberman/15003.jpg,doberman,38,train
dataset/train/doberman/16424.jpg,doberman,38,train
dataset/train/doberman/04663.jpg,doberman,38,train
dataset/train/doberman/18779.jpg,doberman,38,train
dataset/train/doberman/10009.jpg,doberman,38,train
dataset/train/doberman/17147.jpg,doberman,38,train
dataset/train/doberman/18413.jpg,doberman,38,train
dataset/train/doberman/13483.jpg,doberman,38,train
dataset/train/doberman/11757.jpg,doberman,38,train
dataset/train/doberman/04632.jpg,doberman,38,train
dataset/train/doberman/03033.jpg,doberman,38,train
dataset/train/doberman/16512.jpg,doberman,38,train
dataset/train/doberman/17575.jpg,doberman,38,train
dataset/train/doberman/17788.jpg,doberman,38,train
dataset/train/doberman/04725.jpg,doberman,38,train
dataset/train/doberman/10647.jpg,doberman,38,train
dataset/train/doberman/03171.jpg,doberman,38,train
dataset/train/doberman/03741.jpg,doberman,38,train
dataset/train/doberman/12739.jpg,doberman,38,train
dataset/train/doberman/15810.jpg,doberman,38,train
dataset/train/doberman/18214.jpg,doberman,38,train
dataset/train/doberman/17450.jpg,doberman,38,train
dataset/train/doberman/00278.jpg,doberman,38,train
dataset/train/doberman/16917.jpg,doberman,38,train
dataset/train/doberman/04462.jpg,doberman,38,train
dataset/train/doberman/01193.jpg,doberman,38,train
dataset/train/doberman/16400.jpg,doberman,38,train
dataset/train/doberman/11493.jpg,doberman,38,train
dataset/train/doberman/16316.jpg,doberman,38,train
dataset/train/doberman/00473.jpg,doberman,38,train
dataset/train/doberman/00034.jpg,doberman,38,train
dataset/train/doberman/01073.jpg,doberman,38,train
dataset/train/doberman/18582.jpg,doberman,38,train
dataset/train/doberman/15377.jpg,doberman,38,train
dataset/train/doberman/15334.jpg,doberman,38,train
dataset/train/doberman/01074.jpg,doberman,38,train
dataset/train/doberman/04763.jpg,doberman,38,train
dataset/train/doberman/18196.jpg,doberman,38,train
dataset/train/doberman/03073.jpg,doberman,38,train
dataset/train/doberman/01901.jpg,doberman,38,train
dataset/train/doberman/03227.jpg,doberman,38,train
dataset/train/doberman/00413.jpg,doberman,38,train
dataset/train/doberman/00030.jpg,doberman,38,train
dataset/train/doberman/01886.jpg,doberman,38,train
dataset/train/doberman/02153.jpg,doberman,38,train
dataset/train/doberman/01306.jpg,doberman,38,train
dataset/train/doberman/12076.jpg,doberman,38,train
dataset/train/doberman/01251.jpg,doberman,38,train
dataset/train/doberman/03488.jpg,doberman,38,train
dataset/train/doberman/14425.jpg,doberman,38,train
dataset/train/doberman/14636.jpg,doberman,38,train
dataset/train/doberman/11717.jpg,doberman,38,train
dataset/train/doberman/10070.jpg,doberman,38,train
dataset/train/doberman/00208.jpg,doberman,38,train
dataset/train/doberman/02654.jpg,doberman,38,train
dataset/train/doberman/03575.jpg,doberman,38,train
dataset/train/doberman/04017.jpg,doberman,38,train
dataset/train/doberman/17111.jpg,doberman,38,train
dataset/train/doberman/12191.jpg,doberman,38,val
dataset/train/doberman/15436.jpg,doberman,38,val
dataset/train/doberman/18020.jpg,doberman,38,val
dataset/train/doberman/02779.jpg,doberman,38,val
dataset/train/doberman/10952.jpg,doberman,38,val
dataset/train/doberman/16217.jpg,doberman,38,val
dataset/train/doberman/02314.jpg,doberman,38,val
dataset/train/doberman/04790.jpg,doberman,38,val
dataset/train/doberman/04314.jpg,doberman,38,val
dataset/train/doberman/03236.jpg,doberman,38,val
dataset/train/doberman/10036.jpg,doberman,38,val
dataset/train/doberman/03556.jpg,doberman,38,val
dataset/train/doberman/17899.jpg,doberman,38,val
dataset/train/doberman/13356.jpg,doberman,38,val
dataset/train/doberman/01694.jpg,doberman,38,val
dataset/train/doberman/04013.jpg,doberman,38,val
dataset/train/doberman/02553.jpg,doberman,38,val
dataset/train/doberman/18610.jpg,doberman,38,val
dataset/train/doberman/14066.jpg,doberman,38,val
dataset/train/doberman/03621.jpg,doberman,38,val
dataset/train/english_foxhound/02509.jpg,english_foxhound,39,train
dataset/train/english_foxhound/01132.jpg,english_foxhound,39,train
dataset/train/english_foxhound/02073.jpg,english_foxhound,39,train
dataset/train/english_foxhound/00289.jpg,english_foxhound,39,train
dataset/train/english_foxhound/01324.jpg,english_foxhound,39,train
dataset/train/english_foxhound/01078.jpg,english_foxhound,39,train
dataset/train/english_foxhound/01381.jpg,english_foxhound,39,train
dataset/train/english_foxhound/01516.jpg,english_foxhound,39,train
dataset/train/english_foxhound/01066.jpg,english_foxhound,39,train
dataset/train/english_foxhound/01763.jpg,english_foxhound,39,train
dataset/train/english_foxhound/00243.jpg,english_foxhound,39,train
dataset/train/english_foxhound/02017.jpg,english_foxhound,39,train
dataset/train/english_foxhound/01877.jpg,english_foxhound,39,train
dataset/train/english_foxhound/01249.jpg,english_foxhound,39,train
dataset/train/english_foxhound/01907.jpg,english_foxhound,39,train
dataset/train/english_foxhound/00251.jpg,english_foxhound,39,train
dataset/train/english_foxhound/01312.jpg,english_foxhound,39,train
dataset/train/english_foxhound/02054.jpg,english_foxhound,39,train
dataset/train/english_foxhound/02300.jpg,english_foxhound,39,train
dataset/train/english_foxhound/01298.jpg,english_foxhound,39,train
dataset/train/english_foxhound/02093.jpg,english_foxhound,39,train
dataset/train/english_foxhound/02345.jpg,english_foxhound,39,train
dataset/train/english_foxhound/01799.jpg,english_foxhound,39,train
dataset/train/english_foxhound/01577.jpg,english_foxhound,39,train
dataset/train/english_foxhound/00270.jpg,english_foxhound,39,train
dataset/train/english_foxhound/02110.jpg,english_foxhound,39,train
dataset/train/english_foxhound/02497.jpg,english_foxhound,39,train
dataset/train/english_foxhound/03055.jpg,english_foxhound,39,train
dataset/train/english_foxhound/02249.jpg,english_foxhound,39,train
dataset/train/english_foxhound/03089.jpg,english_foxhound,39,train
dataset/train/english_foxhound/02064.jpg,english_foxhound,39,train
dataset/train/english_foxhound/00263.jpg,english_foxhound,39,train
dataset/train/english_foxhound/01957.jpg,english_foxhound,39,train
dataset/train/english_foxhound/03040.jpg,english_foxhound,39,train
dataset/train/english_foxhound/02791.jpg,english_foxhound,39,train
dataset/train/english_foxhound/01260.jpg,english_foxhound,39,train
dataset/train/english_foxhound/00001.jpg,english_foxhound,39,train
dataset/train/english_foxhound/02599.jpg,english_foxhound,39,train
dataset/train/english_foxhound/01458.jpg,english_foxhound,39,train
dataset/train/english_foxhound/00002.jpg,english_foxhound,39,train
dataset/train/english_foxhound/02308.jpg,english_foxhound,39,train
dataset/train/english_foxhound/01623.jpg,english_foxhound,39,train
dataset/train/english_foxhound/01076.jpg,english_foxhound,39,train
dataset/train/english_foxhound/02781.jpg,english_foxhound,39,train
dataset/train/english_foxhound/01000.jpg,english_foxhound,39,train
dataset/train/english_foxhound/00208.jpg,english_foxhound,39,train
dataset/train/english_foxhound/02181.jpg,english_foxhound,39,train
dataset/train/english_foxhound/02603.jpg,english_foxhound,39,train
dataset/train/english_foxhound/01690.jpg,english_foxhound,39,train
dataset/train/english_foxhound/02211.jpg,english_foxhound,39,train
dataset/train/english_foxhound/01303.jpg,english_foxhound,39,train
dataset/train/english_foxhound/01232.jpg,english_foxhound,39,train
dataset/train/english_foxhound/02716.jpg,english_foxhound,39,train
dataset/train/english_foxhound/02415.jpg,english_foxhound,39,train
dataset/train/english_foxhound/02500.jpg,english_foxhound,39,train
dataset/train/english_foxhound/00186.jpg,english_foxhound,39,train
dataset/train/english_foxhound/02551.jpg,english_foxhound,39,train
dataset/train/english_foxhound/02633.jpg,english_foxhound,39,train
dataset/train/english_foxhound/01701.jpg,english_foxhound,39,train
dataset/train/english_foxhound/02484.jpg,english_foxhound,39,train
dataset/train/english_foxhound/02905.jpg,english_foxhound,39,train
dataset/train/english_foxhound/02608.jpg,english_foxhound,39,train
dataset/train/english_foxhound/01277.jpg,english_foxhound,39,train
dataset/train/english_foxhound/03113.jpg,english_foxhound,39,train
dataset/train/english_foxhound/01890.jpg,english_foxhound,39,train
dataset/train/english_foxhound/02457.jpg,english_foxhound,39,train
dataset/train/english_foxhound/01352.jpg,english_foxhound,39,train
dataset/train/english_foxhound/00255.jpg,english_foxhound,39,train
dataset/train/english_foxhound/02331.jpg,english_foxhound,39,train
dataset/train/english_foxhound/01490.jpg,english_foxhound,39,train
dataset/train/english_foxhound/01357.jpg,english_foxhound,39,train
dataset/train/english_foxhound/02681.jpg,english_foxhound,39,train
dataset/train/english_foxhound/01375.jpg,english_foxhound,39,train
dataset/train/english_foxhound/01030.jpg,english_foxhound,39,train
dataset/train/english_foxhound/01255.jpg,english_foxhound,39,train
dataset/train/english_foxhound/01356.jpg,english_foxhound,39,train
dataset/train/english_foxhound/02476.jpg,english_foxhound,39,train
dataset/train/english_foxhound/01803.jpg,english_foxhound,39,train
dataset/train/english_foxhound/02322.jpg,english_foxhound,39,train
dataset/train/english_foxhound/02133.jpg,english_foxhound,39,train
dataset/train/english_foxhound/01841.jpg,english_foxhound,39,val
dataset/train/english_foxhound/02404.jpg,english_foxhound,39,val
dataset/train/english_foxhound/02810.jpg,english_foxhound,39,val
dataset/train/english_foxhound/03037.jpg,english_foxhound,39,val
dataset/train/english_foxhound/03074.jpg,english_foxhound,39,val
dataset/train/english_foxhound/01106.jpg,english_foxhound,39,val
dataset/train/english_foxhound/02943.jpg,english_foxhound,39,val
dataset/train/english_foxhound/01345.jpg,english_foxhound,39,val
dataset/train/english_foxhound/01492.jpg,english_foxhound,39,val
dataset/train/english_foxhound/02068.jpg,english_foxhound,39,val
dataset/train/english_foxhound/02756.jpg,english_foxhound,39,val
dataset/train/english_foxhound/00140.jpg,english_foxhound,39,val
dataset/train/english_foxhound/02150.jpg,english_foxhound,39,val
dataset/train/english_foxhound/03120.jpg,english_foxhound,39,val
dataset/train/english_foxhound/02397.jpg,english_foxhound,39,val
dataset/train/english_foxhound/01748.jpg,english_foxhound,39,val
dataset/train/english_foxhound/02045.jpg,english_foxhound,39,val
dataset/train/english_foxhound/03119.jpg,english_foxhound,39,val
dataset/train/english_foxhound/01733.jpg,english_foxhound,39,val
dataset/train/english_foxhound/01888.jpg,english_foxhound,39,val
dataset/train/english_setter/10201.jpg,english_setter,40,train
dataset/train/english_setter/10105.jpg,english_setter,40,train
dataset/train/english_setter/05967.jpg,english_setter,40,train
dataset/train/english_setter/10030.jpg,english_setter,40,train
dataset/train/english_setter/03111.jpg,english_setter,40,train
dataset/train/english_setter/02684.jpg,english_setter,40,train
dataset/train/english_setter/02086.jpg,english_setter,40,train
dataset/train/english_setter/02464.jpg,english_setter,40,train
dataset/train/english_setter/05821.jpg,english_setter,40,train
dataset/train/english_setter/10147.jpg,english_setter,40,train
dataset/train/english_setter/05852.jpg,english_setter,40,train
dataset/train/english_setter/10097.jpg,english_setter,40,train
dataset/train/english_setter/05234.jpg,english_setter,40,train
dataset/train/english_setter/00292.jpg,english_setter,40,train
dataset/train/english_setter/03709.jpg,english_setter,40,train
dataset/train/english_setter/03777.jpg,english_setter,40,train
dataset/train/english_setter/04079.jpg,english_setter,40,train
dataset/train/english_setter/03194.jpg,english_setter,40,train
dataset/train/english_setter/04544.jpg,english_setter,40,train
dataset/train/english_setter/10175.jpg,english_setter,40,train
dataset/train/english_setter/03899.jpg,english_setter,40,train
dataset/train/english_setter/03847.jpg,english_setter,40,train
dataset/train/english_setter/04208.jpg,english_setter,40,train
dataset/train/english_setter/00568.jpg,english_setter,40,train
dataset/train/english_setter/03599.jpg,english_setter,40,train
dataset/train/english_setter/04857.jpg,english_setter,40,train
dataset/train/english_setter/04057.jpg,english_setter,40,train
dataset/train/english_setter/05435.jpg,english_setter,40,train
dataset/train/english_setter/02851.jpg,english_setter,40,train
dataset/train/english_setter/04912.jpg,english_setter,40,train
dataset/train/english_setter/05258.jpg,english_setter,40,train
dataset/train/english_setter/04870.jpg,english_setter,40,train
dataset/train/english_setter/05649.jpg,english_setter,40,train
dataset/train/english_setter/02065.jpg,english_setter,40,train
dataset/train/english_setter/02428.jpg,english_setter,40,train
dataset/train/english_setter/10064.jpg,english_setter,40,train
dataset/train/english_setter/10257.jpg,english_setter,40,train
dataset/train/english_setter/00216.jpg,english_setter,40,train
dataset/train/english_setter/04540.jpg,english_setter,40,train
dataset/train/english_setter/04333.jpg,english_setter,40,train
dataset/train/english_setter/00523.jpg,english_setter,40,train
dataset/train/english_setter/05207.jpg,english_setter,40,train
dataset/train/english_setter/01388.jpg,english_setter,40,train
dataset/train/english_setter/03348.jpg,english_setter,40,train
dataset/train/english_setter/04875.jpg,english_setter,40,train
dataset/train/english_setter/01534.jpg,english_setter,40,train
dataset/train/english_setter/05054.jpg,english_setter,40,train
dataset/train/english_setter/05876.jpg,english_setter,40,train
dataset/train/english_setter/04172.jpg,english_setter,40,train
dataset/train/english_setter/10303.jpg,english_setter,40,train
dataset/train/english_setter/04508.jpg,english_setter,40,train
dataset/train/english_setter/10139.jpg,english_setter,40,train
dataset/train/english_setter/04531.jpg,english_setter,40,train
dataset/train/english_setter/04706.jpg,english_setter,40,train
dataset/train/english_setter/04195.jpg,english_setter,40,train
dataset/train/english_setter/01103.jpg,english_setter,40,train
dataset/train/english_setter/00003.jpg,english_setter,40,train
dataset/train/english_setter/01609.jpg,english_setter,40,train
dataset/train/english_setter/03567.jpg,english_setter,40,train
dataset/train/english_setter/10158.jpg,english_setter,40,train
dataset/train/english_setter/01204.jpg,english_setter,40,train
dataset/train/english_setter/03566.jpg,english_setter,40,train
dataset/train/english_setter/03185.jpg,english_setter,40,train
dataset/train/english_setter/03583.jpg,english_setter,40,train
dataset/train/english_setter/00004.jpg,english_setter,40,train
dataset/train/english_setter/04735.jpg,english_setter,40,train
dataset/train/english_setter/10211.jpg,english_setter,40,train
dataset/train/english_setter/10133.jpg,english_setter,40,train
dataset/train/english_setter/10086.jpg,english_setter,40,train
dataset/train/english_setter/01467.jpg,english_setter,40,train
dataset/train/english_setter/05978.jpg,english_setter,40,train
dataset/train/english_setter/02444.jpg,english_setter,40,train
dataset/train/english_setter/03923.jpg,english_setter,40,train
dataset/train/english_setter/04040.jpg,english_setter,40,train
dataset/train/english_setter/03546.jpg,english_setter,40,train
dataset/train/english_setter/01305.jpg,english_setter,40,train
dataset/train/english_setter/10188.jpg,english_setter,40,train
dataset/train/english_setter/03998.jpg,english_setter,40,train
dataset/train/english_setter/02145.jpg,english_setter,40,train
dataset/train/english_setter/04943.jpg,english_setter,40,train
dataset/train/english_setter/05265.jpg,english_setter,40,val
dataset/train/english_setter/01680.jpg,english_setter,40,val
dataset/train/english_setter/02051.jpg,english_setter,40,val
dataset/train/english_setter/05010.jpg,english_setter,40,val
dataset/train/english_setter/04051.jpg,english_setter,40,val
dataset/train/english_setter/10114.jpg,english_setter,40,val
dataset/train/english_setter/04949.jpg,english_setter,40,val
dataset/train/english_setter/03458.jpg,english_setter,40,val
dataset/train/english_setter/03595.jpg,english_setter,40,val
dataset/train/english_setter/04035.jpg,english_setter,40,val
dataset/train/english_setter/05713.jpg,english_setter,40,val
dataset/train/english_setter/10107.jpg,english_setter,40,val
dataset/train/english_setter/05353.jpg,english_setter,40,val
dataset/train/english_setter/05024.jpg,english_setter,40,val
dataset/train/english_setter/02375.jpg,english_setter,40,val
dataset/train/english_setter/04972.jpg,english_setter,40,val
dataset/train/english_setter/03942.jpg,english_setter,40,val
dataset/train/english_setter/10038.jpg,english_setter,40,val
dataset/train/english_setter/01117.jpg,english_setter,40,val
dataset/train/english_setter/04813.jpg,english_setter,40,val
dataset/train/english_springer/00350.jpg,english_springer,41,train
dataset/train/english_springer/02743.jpg,english_springer,41,train
dataset/train/english_springer/02762.jpg,english_springer,41,train
dataset/train/english_springer/01217.jpg,english_springer,41,train
dataset/train/english_springer/00265.jpg,english_springer,41,train
dataset/train/english_springer/03228.jpg,english_springer,41,train
dataset/train/english_springer/05449.jpg,english_springer,41,train
dataset/train/english_springer/02163.jpg,english_springer,41,train
dataset/train/english_springer/02099.jpg,english_springer,41,train
dataset/train/english_springer/00113.jpg,english_springer,41,train
dataset/train/english_springer/00228.jpg,english_springer,41,train
dataset/train/english_springer/03610.jpg,english_springer,41,train
dataset/train/english_springer/01055.jpg,english_springer,41,train
dataset/train/english_springer/03586.jpg,english_springer,41,train
dataset/train/english_springer/04644.jpg,english_springer,41,train
dataset/train/english_springer/03693.jpg,english_springer,41,train
dataset/train/english_springer/03640.jpg,english_springer,41,train
dataset/train/english_springer/00358.jpg,english_springer,41,train
dataset/train/english_springer/02036.jpg,english_springer,41,train
dataset/train/english_springer/03867.jpg,english_springer,41,train
dataset/train/english_springer/03371.jpg,english_springer,41,train
dataset/train/english_springer/01495.jpg,english_springer,41,train
dataset/train/english_springer/00171.jpg,english_springer,41,train
dataset/train/english_springer/01263.jpg,english_springer,41,train
dataset/train/english_springer/03950.jpg,english_springer,41,train
dataset/train/english_springer/03621.jpg,english_springer,41,train
dataset/train/english_springer/04821.jpg,english_springer,41,train
dataset/train/english_springer/01147.jpg,english_springer,41,train
dataset/train/english_springer/01674.jpg,english_springer,41,train
dataset/train/english_springer/01306.jpg,english_springer,41,train
dataset/train/english_springer/02481.jpg,english_springer,41,train
dataset/train/english_springer/04295.jpg,english_springer,41,train
dataset/train/english_springer/05604.jpg,english_springer,41,train
dataset/train/english_springer/03767.jpg,english_springer,41,train
dataset/train/english_springer/03476.jpg,english_springer,41,train
dataset/train/english_springer/01259.jpg,english_springer,41,train
dataset/train/english_springer/03096.jpg,english_springer,41,train
dataset/train/english_springer/05641.jpg,english_springer,41,train
dataset/train/english_springer/01579.jpg,english_springer,41,train
dataset/train/english_springer/05145.jpg,english_springer,41,train
dataset/train/english_springer/05388.jpg,english_springer,41,train
dataset/train/english_springer/03993.jpg,english_springer,41,train
dataset/train/english_springer/04835.jpg,english_springer,41,train
dataset/train/english_springer/03006.jpg,english_springer,41,train
dataset/train/english_springer/02635.jpg,english_springer,41,train
dataset/train/english_springer/05308.jpg,english_springer,41,train
dataset/train/english_springer/00539.jpg,english_springer,41,train
dataset/train/english_springer/01201.jpg,english_springer,41,train
dataset/train/english_springer/00312.jpg,english_springer,41,train
dataset/train/english_springer/01519.jpg,english_springer,41,train
dataset/train/english_springer/01289.jpg,english_springer,41,train
dataset/train/english_springer/03887.jpg,english_springer,41,train
dataset/train/english_springer/03260.jpg,english_springer,41,train
dataset/train/english_springer/03207.jpg,english_springer,41,train
dataset/train/english_springer/04738.jpg,english_springer,41,train
dataset/train/english_springer/00251.jpg,english_springer,41,train
dataset/train/english_springer/03225.jpg,english_springer,41,train
dataset/train/english_springer/05429.jpg,english_springer,41,train
dataset/train/english_springer/04037.jpg,english_springer,41,train
dataset/train/english_springer/02792.jpg,english_springer,41,train
dataset/train/english_springer/02764.jpg,english_springer,41,train
dataset/train/english_springer/01249.jpg,english_springer,41,train
dataset/train/english_springer/02836.jpg,english_springer,41,train
dataset/train/english_springer/03668.jpg,english_springer,41,train
dataset/train/english_springer/04256.jpg,english_springer,41,train
dataset/train/english_springer/00535.jpg,english_springer,41,train
dataset/train/english_springer/01515.jpg,english_springer,41,train
dataset/train/english_springer/04625.jpg,english_springer,41,train
dataset/train/english_springer/03462.jpg,english_springer,41,train
dataset/train/english_springer/05283.jpg,english_springer,41,train
dataset/train/english_springer/02959.jpg,english_springer,41,train
dataset/train/english_springer/01983.jpg,english_springer,41,train
dataset/train/english_springer/01082.jpg,english_springer,41,train
dataset/train/english_springer/03335.jpg,english_springer,41,train
dataset/train/english_springer/00403.jpg,english_springer,41,train
dataset/train/english_springer/01719.jpg,english_springer,41,train
dataset/train/english_springer/04250.jpg,english_springer,41,train
dataset/train/english_springer/01230.jpg,english_springer,41,train
dataset/train/english_springer/01266.jpg,english_springer,41,train
dataset/train/english_springer/00196.jpg,english_springer,41,train
dataset/train/english_springer/05096.jpg,english_springer,41,val
dataset/train/english_springer/03156.jpg,english_springer,41,val
dataset/train/english_springer/01157.jpg,english_springer,41,val
dataset/train/english_springer/03984.jpg,english_springer,41,val
dataset/train/english_springer/01300.jpg,english_springer,41,val
dataset/train/english_springer/03963.jpg,english_springer,41,val
dataset/train/english_springer/04956.jpg,english_springer,41,val
dataset/train/english_springer/03157.jpg,english_springer,41,val
dataset/train/english_springer/02986.jpg,english_springer,41,val
dataset/train/english_springer/00035.jpg,english_springer,41,val
dataset/train/english_springer/01976.jpg,english_springer,41,val
dataset/train/english_springer/03798.jpg,english_springer,41,val
dataset/train/english_springer/01244.jpg,english_springer,41,val
dataset/train/english_springer/03562.jpg,english_springer,41,val
dataset/train/english_springer/03974.jpg,english_springer,41,val
dataset/train/english_springer/01153.jpg,english_springer,41,val
dataset/train/english_springer/01487.jpg,english_springer,41,val
dataset/train/english_springer/01178.jpg,english_springer,41,val
dataset/train/english_springer/01276.jpg,english_springer,41,val
dataset/train/english_springer/05133.jpg,english_springer,41,val
dataset/train/entlebucher/00253.jpg,entlebucher,42,train
dataset/train/entlebucher/01482.jpg,entlebucher,42,train
dataset/train/entlebucher/02599.jpg,entlebucher,42,train
dataset/train/entlebucher/01600.jpg,entlebucher,42,train
dataset/train/entlebucher/00191.jpg,entlebucher,42,train
dataset/train/entlebucher/02172.jpg,entlebucher,42,train
dataset/train/entlebucher/01243.jpg,entlebucher,42,train
dataset/train/entlebucher/02550.jpg,entlebucher,42,train
dataset/train/entlebucher/01547.jpg,entlebucher,42,train
dataset/train/entlebucher/02452.jpg,entlebucher,42,train
dataset/train/entlebucher/01844.jpg,entlebucher,42,train
dataset/train/entlebucher/00121.jpg,entlebucher,42,train
dataset/train/entlebucher/01881.jpg,entlebucher,42,train
dataset/train/entlebucher/01195.jpg,entlebucher,42,train
dataset/train/entlebucher/01891.jpg,entlebucher,42,train
dataset/train/entlebucher/01874.jpg,entlebucher,42,train
dataset/train/entlebucher/02303.jpg,entlebucher,42,train
dataset/train/entlebucher/00215.jpg,entlebucher,42,train
dataset/train/entlebucher/01274.jpg,entlebucher,42,train
dataset/train/entlebucher/00148.jpg,entlebucher,42,train
dataset/train/entlebucher/01172.jpg,entlebucher,42,train
dataset/train/entlebucher/02511.jpg,entlebucher,42,train
dataset/train/entlebucher/01256.jpg,entlebucher,42,train
dataset/train/entlebucher/02185.jpg,entlebucher,42,train
dataset/train/entlebucher/02608.jpg,entlebucher,42,train
dataset/train/entlebucher/01832.jpg,entlebucher,42,train
dataset/train/entlebucher/01904.jpg,entlebucher,42,train
dataset/train/entlebucher/00171.jpg,entlebucher,42,train
dataset/train/entlebucher/01512.jpg,entlebucher,42,train
dataset/train/entlebucher/02027.jpg,entlebucher,42,train
dataset/train/entlebucher/01225.jpg,entlebucher,42,train
dataset/train/entlebucher/01574.jpg,entlebucher,42,train
dataset/train/entlebucher/01087.jpg,entlebucher,42,train
dataset/train/entlebucher/01114.jpg,entlebucher,42,train
dataset/train/entlebucher/02523.jpg,entlebucher,42,train
dataset/train/entlebucher/02498.jpg,entlebucher,42,train
dataset/train/entlebucher/01238.jpg,entlebucher,42,train
dataset/train/entlebucher/02065.jpg,entlebucher,42,train
dataset/train/entlebucher/01112.jpg,entlebucher,42,train
dataset/train/entlebucher/00202.jpg,entlebucher,42,train
dataset/train/entlebucher/01044.jpg,entlebucher,42,train
dataset/train/entlebucher/01798.jpg,entlebucher,42,train
dataset/train/entlebucher/01921.jpg,entlebucher,42,train
dataset/train/entlebucher/02586.jpg,entlebucher,42,train
dataset/train/entlebucher/02457.jpg,entlebucher,42,train
dataset/train/entlebucher/02464.jpg,entlebucher,42,train
dataset/train/entlebucher/01468.jpg,entlebucher,42,train
dataset/train/entlebucher/01462.jpg,entlebucher,42,train
dataset/train/entlebucher/01533.jpg,entlebucher,42,train
dataset/train/entlebucher/00143.jpg,entlebucher,42,train
dataset/train/entlebucher/01576.jpg,entlebucher,42,train
dataset/train/entlebucher/01302.jpg,entlebucher,42,train
dataset/train/entlebucher/02420.jpg,entlebucher,42,train
dataset/train/entlebucher/00187.jpg,entlebucher,42,train
dataset/train/entlebucher/01246.jpg,entlebucher,42,train
dataset/train/entlebucher/01516.jpg,entlebucher,42,train
dataset/train/entlebucher/01671.jpg,entlebucher,42,train
dataset/train/entlebucher/02400.jpg,entlebucher,42,train
dataset/train/entlebucher/02369.jpg,entlebucher,42,train
dataset/train/entlebucher/02429.jpg,entlebucher,42,train
dataset/train/entlebucher/02264.jpg,entlebucher,42,train
dataset/train/entlebucher/01111.jpg,entlebucher,42,train
dataset/train/entlebucher/01690.jpg,entlebucher,42,train
dataset/train/entlebucher/01324.jpg,entlebucher,42,train
dataset/train/entlebucher/01167.jpg,entlebucher,42,train
dataset/train/entlebucher/00157.jpg,entlebucher,42,train
dataset/train/entlebucher/01885.jpg,entlebucher,42,train
dataset/train/entlebucher/02212.jpg,entlebucher,42,train
dataset/train/entlebucher/02163.jpg,entlebucher,42,train
dataset/train/entlebucher/01901.jpg,entlebucher,42,train
dataset/train/entlebucher/02394.jpg,entlebucher,42,train
dataset/train/entlebucher/01625.jpg,entlebucher,42,train
dataset/train/entlebucher/01291.jpg,entlebucher,42,train
dataset/train/entlebucher/01714.jpg,entlebucher,42,train
dataset/train/entlebucher/01538.jpg,entlebucher,42,train
dataset/train/entlebucher/02028.jpg,entlebucher,42,train
dataset/train/entlebucher/01339.jpg,entlebucher,42,train
dataset/train/entlebucher/00261.jpg,entlebucher,42,train
dataset/train/entlebucher/02125.jpg,entlebucher,42,train
dataset/train/entlebucher/01011.jpg,entlebucher,42,train
dataset/train/entlebucher/00204.jpg,entlebucher,42,val
dataset/train/entlebucher/01757.jpg,entlebucher,42,val
dataset/train/entlebucher/01948.jpg,entlebucher,42,val
dataset/train/entlebucher/02064.jpg,entlebucher,42,val
dataset/train/entlebucher/02573.jpg,entlebucher,42,val
dataset/train/entlebucher/01060.jpg,entlebucher,42,val
dataset/train/entlebucher/02536.jpg,entlebucher,42,val
dataset/train/entlebucher/02357.jpg,entlebucher,42,val
dataset/train/entlebucher/01194.jpg,entlebucher,42,val
dataset/train/entlebucher/02166.jpg,entlebucher,42,val
dataset/train/entlebucher/01995.jpg,entlebucher,42,val
dataset/train/entlebucher/00025.jpg,entlebucher,42,val
dataset/train/entlebucher/01073.jpg,entlebucher,42,val
dataset/train/entlebucher/01122.jpg,entlebucher,42,val
dataset/train/entlebucher/01343.jpg,entlebucher,42,val
dataset/train/entlebucher/02248.jpg,entlebucher,42,val
dataset/train/entlebucher/02399.jpg,entlebucher,42,val
dataset/train/entlebucher/01750.jpg,entlebucher,42,val
dataset/train/entlebucher/02110.jpg,entlebucher,42,val
dataset/train/entlebucher/01226.jpg,entlebucher,42,val
dataset/train/eskimo_dog/04182.jpg,eskimo_dog,43,train
dataset/train/eskimo_dog/04054.jpg,eskimo_dog,43,train
dataset/train/eskimo_dog/02388.jpg,eskimo_dog,43,train
dataset/train/eskimo_dog/01328.jpg,eskimo_dog,43,train
dataset/train/eskimo_dog/03956.jpg,eskimo_dog,43,train
dataset/train/eskimo_dog/03984.jpg,eskimo_dog,43,train
dataset/train/eskimo_dog/21073.jpg,eskimo_dog,43,train
dataset/train/eskimo_dog/15257.jpg,eskimo_dog,43,train
dataset/train/eskimo_dog/03715.jpg,eskimo_dog,43,train
dataset/train/eskimo_dog/16953.jpg,eskimo_dog,43,train
dataset/train/eskimo_dog/11634.jpg,eskimo_dog,43,train
dataset/train/eskimo_dog/19358.jpg,eskimo_dog,43,train
dataset/train/eskimo_dog/01678.jpg,eskimo_dog,43,train
dataset/train/eskimo_dog/10021.jpg,eskimo_dog,43,train
dataset/train/eskimo_dog/01276.jpg,eskimo_dog,43,train
dataset/train/eskimo_dog/01413.jpg,eskimo_dog,43,train
dataset/train/eskimo_dog/03810.jpg,eskimo_dog,43,train
dataset/train/eskimo_dog/16311.jpg,eskimo_dog,43,train
dataset/train/eskimo_dog/03027.jpg,eskimo_dog,43,train
dataset/train/eskimo_dog/18527.jpg,eskimo_dog,43,train
dataset/train/eskimo_dog/01948.jpg,eskimo_dog,43,train
dataset/train/eskimo_dog/02272.jpg,eskimo_dog,43,train
dataset/train/eskimo_dog/01032.jpg,eskimo_dog,43,train
dataset/train/eskimo_dog/02584.jpg,eskimo_dog,43,train
dataset/train/eskimo_dog/04369.jpg,eskimo_dog,43,train
dataset/train/eskimo_dog/10660.jpg,eskimo_dog,43,train
dataset/train/eskimo_dog/01971.jpg,eskimo_dog,43,train
dataset/train/eskimo_dog/01949.jpg,eskimo_dog,43,train
dataset/train/eskimo_dog/19261.jpg,eskimo_dog,43,train
dataset/train/eskimo_dog/10699.jpg,eskimo_dog,43,train
dataset/train/eskimo_dog/03054.jpg,eskimo_dog,43,train
dataset/train/eskimo_dog/12719.jpg,eskimo_dog,43,train
dataset/train/eskimo_dog/02369.jpg,eskimo_dog,43,train
dataset/train/eskimo_dog/03159.jpg,eskimo_dog,43,train
dataset/train/eskimo_dog/11511.jpg,eskimo_dog,43,train
dataset/train/eskimo_dog/00131.jpg,eskimo_dog,43,train
dataset/train/eskimo_dog/18552.jpg,eskimo_dog,43,train
dataset/train/eskimo_dog/02832.jpg,eskimo_dog,43,train
dataset/train/eskimo_dog/02406.jpg,eskimo_dog,43,train
dataset/train/eskimo_dog/12993.jpg,eskimo_dog,43,train
dataset/train/eskimo_dog/18009.jpg,eskimo_dog,43,train
dataset/train/eskimo_dog/21096.jpg,eskimo_dog,43,train
dataset/train/eskimo_dog/03217.jpg,eskimo_dog,43,train
dataset/train/eskimo_dog/02932.jpg,eskimo_dog,43,train
dataset/train/eskimo_dog/04509.jpg,eskimo_dog,43,train
dataset/train/eskimo_dog/18381.jpg,eskimo_dog,43,train
dataset/train/eskimo_dog/18454.jpg,eskimo_dog,43,train
dataset/train/eskimo_dog/04451.jpg,eskimo_dog,43,train
dataset/train/eskimo_dog/03479.jpg,eskimo_dog,43,train
dataset/train/eskimo_dog/03902.jpg,eskimo_dog,43,train
dataset/train/eskimo_dog/04157.jpg,eskimo_dog,43,train
dataset/train/eskimo_dog/02706.jpg,eskimo_dog,43,train
dataset/train/eskimo_dog/02964.jpg,eskimo_dog,43,train
dataset/train/eskimo_dog/02608.jpg,eskimo_dog,43,train
dataset/train/eskimo_dog/17141.jpg,eskimo_dog,43,train
dataset/train/eskimo_dog/16718.jpg,eskimo_dog,43,train
dataset/train/eskimo_dog/02317.jpg,eskimo_dog,43,train
dataset/train/eskimo_dog/01767.jpg,eskimo_dog,43,train
dataset/train/eskimo_dog/04619.jpg,eskimo_dog,43,train
dataset/train/eskimo_dog/00135.jpg,eskimo_dog,43,train
dataset/train/eskimo_dog/00391.jpg,eskimo_dog,43,train
dataset/train/eskimo_dog/11224.jpg,eskimo_dog,43,train
dataset/train/eskimo_dog/03992.jpg,eskimo_dog,43,train
dataset/train/eskimo_dog/17006.jpg,eskimo_dog,43,train
dataset/train/eskimo_dog/02675.jpg,eskimo_dog,43,train
dataset/train/eskimo_dog/02492.jpg,eskimo_dog,43,train
dataset/train/eskimo_dog/20429.jpg,eskimo_dog,43,train
dataset/train/eskimo_dog/16961.jpg,eskimo_dog,43,train
dataset/train/eskimo_dog/02532.jpg,eskimo_dog,43,train
dataset/train/eskimo_dog/02522.jpg,eskimo_dog,43,train
dataset/train/eskimo_dog/13077.jpg,eskimo_dog,43,train
dataset/train/eskimo_dog/02188.jpg,eskimo_dog,43,train
dataset/train/eskimo_dog/01235.jpg,eskimo_dog,43,train
dataset/train/eskimo_dog/03946.jpg,eskimo_dog,43,train
dataset/train/eskimo_dog/01017.jpg,eskimo_dog,43,train
dataset/train/eskimo_dog/02727.jpg,eskimo_dog,43,train
dataset/train/eskimo_dog/01351.jpg,eskimo_dog,43,train
dataset/train/eskimo_dog/18163.jpg,eskimo_dog,43,train
dataset/train/eskimo_dog/20002.jpg,eskimo_dog,43,train
dataset/train/eskimo_dog/02609.jpg,eskimo_dog,43,train
dataset/train/eskimo_dog/17082.jpg,eskimo_dog,43,val
dataset/train/eskimo_dog/15315.jpg,eskimo_dog,43,val
dataset/train/eskimo_dog/01633.jpg,eskimo_dog,43,val
dataset/train/eskimo_dog/16865.jpg,eskimo_dog,43,val
dataset/train/eskimo_dog/01251.jpg,eskimo_dog,43,val
dataset/train/eskimo_dog/16095.jpg,eskimo_dog,43,val
dataset/train/eskimo_dog/12118.jpg,eskimo_dog,43,val
dataset/train/eskimo_dog/16491.jpg,eskimo_dog,43,val
dataset/train/eskimo_dog/01076.jpg,eskimo_dog,43,val
dataset/train/eskimo_dog/02599.jpg,eskimo_dog,43,val
dataset/train/eskimo_dog/04428.jpg,eskimo_dog,43,val
dataset/train/eskimo_dog/03817.jpg,eskimo_dog,43,val
dataset/train/eskimo_dog/10774.jpg,eskimo_dog,43,val
dataset/train/eskimo_dog/20013.jpg,eskimo_dog,43,val
dataset/train/eskimo_dog/12107.jpg,eskimo_dog,43,val
dataset/train/eskimo_dog/02555.jpg,eskimo_dog,43,val
dataset/train/eskimo_dog/01613.jpg,eskimo_dog,43,val
dataset/train/eskimo_dog/01253.jpg,eskimo_dog,43,val
dataset/train/eskimo_dog/17033.jpg,eskimo_dog,43,val
dataset/train/eskimo_dog/12338.jpg,eskimo_dog,43,val
dataset/train/flat_coated_retriever/02379.jpg,flat_coated_retriever,44,train
dataset/train/flat_coated_retriever/03948.jpg,flat_coated_retriever,44,train
dataset/train/flat_coated_retriever/03335.jpg,flat_coated_retriever,44,train
dataset/train/flat_coated_retriever/00198.jpg,flat_coated_retriever,44,train
dataset/train/flat_coated_retriever/03605.jpg,flat_coated_retriever,44,train
dataset/train/flat_coated_retriever/03611.jpg,flat_coated_retriever,44,train
dataset/train/flat_coated_retriever/03290.jpg,flat_coated_retriever,44,train
dataset/train/flat_coated_retriever/03609.jpg,flat_coated_retriever,44,train
dataset/train/flat_coated_retriever/03077.jpg,flat_coated_retriever,44,train
dataset/train/flat_coated_retriever/03493.jpg,flat_coated_retriever,44,train
dataset/train/flat_coated_retriever/02375.jpg,flat_coated_retriever,44,train
dataset/train/flat_coated_retriever/01909.jpg,flat_coated_retriever,44,train
dataset/train/flat_coated_retriever/03087.jpg,flat_coated_retriever,44,train
dataset/train/flat_coated_retriever/03272.jpg,flat_coated_retriever,44,train
dataset/train/flat_coated_retriever/03597.jpg,flat_coated_retriever,44,train
dataset/train/flat_coated_retriever/03405.jpg,flat_coated_retriever,44,train
dataset/train/flat_coated_retriever/01205.jpg,flat_coated_retriever,44,train
dataset/train/flat_coated_retriever/01358.jpg,flat_coated_retriever,44,train
dataset/train/flat_coated_retriever/01547.jpg,flat_coated_retriever,44,train
dataset/train/flat_coated_retriever/03660.jpg,flat_coated_retriever,44,train
dataset/train/flat_coated_retriever/00040.jpg,flat_coated_retriever,44,train
dataset/train/flat_coated_retriever/03185.jpg,flat_coated_retriever,44,train
dataset/train/flat_coated_retriever/02608.jpg,flat_coated_retriever,44,train
dataset/train/flat_coated_retriever/02630.jpg,flat_coated_retriever,44,train
dataset/train/flat_coated_retriever/02607.jpg,flat_coated_retriever,44,train
dataset/train/flat_coated_retriever/02284.jpg,flat_coated_retriever,44,train
dataset/train/flat_coated_retriever/03044.jpg,flat_coated_retriever,44,train
dataset/train/flat_coated_retriever/01961.jpg,flat_coated_retriever,44,train
dataset/train/flat_coated_retriever/01069.jpg,flat_coated_retriever,44,train
dataset/train/flat_coated_retriever/03843.jpg,flat_coated_retriever,44,train
dataset/train/flat_coated_retriever/03864.jpg,flat_coated_retriever,44,train
dataset/train/flat_coated_retriever/01624.jpg,flat_coated_retriever,44,train
dataset/train/flat_coated_retriever/03494.jpg,flat_coated_retriever,44,train
dataset/train/flat_coated_retriever/01942.jpg,flat_coated_retriever,44,train
dataset/train/flat_coated_retriever/02160.jpg,flat_coated_retriever,44,train
dataset/train/flat_coated_retriever/01906.jpg,flat_coated_retriever,44,train
dataset/train/flat_coated_retriever/04303.jpg,flat_coated_retriever,44,train
dataset/train/flat_coated_retriever/04048.jpg,flat_coated_retriever,44,train
dataset/train/flat_coated_retriever/01142.jpg,flat_coated_retriever,44,train
dataset/train/flat_coated_retriever/03428.jpg,flat_coated_retriever,44,train
dataset/train/flat_coated_retriever/02987.jpg,flat_coated_retriever,44,train
dataset/train/flat_coated_retriever/03018.jpg,flat_coated_retriever,44,train
dataset/train/flat_coated_retriever/00375.jpg,flat_coated_retriever,44,train
dataset/train/flat_coated_retriever/02786.jpg,flat_coated_retriever,44,train
dataset/train/flat_coated_retriever/02268.jpg,flat_coated_retriever,44,train
dataset/train/flat_coated_retriever/02453.jpg,flat_coated_retriever,44,train
dataset/train/flat_coated_retriever/03441.jpg,flat_coated_retriever,44,train
dataset/train/flat_coated_retriever/03255.jpg,flat_coated_retriever,44,train
dataset/train/flat_coated_retriever/01860.jpg,flat_coated_retriever,44,train
dataset/train/flat_coated_retriever/03433.jpg,flat_coated_retriever,44,train
dataset/train/flat_coated_retriever/01184.jpg,flat_coated_retriever,44,train
dataset/train/flat_coated_retriever/01095.jpg,flat_coated_retriever,44,train
dataset/train/flat_coated_retriever/03973.jpg,flat_coated_retriever,44,train
dataset/train/flat_coated_retriever/01470.jpg,flat_coated_retriever,44,train
dataset/train/flat_coated_retriever/03092.jpg,flat_coated_retriever,44,train
dataset/train/flat_coated_retriever/04098.jpg,flat_coated_retriever,44,train
dataset/train/flat_coated_retriever/03490.jpg,flat_coated_retriever,44,train
dataset/train/flat_coated_retriever/03957.jpg,flat_coated_retriever,44,train
dataset/train/flat_coated_retriever/02447.jpg,flat_coated_retriever,44,train
dataset/train/flat_coated_retriever/03900.jpg,flat_coated_retriever,44,train
dataset/train/flat_coated_retriever/02792.jpg,flat_coated_retriever,44,train
dataset/train/flat_coated_retriever/02269.jpg,flat_coated_retriever,44,train
dataset/train/flat_coated_retriever/04278.jpg,flat_coated_retriever,44,train
dataset/train/flat_coated_retriever/02419.jpg,flat_coated_retriever,44,train
dataset/train/flat_coated_retriever/01922.jpg,flat_coated_retriever,44,train
dataset/train/flat_coated_retriever/01272.jpg,flat_coated_retriever,44,train
dataset/train/flat_coated_retriever/03768.jpg,flat_coated_retriever,44,train
dataset/train/flat_coated_retriever/02347.jpg,flat_coated_retriever,44,train
dataset/train/flat_coated_retriever/03868.jpg,flat_coated_retriever,44,train
dataset/train/flat_coated_retriever/04167.jpg,flat_coated_retriever,44,train
dataset/train/flat_coated_retriever/04236.jpg,flat_coated_retriever,44,train
dataset/train/flat_coated_retriever/02040.jpg,flat_coated_retriever,44,train
dataset/train/flat_coated_retriever/01533.jpg,flat_coated_retriever,44,train
dataset/train/flat_coated_retriever/03097.jpg,flat_coated_retriever,44,train
dataset/train/flat_coated_retriever/01274.jpg,flat_coated_retriever,44,train
dataset/train/flat_coated_retriever/02259.jpg,flat_coated_retriever,44,train
dataset/train/flat_coated_retriever/01753.jpg,flat_coated_retriever,44,train
dataset/train/flat_coated_retriever/03431.jpg,flat_coated_retriever,44,train
dataset/train/flat_coated_retriever/03787.jpg,flat_coated_retriever,44,train
dataset/train/flat_coated_retriever/01639.jpg,flat_coated_retriever,44,train
dataset/train/flat_coated_retriever/01723.jpg,flat_coated_retriever,44,val
dataset/train/flat_coated_retriever/01118.jpg,flat_coated_retriever,44,val
dataset/train/flat_coated_retriever/01989.jpg,flat_coated_retriever,44,val
dataset/train/flat_coated_retriever/00353.jpg,flat_coated_retriever,44,val
dataset/train/flat_coated_retriever/03240.jpg,flat_coated_retriever,44,val
dataset/train/flat_coated_retriever/02121.jpg,flat_coated_retriever,44,val
dataset/train/flat_coated_retriever/03913.jpg,flat_coated_retriever,44,val
dataset/train/flat_coated_retriever/01018.jpg,flat_coated_retriever,44,val
dataset/train/flat_coated_retriever/03588.jpg,flat_coated_retriever,44,val
dataset/train/flat_coated_retriever/01862.jpg,flat_coated_retriever,44,val
dataset/train/flat_coated_retriever/02314.jpg,flat_coated_retriever,44,val
dataset/train/flat_coated_retriever/01943.jpg,flat_coated_retriever,44,val
dataset/train/flat_coated_retriever/01451.jpg,flat_coated_retriever,44,val
dataset/train/flat_coated_retriever/03130.jpg,flat_coated_retriever,44,val
dataset/train/flat_coated_retriever/01573.jpg,flat_coated_retriever,44,val
dataset/train/flat_coated_retriever/01596.jpg,flat_coated_retriever,44,val
dataset/train/flat_coated_retriever/02427.jpg,flat_coated_retriever,44,val
dataset/train/flat_coated_retriever/03965.jpg,flat_coated_retriever,44,val
dataset/train/flat_coated_retriever/02127.jpg,flat_coated_retriever,44,val
dataset/train/flat_coated_retriever/03390.jpg,flat_coated_retriever,44,val
dataset/train/french_bulldog/01119.jpg,french_bulldog,45,train
dataset/train/french_bulldog/03219.jpg,french_bulldog,45,train
dataset/train/french_bulldog/11498.jpg,french_bulldog,45,train
dataset/train/french_bulldog/12460.jpg,french_bulldog,45,train
dataset/train/french_bulldog/12319.jpg,french_bulldog,45,train
dataset/train/french_bulldog/04160.jpg,french_bulldog,45,train
dataset/train/french_bulldog/03766.jpg,french_bulldog,45,train
dataset/train/french_bulldog/03266.jpg,french_bulldog,45,train
dataset/train/french_bulldog/03880.jpg,french_bulldog,45,train
dataset/train/french_bulldog/00160.jpg,french_bulldog,45,train
dataset/train/french_bulldog/01958.jpg,french_bulldog,45,train
dataset/train/french_bulldog/02835.jpg,french_bulldog,45,train
dataset/train/french_bulldog/01752.jpg,french_bulldog,45,train
dataset/train/french_bulldog/03300.jpg,french_bulldog,45,train
dataset/train/french_bulldog/03640.jpg,french_bulldog,45,train
dataset/train/french_bulldog/03129.jpg,french_bulldog,45,train
dataset/train/french_bulldog/10564.jpg,french_bulldog,45,train
dataset/train/french_bulldog/00341.jpg,french_bulldog,45,train
dataset/train/french_bulldog/12618.jpg,french_bulldog,45,train
dataset/train/french_bulldog/02756.jpg,french_bulldog,45,train
dataset/train/french_bulldog/11327.jpg,french_bulldog,45,train
dataset/train/french_bulldog/02391.jpg,french_bulldog,45,train
dataset/train/french_bulldog/03140.jpg,french_bulldog,45,train
dataset/train/french_bulldog/03520.jpg,french_bulldog,45,train
dataset/train/french_bulldog/02899.jpg,french_bulldog,45,train
dataset/train/french_bulldog/03382.jpg,french_bulldog,45,train
dataset/train/french_bulldog/01788.jpg,french_bulldog,45,train
dataset/train/french_bulldog/00038.jpg,french_bulldog,45,train
dataset/train/french_bulldog/02807.jpg,french_bulldog,45,train
dataset/train/french_bulldog/11335.jpg,french_bulldog,45,train
dataset/train/french_bulldog/03202.jpg,french_bulldog,45,train
dataset/train/french_bulldog/03544.jpg,french_bulldog,45,train
dataset/train/french_bulldog/00350.jpg,french_bulldog,45,train
dataset/train/french_bulldog/11207.jpg,french_bulldog,45,train
dataset/train/french_bulldog/02312.jpg,french_bulldog,45,train
dataset/train/french_bulldog/04176.jpg,french_bulldog,45,train
dataset/train/french_bulldog/02545.jpg,french_bulldog,45,train
dataset/train/french_bulldog/03398.jpg,french_bulldog,45,train
dataset/train/french_bulldog/10204.jpg,french_bulldog,45,train
dataset/train/french_bulldog/04193.jpg,french_bulldog,45,train
dataset/train/french_bulldog/02118.jpg,french_bulldog,45,train
dataset/train/french_bulldog/00328.jpg,french_bulldog,45,train
dataset/train/french_bulldog/02946.jpg,french_bulldog,45,train
dataset/train/french_bulldog/12288.jpg,french_bulldog,45,train
dataset/train/french_bulldog/12317.jpg,french_bulldog,45,train
dataset/train/french_bulldog/01188.jpg,french_bulldog,45,train
dataset/train/french_bulldog/11653.jpg,french_bulldog,45,train
dataset/train/french_bulldog/00311.jpg,french_bulldog,45,train
dataset/train/french_bulldog/02380.jpg,french_bulldog,45,train
dataset/train/french_bulldog/03104.jpg,french_bulldog,45,train
dataset/train/french_bulldog/00198.jpg,french_bulldog,45,train
dataset/train/french_bulldog/03083.jpg,french_bulldog,45,train
dataset/train/french_bulldog/01465.jpg,french_bulldog,45,train
dataset/train/french_bulldog/04474.jpg,french_bulldog,45,train
dataset/train/french_bulldog/03527.jpg,french_bulldog,45,train
dataset/train/french_bulldog/04066.jpg,french_bulldog,45,train
dataset/train/french_bulldog/04303.jpg,french_bulldog,45,train
dataset/train/french_bulldog/02166.jpg,french_bulldog,45,train
dataset/train/french_bulldog/01513.jpg,french_bulldog,45,train
dataset/train/french_bulldog/02279.jpg,french_bulldog,45,train
dataset/train/french_bulldog/02307.jpg,french_bulldog,45,train
dataset/train/french_bulldog/00142.jpg,french_bulldog,45,train
dataset/train/french_bulldog/03153.jpg,french_bulldog,45,train
dataset/train/french_bulldog/01866.jpg,french_bulldog,45,train
dataset/train/french_bulldog/01911.jpg,french_bulldog,45,train
dataset/train/french_bulldog/02980.jpg,french_bulldog,45,train
dataset/train/french_bulldog/03464.jpg,french_bulldog,45,train
dataset/train/french_bulldog/11550.jpg,french_bulldog,45,train
dataset/train/french_bulldog/01612.jpg,french_bulldog,45,train
dataset/train/french_bulldog/11220.jpg,french_bulldog,45,train
dataset/train/french_bulldog/03258.jpg,french_bulldog,45,train
dataset/train/french_bulldog/02926.jpg,french_bulldog,45,train
dataset/train/french_bulldog/03575.jpg,french_bulldog,45,train
dataset/train/french_bulldog/04133.jpg,french_bulldog,45,train
dataset/train/french_bulldog/03557.jpg,french_bulldog,45,train
dataset/train/french_bulldog/12139.jpg,french_bulldog,45,train
dataset/train/french_bulldog/03346.jpg,french_bulldog,45,train
dataset/train/french_bulldog/02603.jpg,french_bulldog,45,train
dataset/train/french_bulldog/02681.jpg,french_bulldog,45,train
dataset/train/french_bulldog/00225.jpg,french_bulldog,45,train
dataset/train/french_bulldog/01871.jpg,french_bulldog,45,val
dataset/train/french_bulldog/03988.jpg,french_bulldog,45,val
dataset/train/french_bulldog/03702.jpg,french_bulldog,45,val
dataset/train/french_bulldog/02514.jpg,french_bulldog,45,val
dataset/train/french_bulldog/03913.jpg,french_bulldog,45,val
dataset/train/french_bulldog/01137.jpg,french_bulldog,45,val
dataset/train/french_bulldog/01114.jpg,french_bulldog,45,val
dataset/train/french_bulldog/01895.jpg,french_bulldog,45,val
dataset/train/french_bulldog/03098.jpg,french_bulldog,45,val
dataset/train/french_bulldog/02570.jpg,french_bulldog,45,val
dataset/train/french_bulldog/03665.jpg,french_bulldog,45,val
dataset/train/french_bulldog/02326.jpg,french_bulldog,45,val
dataset/train/french_bulldog/01839.jpg,french_bulldog,45,val
dataset/train/french_bulldog/04214.jpg,french_bulldog,45,val
dataset/train/french_bulldog/01343.jpg,french_bulldog,45,val
dataset/train/french_bulldog/03369.jpg,french_bulldog,45,val
dataset/train/french_bulldog/00110.jpg,french_bulldog,45,val
dataset/train/french_bulldog/12904.jpg,french_bulldog,45,val
dataset/train/french_bulldog/03184.jpg,french_bulldog,45,val
dataset/train/french_bulldog/04372.jpg,french_bulldog,45,val
dataset/train/german_shepherd/02884.jpg,german_shepherd,46,train
dataset/train/german_shepherd/00104.jpg,german_shepherd,46,train
dataset/train/german_shepherd/19801.jpg,german_shepherd,46,train
dataset/train/german_shepherd/10552.jpg,german_shepherd,46,train
dataset/train/german_shepherd/24758.jpg,german_shepherd,46,train
dataset/train/german_shepherd/00248.jpg,german_shepherd,46,train
dataset/train/german_shepherd/20546.jpg,german_shepherd,46,train
dataset/train/german_shepherd/19641.jpg,german_shepherd,46,train
dataset/train/german_shepherd/02740.jpg,german_shepherd,46,train
dataset/train/german_shepherd/14247.jpg,german_shepherd,46,train
dataset/train/german_shepherd/20732.jpg,german_shepherd,46,train
dataset/train/german_shepherd/13123.jpg,german_shepherd,46,train
dataset/train/german_shepherd/22764.jpg,german_shepherd,46,train
dataset/train/german_shepherd/16014.jpg,german_shepherd,46,train
dataset/train/german_shepherd/21715.jpg,german_shepherd,46,train
dataset/train/german_shepherd/23691.jpg,german_shepherd,46,train
dataset/train/german_shepherd/17446.jpg,german_shepherd,46,train
dataset/train/german_shepherd/20036.jpg,german_shepherd,46,train
dataset/train/german_shepherd/12906.jpg,german_shepherd,46,train
dataset/train/german_shepherd/13904.jpg,german_shepherd,46,train
dataset/train/german_shepherd/16891.jpg,german_shepherd,46,train
dataset/train/german_shepherd/26335.jpg,german_shepherd,46,train
dataset/train/german_shepherd/16342.jpg,german_shepherd,46,train
dataset/train/german_shepherd/24110.jpg,german_shepherd,46,train
dataset/train/german_shepherd/16149.jpg,german_shepherd,46,train
dataset/train/german_shepherd/01094.jpg,german_shepherd,46,train
dataset/train/german_shepherd/22854.jpg,german_shepherd,46,train
dataset/train/german_shepherd/20711.jpg,german_shepherd,46,train
dataset/train/german_shepherd/02058.jpg,german_shepherd,46,train
dataset/train/german_shepherd/01841.jpg,german_shepherd,46,train
dataset/train/german_shepherd/02358.jpg,german_shepherd,46,train
dataset/train/german_shepherd/15107.jpg,german_shepherd,46,train
dataset/train/german_shepherd/12028.jpg,german_shepherd,46,train
dataset/train/german_shepherd/18922.jpg,german_shepherd,46,train
dataset/train/german_shepherd/13050.jpg,german_shepherd,46,train
dataset/train/german_shepherd/22730.jpg,german_shepherd,46,train
dataset/train/german_shepherd/15647.jpg,german_shepherd,46,train
dataset/train/german_shepherd/11620.jpg,german_shepherd,46,train
dataset/train/german_shepherd/16418.jpg,german_shepherd,46,train
dataset/train/german_shepherd/21432.jpg,german_shepherd,46,train
dataset/train/german_shepherd/24786.jpg,german_shepherd,46,train
dataset/train/german_shepherd/18268.jpg,german_shepherd,46,train
dataset/train/german_shepherd/11808.jpg,german_shepherd,46,train
dataset/train/german_shepherd/16163.jpg,german_shepherd,46,train
dataset/train/german_shepherd/22456.jpg,german_shepherd,46,train
dataset/train/german_shepherd/10858.jpg,german_shepherd,46,train
dataset/train/german_shepherd/15429.jpg,german_shepherd,46,train
dataset/train/german_shepherd/15858.jpg,german_shepherd,46,train
dataset/train/german_shepherd/02631.jpg,german_shepherd,46,train
dataset/train/german_shepherd/13380.jpg,german_shepherd,46,train
dataset/train/german_shepherd/17240.jpg,german_shepherd,46,train
dataset/train/german_shepherd/15666.jpg,german_shepherd,46,train
dataset/train/german_shepherd/15398.jpg,german_shepherd,46,train
dataset/train/german_shepherd/10676.jpg,german_shepherd,46,train
dataset/train/german_shepherd/10122.jpg,german_shepherd,46,train
dataset/train/german_shepherd/00146.jpg,german_shepherd,46,train
dataset/train/german_shepherd/23360.jpg,german_shepherd,46,train
dataset/train/german_shepherd/23996.jpg,german_shepherd,46,train
dataset/train/german_shepherd/02753.jpg,german_shepherd,46,train
dataset/train/german_shepherd/16817.jpg,german_shepherd,46,train
dataset/train/german_shepherd/14930.jpg,german_shepherd,46,train
dataset/train/german_shepherd/15813.jpg,german_shepherd,46,train
dataset/train/german_shepherd/24768.jpg,german_shepherd,46,train
dataset/train/german_shepherd/01637.jpg,german_shepherd,46,train
dataset/train/german_shepherd/10715.jpg,german_shepherd,46,train
dataset/train/german_shepherd/25986.jpg,german_shepherd,46,train
dataset/train/german_shepherd/01812.jpg,german_shepherd,46,train
dataset/train/german_shepherd/18065.jpg,german_shepherd,46,train
dataset/train/german_shepherd/13368.jpg,german_shepherd,46,train
dataset/train/german_shepherd/13912.jpg,german_shepherd,46,train
dataset/train/german_shepherd/17449.jpg,german_shepherd,46,train
dataset/train/german_shepherd/12969.jpg,german_shepherd,46,train
dataset/train/german_shepherd/23196.jpg,german_shepherd,46,train
dataset/train/german_shepherd/13178.jpg,german_shepherd,46,train
dataset/train/german_shepherd/02659.jpg,german_shepherd,46,train
dataset/train/german_shepherd/26549.jpg,german_shepherd,46,train
dataset/train/german_shepherd/25775.jpg,german_shepherd,46,train
dataset/train/german_shepherd/02337.jpg,german_shepherd,46,train
dataset/train/german_shepherd/19720.jpg,german_shepherd,46,train
dataset/train/german_shepherd/27393.jpg,german_shepherd,46,train
dataset/train/german_shepherd/21094.jpg,german_shepherd,46,val
dataset/train/german_shepherd/18113.jpg,german_shepherd,46,val
dataset/train/german_shepherd/22394.jpg,german_shepherd,46,val
dataset/train/german_shepherd/21348.jpg,german_shepherd,46,val
dataset/train/german_shepherd/27186.jpg,german_shepherd,46,val
dataset/train/german_shepherd/01451.jpg,german_shepherd,46,val
dataset/train/german_shepherd/14842.jpg,german_shepherd,46,val
dataset/train/german_shepherd/18405.jpg,german_shepherd,46,val
dataset/train/german_shepherd/12116.jpg,german_shepherd,46,val
dataset/train/german_shepherd/22245.jpg,german_shepherd,46,val
dataset/train/german_shepherd/24577.jpg,german_shepherd,46,val
dataset/train/german_shepherd/02810.jpg,german_shepherd,46,val
dataset/train/german_shepherd/24774.jpg,german_shepherd,46,val
dataset/train/german_shepherd/27251.jpg,german_shepherd,46,val
dataset/train/german_shepherd/19791.jpg,german_shepherd,46,val
dataset/train/german_shepherd/25917.jpg,german_shepherd,46,val
dataset/train/german_shepherd/13599.jpg,german_shepherd,46,val
dataset/train/german_shepherd/16129.jpg,german_shepherd,46,val
dataset/train/german_shepherd/10490.jpg,german_shepherd,46,val
dataset/train/german_shepherd/10338.jpg,german_shepherd,46,val
dataset/train/german_short_haired_pointer/00308.jpg,german_short_haired_pointer,47,train
dataset/train/german_short_haired_pointer/02893.jpg,german_short_haired_pointer,47,train
dataset/train/german_short_haired_pointer/03183.jpg,german_short_haired_pointer,47,train
dataset/train/german_short_haired_pointer/01553.jpg,german_short_haired_pointer,47,train
dataset/train/german_short_haired_pointer/01916.jpg,german_short_haired_pointer,47,train
dataset/train/german_short_haired_pointer/01997.jpg,german_short_haired_pointer,47,train
dataset/train/german_short_haired_pointer/01652.jpg,german_short_haired_pointer,47,train
dataset/train/german_short_haired_pointer/03460.jpg,german_short_haired_pointer,47,train
dataset/train/german_short_haired_pointer/03632.jpg,german_short_haired_pointer,47,train
dataset/train/german_short_haired_pointer/00250.jpg,german_short_haired_pointer,47,train
dataset/train/german_short_haired_pointer/02423.jpg,german_short_haired_pointer,47,train
dataset/train/german_short_haired_pointer/04047.jpg,german_short_haired_pointer,47,train
dataset/train/german_short_haired_pointer/03714.jpg,german_short_haired_pointer,47,train
dataset/train/german_short_haired_pointer/02392.jpg,german_short_haired_pointer,47,train
dataset/train/german_short_haired_pointer/01875.jpg,german_short_haired_pointer,47,train
dataset/train/german_short_haired_pointer/01272.jpg,german_short_haired_pointer,47,train
dataset/train/german_short_haired_pointer/01448.jpg,german_short_haired_pointer,47,train
dataset/train/german_short_haired_pointer/02591.jpg,german_short_haired_pointer,47,train
dataset/train/german_short_haired_pointer/03313.jpg,german_short_haired_pointer,47,train
dataset/train/german_short_haired_pointer/03504.jpg,german_short_haired_pointer,47,train
dataset/train/german_short_haired_pointer/04181.jpg,german_short_haired_pointer,47,train
dataset/train/german_short_haired_pointer/00304.jpg,german_short_haired_pointer,47,train
dataset/train/german_short_haired_pointer/04083.jpg,german_short_haired_pointer,47,train
dataset/train/german_short_haired_pointer/02901.jpg,german_short_haired_pointer,47,train
dataset/train/german_short_haired_pointer/03677.jpg,german_short_haired_pointer,47,train
dataset/train/german_short_haired_pointer/03934.jpg,german_short_haired_pointer,47,train
dataset/train/german_short_haired_pointer/03629.jpg,german_short_haired_pointer,47,train
dataset/train/german_short_haired_pointer/02119.jpg,german_short_haired_pointer,47,train
dataset/train/german_short_haired_pointer/04465.jpg,german_short_haired_pointer,47,train
dataset/train/german_short_haired_pointer/02974.jpg,german_short_haired_pointer,47,train
dataset/train/german_short_haired_pointer/04295.jpg,german_short_haired_pointer,47,train
dataset/train/german_short_haired_pointer/01164.jpg,german_short_haired_pointer,47,train
dataset/train/german_short_haired_pointer/00185.jpg,german_short_haired_pointer,47,train
dataset/train/german_short_haired_pointer/03492.jpg,german_short_haired_pointer,47,train
dataset/train/german_short_haired_pointer/01529.jpg,german_short_haired_pointer,47,train
dataset/train/german_short_haired_pointer/04428.jpg,german_short_haired_pointer,47,train
dataset/train/german_short_haired_pointer/01741.jpg,german_short_haired_pointer,47,train
dataset/train/german_short_haired_pointer/04235.jpg,german_short_haired_pointer,47,train
dataset/train/german_short_haired_pointer/04288.jpg,german_short_haired_pointer,47,train
dataset/train/german_short_haired_pointer/03612.jpg,german_short_haired_pointer,47,train
dataset/train/german_short_haired_pointer/04198.jpg,german_short_haired_pointer,47,train
dataset/train/german_short_haired_pointer/01838.jpg,german_short_haired_pointer,47,train
dataset/train/german_short_haired_pointer/03745.jpg,german_short_haired_pointer,47,train
dataset/train/german_short_haired_pointer/02045.jpg,german_short_haired_pointer,47,train
dataset/train/german_short_haired_pointer/03686.jpg,german_short_haired_pointer,47,train
dataset/train/german_short_haired_pointer/00044.jpg,german_short_haired_pointer,47,train
dataset/train/german_short_haired_pointer/00239.jpg,german_short_haired_pointer,47,train
dataset/train/german_short_haired_pointer/02854.jpg,german_short_haired_pointer,47,train
dataset/train/german_short_haired_pointer/03871.jpg,german_short_haired_pointer,47,train
dataset/train/german_short_haired_pointer/01054.jpg,german_short_haired_pointer,47,train
dataset/train/german_short_haired_pointer/00156.jpg,german_short_haired_pointer,47,train
dataset/train/german_short_haired_pointer/03683.jpg,german_short_haired_pointer,47,train
dataset/train/german_short_haired_pointer/01244.jpg,german_short_haired_pointer,47,train
dataset/train/german_short_haired_pointer/02132.jpg,german_short_haired_pointer,47,train
dataset/train/german_short_haired_pointer/03705.jpg,german_short_haired_pointer,47,train
dataset/train/german_short_haired_pointer/04463.jpg,german_short_haired_pointer,47,train
dataset/train/german_short_haired_pointer/00334.jpg,german_short_haired_pointer,47,train
dataset/train/german_short_haired_pointer/03095.jpg,german_short_haired_pointer,47,train
dataset/train/german_short_haired_pointer/03649.jpg,german_short_haired_pointer,47,train
dataset/train/german_short_haired_pointer/03025.jpg,german_short_haired_pointer,47,train
dataset/train/german_short_haired_pointer/03134.jpg,german_short_haired_pointer,47,train
dataset/train/german_short_haired_pointer/00320.jpg,german_short_haired_pointer,47,train
dataset/train/german_short_haired_pointer/04264.jpg,german_short_haired_pointer,47,train
dataset/train/german_short_haired_pointer/02824.jpg,german_short_haired_pointer,47,train
dataset/train/german_short_haired_pointer/02569.jpg,german_short_haired_pointer,47,train
dataset/train/german_short_haired_pointer/03836.jpg,german_short_haired_pointer,47,train
dataset/train/german_short_haired_pointer/03615.jpg,german_short_haired_pointer,47,train
dataset/train/german_short_haired_pointer/01687.jpg,german_short_haired_pointer,47,train
dataset/train/german_short_haired_pointer/04490.jpg,german_short_haired_pointer,47,train
dataset/train/german_short_haired_pointer/00295.jpg,german_short_haired_pointer,47,train
dataset/train/german_short_haired_pointer/01941.jpg,german_short_haired_pointer,47,train
dataset/train/german_short_haired_pointer/02314.jpg,german_short_haired_pointer,47,train
dataset/train/german_short_haired_pointer/01802.jpg,german_short_haired_pointer,47,train
dataset/train/german_short_haired_pointer/02204.jpg,german_short_haired_pointer,47,train
dataset/train/german_short_haired_pointer/03259.jpg,german_short_haired_pointer,47,train
dataset/train/german_short_haired_pointer/00311.jpg,german_short_haired_pointer,47,train
dataset/train/german_short_haired_pointer/01443.jpg,german_short_haired_pointer,47,train
dataset/train/german_short_haired_pointer/03283.jpg,german_short_haired_pointer,47,train
dataset/train/german_short_haired_pointer/03200.jpg,german_short_haired_pointer,47,train
dataset/train/german_short_haired_pointer/03289.jpg,german_short_haired_pointer,47,train
dataset/train/german_short_haired_pointer/04084.jpg,german_short_haired_pointer,47,val
dataset/train/german_short_haired_pointer/01828.jpg,german_short_haired_pointer,47,val
dataset/train/german_short_haired_pointer/04379.jpg,german_short_haired_pointer,47,val
dataset/train/german_short_haired_pointer/01634.jpg,german_short_haired_pointer,47,val
dataset/train/german_short_haired_pointer/01673.jpg,german_short_haired_pointer,47,val
dataset/train/german_short_haired_pointer/01435.jpg,german_short_haired_pointer,47,val
dataset/train/german_short_haired_pointer/03798.jpg,german_short_haired_pointer,47,val
dataset/train/german_short_haired_pointer/02493.jpg,german_short_haired_pointer,47,val
dataset/train/german_short_haired_pointer/01258.jpg,german_short_haired_pointer,47,val
dataset/train/german_short_haired_pointer/00111.jpg,german_short_haired_pointer,47,val
dataset/train/german_short_haired_pointer/02807.jpg,german_short_haired_pointer,47,val
dataset/train/german_short_haired_pointer/02542.jpg,german_short_haired_pointer,47,val
dataset/train/german_short_haired_pointer/02466.jpg,german_short_haired_pointer,47,val
dataset/train/german_short_haired_pointer/03782.jpg,german_short_haired_pointer,47,val
dataset/train/german_short_haired_pointer/01245.jpg,german_short_haired_pointer,47,val
dataset/train/german_short_haired_pointer/00396.jpg,german_short_haired_pointer,47,val
dataset/train/german_short_haired_pointer/02003.jpg,german_short_haired_pointer,47,val
dataset/train/german_short_haired_pointer/03877.jpg,german_short_haired_pointer,47,val
dataset/train/german_short_haired_pointer/03215.jpg,german_short_haired_pointer,47,val
dataset/train/german_short_haired_pointer/01329.jpg,german_short_haired_pointer,47,val
dataset/train/giant_schnauzer/00344.jpg,giant_schnauzer,48,train
dataset/train/giant_schnauzer/02164.jpg,giant_schnauzer,48,train
dataset/train/giant_schnauzer/04321.jpg,giant_schnauzer,48,train
dataset/train/giant_schnauzer/01531.jpg,giant_schnauzer,48,train
dataset/train/giant_schnauzer/01358.jpg,giant_schnauzer,48,train
dataset/train/giant_schnauzer/00234.jpg,giant_schnauzer,48,train
dataset/train/giant_schnauzer/00310.jpg,giant_schnauzer,48,train
dataset/train/giant_schnauzer/02586.jpg,giant_schnauzer,48,train
dataset/train/giant_schnauzer/03891.jpg,giant_schnauzer,48,train
dataset/train/giant_schnauzer/00262.jpg,giant_schnauzer,48,train
dataset/train/giant_schnauzer/03674.jpg,giant_schnauzer,48,train
dataset/train/giant_schnauzer/04446.jpg,giant_schnauzer,48,train
dataset/train/giant_schnauzer/01599.jpg,giant_schnauzer,48,train
dataset/train/giant_schnauzer/03005.jpg,giant_schnauzer,48,train
dataset/train/giant_schnauzer/03615.jpg,giant_schnauzer,48,train
dataset/train/giant_schnauzer/01585.jpg,giant_schnauzer,48,train
dataset/train/giant_schnauzer/01792.jpg,giant_schnauzer,48,train
dataset/train/giant_schnauzer/01653.jpg,giant_schnauzer,48,train
dataset/train/giant_schnauzer/02866.jpg,giant_schnauzer,48,train
dataset/train/giant_schnauzer/03263.jpg,giant_schnauzer,48,train
dataset/train/giant_schnauzer/00448.jpg,giant_schnauzer,48,train
dataset/train/giant_schnauzer/01345.jpg,giant_schnauzer,48,train
dataset/train/giant_schnauzer/02751.jpg,giant_schnauzer,48,train
dataset/train/giant_schnauzer/01780.jpg,giant_schnauzer,48,train
dataset/train/giant_schnauzer/01741.jpg,giant_schnauzer,48,train
dataset/train/giant_schnauzer/01159.jpg,giant_schnauzer,48,train
dataset/train/giant_schnauzer/03452.jpg,giant_schnauzer,48,train
dataset/train/giant_schnauzer/04518.jpg,giant_schnauzer,48,train
dataset/train/giant_schnauzer/01032.jpg,giant_schnauzer,48,train
dataset/train/giant_schnauzer/02421.jpg,giant_schnauzer,48,train
dataset/train/giant_schnauzer/04558.jpg,giant_schnauzer,48,train
dataset/train/giant_schnauzer/03245.jpg,giant_schnauzer,48,train
dataset/train/giant_schnauzer/01287.jpg,giant_schnauzer,48,train
dataset/train/giant_schnauzer/02907.jpg,giant_schnauzer,48,train
dataset/train/giant_schnauzer/01828.jpg,giant_schnauzer,48,train
dataset/train/giant_schnauzer/03082.jpg,giant_schnauzer,48,train
dataset/train/giant_schnauzer/01193.jpg,giant_schnauzer,48,train
dataset/train/giant_schnauzer/03628.jpg,giant_schnauzer,48,train
dataset/train/giant_schnauzer/04464.jpg,giant_schnauzer,48,train
dataset/train/giant_schnauzer/03268.jpg,giant_schnauzer,48,train
dataset/train/giant_schnauzer/02821.jpg,giant_schnauzer,48,train
dataset/train/giant_schnauzer/02149.jpg,giant_schnauzer,48,train
dataset/train/giant_schnauzer/02091.jpg,giant_schnauzer,48,train
dataset/train/giant_schnauzer/01862.jpg,giant_schnauzer,48,train
dataset/train/giant_schnauzer/01823.jpg,giant_schnauzer,48,train
dataset/train/giant_schnauzer/04060.jpg,giant_schnauzer,48,train
dataset/train/giant_schnauzer/02471.jpg,giant_schnauzer,48,train
dataset/train/giant_schnauzer/03046.jpg,giant_schnauzer,48,train
dataset/train/giant_schnauzer/04467.jpg,giant_schnauzer,48,train
dataset/train/giant_schnauzer/02728.jpg,giant_schnauzer,48,train
dataset/train/giant_schnauzer/01822.jpg,giant_schnauzer,48,train
dataset/train/giant_schnauzer/01991.jpg,giant_schnauzer,48,train
dataset/train/giant_schnauzer/02416.jpg,giant_schnauzer,48,train
dataset/train/giant_schnauzer/01791.jpg,giant_schnauzer,48,train
dataset/train/giant_schnauzer/01699.jpg,giant_schnauzer,48,train
dataset/train/giant_schnauzer/02487.jpg,giant_schnauzer,48,train
dataset/train/giant_schnauzer/03619.jpg,giant_schnauzer,48,train
dataset/train/giant_schnauzer/04511.jpg,giant_schnauzer,48,train
dataset/train/giant_schnauzer/01894.jpg,giant_schnauzer,48,train
dataset/train/giant_schnauzer/03396.jpg,giant_schnauzer,48,train
dataset/train/giant_schnauzer/03385.jpg,giant_schnauzer,48,train
dataset/train/giant_schnauzer/02250.jpg,giant_schnauzer,48,train
dataset/train/giant_schnauzer/01197.jpg,giant_schnauzer,48,train
dataset/train/giant_schnauzer/01254.jpg,giant_schnauzer,48,train
dataset/train/giant_schnauzer/04050.jpg,giant_schnauzer,48,train
dataset/train/giant_schnauzer/04236.jpg,giant_schnauzer,48,train
dataset/train/giant_schnauzer/01395.jpg,giant_schnauzer,48,train
dataset/train/giant_schnauzer/02989.jpg,giant_schnauzer,48,train
dataset/train/giant_schnauzer/02904.jpg,giant_schnauzer,48,train
dataset/train/giant_schnauzer/03277.jpg,giant_schnauzer,48,train
dataset/train/giant_schnauzer/02574.jpg,giant_schnauzer,48,train
dataset/train/giant_schnauzer/03215.jpg,giant_schnauzer,48,train
dataset/train/giant_schnauzer/00364.jpg,giant_schnauzer,48,train
dataset/train/giant_schnauzer/03018.jpg,giant_schnauzer,48,train
dataset/train/giant_schnauzer/00032.jpg,giant_schnauzer,48,train
dataset/train/giant_schnauzer/02942.jpg,giant_schnauzer,48,train
dataset/train/giant_schnauzer/01275.jpg,giant_schnauzer,48,train
dataset/train/giant_schnauzer/02969.jpg,giant_schnauzer,48,train
dataset/train/giant_schnauzer/03359.jpg,giant_schnauzer,48,train
dataset/train/giant_schnauzer/03872.jpg,giant_schnauzer,48,train
dataset/train/giant_schnauzer/00243.jpg,giant_schnauzer,48,val
dataset/train/giant_schnauzer/04265.jpg,giant_schnauzer,48,val
dataset/train/giant_schnauzer/04193.jpg,giant_schnauzer,48,val
dataset/train/giant_schnauzer/01235.jpg,giant_schnauzer,48,val
dataset/train/giant_schnauzer/04336.jpg,giant_schnauzer,48,val
dataset/train/giant_schnauzer/02552.jpg,giant_schnauzer,48,val
dataset/train/giant_schnauzer/01119.jpg,giant_schnauzer,48,val
dataset/train/giant_schnauzer/01213.jpg,giant_schnauzer,48,val
dataset/train/giant_schnauzer/04292.jpg,giant_schnauzer,48,val
dataset/train/giant_schnauzer/01978.jpg,giant_schnauzer,48,val
dataset/train/giant_schnauzer/02135.jpg,giant_schnauzer,48,val
dataset/train/giant_schnauzer/01633.jpg,giant_schnauzer,48,val
dataset/train/giant_schnauzer/01761.jpg,giant_schnauzer,48,val
dataset/train/giant_schnauzer/01999.jpg,giant_schnauzer,48,val
dataset/train/giant_schnauzer/01649.jpg,giant_schnauzer,48,val
dataset/train/giant_schnauzer/01289.jpg,giant_schnauzer,48,val
dataset/train/giant_schnauzer/01438.jpg,giant_schnauzer,48,val
dataset/train/giant_schnauzer/03489.jpg,giant_schnauzer,48,val
dataset/train/giant_schnauzer/01463.jpg,giant_schnauzer,48,val
dataset/train/giant_schnauzer/01070.jpg,giant_schnauzer,48,val
dataset/train/golden_retriever/05366.jpg,golden_retriever,49,train
dataset/train/golden_retriever/02495.jpg,golden_retriever,49,train
dataset/train/golden_retriever/06139.jpg,golden_retriever,49,train
dataset/train/golden_retriever/05709.jpg,golden_retriever,49,train
dataset/train/golden_retriever/00142.jpg,golden_retriever,49,train
dataset/train/golden_retriever/02422.jpg,golden_retriever,49,train
dataset/train/golden_retriever/03007.jpg,golden_retriever,49,train
dataset/train/golden_retriever/00280.jpg,golden_retriever,49,train
dataset/train/golden_retriever/03111.jpg,golden_retriever,49,train
dataset/train/golden_retriever/00342.jpg,golden_retriever,49,train
dataset/train/golden_retriever/00281.jpg,golden_retriever,49,train
dataset/train/golden_retriever/03414.jpg,golden_retriever,49,train
dataset/train/golden_retriever/06194.jpg,golden_retriever,49,train
dataset/train/golden_retriever/02688.jpg,golden_retriever,49,train
dataset/train/golden_retriever/03388.jpg,golden_retriever,49,train
dataset/train/golden_retriever/00238.jpg,golden_retriever,49,train
dataset/train/golden_retriever/00286.jpg,golden_retriever,49,train
dataset/train/golden_retriever/03508.jpg,golden_retriever,49,train
dataset/train/golden_retriever/02994.jpg,golden_retriever,49,train
dataset/train/golden_retriever/00109.jpg,golden_retriever,49,train
dataset/train/golden_retriever/05736.jpg,golden_retriever,49,train
dataset/train/golden_retriever/03569.jpg,golden_retriever,49,train
dataset/train/golden_retriever/02076.jpg,golden_retriever,49,train
dataset/train/golden_retriever/01580.jpg,golden_retriever,49,train
dataset/train/golden_retriever/00447.jpg,golden_retriever,49,train
dataset/train/golden_retriever/02440.jpg,golden_retriever,49,train
dataset/train/golden_retriever/02359.jpg,golden_retriever,49,train
dataset/train/golden_retriever/05764.jpg,golden_retriever,49,train
dataset/train/golden_retriever/00100.jpg,golden_retriever,49,train
dataset/train/golden_retriever/02358.jpg,golden_retriever,49,train
dataset/train/golden_retriever/00473.jpg,golden_retriever,49,train
dataset/train/golden_retriever/05876.jpg,golden_retriever,49,train
dataset/train/golden_retriever/00014.jpg,golden_retriever,49,train
dataset/train/golden_retriever/04256.jpg,golden_retriever,49,train
dataset/train/golden_retriever/02663.jpg,golden_retriever,49,train
dataset/train/golden_retriever/01442.jpg,golden_retriever,49,train
dataset/train/golden_retriever/00544.jpg,golden_retriever,49,train
dataset/train/golden_retriever/00005.jpg,golden_retriever,49,train
dataset/train/golden_retriever/00308.jpg,golden_retriever,49,train
dataset/train/golden_retriever/05544.jpg,golden_retriever,49,train
dataset/train/golden_retriever/05160.jpg,golden_retriever,49,train
dataset/train/golden_retriever/00215.jpg,golden_retriever,49,train
dataset/train/golden_retriever/00146.jpg,golden_retriever,49,train
dataset/train/golden_retriever/01743.jpg,golden_retriever,49,train
dataset/train/golden_retriever/02029.jpg,golden_retriever,49,train
dataset/train/golden_retriever/03097.jpg,golden_retriever,49,train
dataset/train/golden_retriever/00118.jpg,golden_retriever,49,train
dataset/train/golden_retriever/06099.jpg,golden_retriever,49,train
dataset/train/golden_retriever/00304.jpg,golden_retriever,49,train
dataset/train/golden_retriever/03666.jpg,golden_retriever,49,train
dataset/train/golden_retriever/04312.jpg,golden_retriever,49,train
dataset/train/golden_retriever/01010.jpg,golden_retriever,49,train
dataset/train/golden_retriever/00176.jpg,golden_retriever,49,train
dataset/train/golden_retriever/00569.jpg,golden_retriever,49,train
dataset/train/golden_retriever/03262.jpg,golden_retriever,49,train
dataset/train/golden_retriever/02295.jpg,golden_retriever,49,train
dataset/train/golden_retriever/01028.jpg,golden_retriever,49,train
dataset/train/golden_retriever/05857.jpg,golden_retriever,49,train
dataset/train/golden_retriever/04933.jpg,golden_retriever,49,train
dataset/train/golden_retriever/03869.jpg,golden_retriever,49,train
dataset/train/golden_retriever/04678.jpg,golden_retriever,49,train
dataset/train/golden_retriever/02691.jpg,golden_retriever,49,train
dataset/train/golden_retriever/05240.jpg,golden_retriever,49,train
dataset/train/golden_retriever/05188.jpg,golden_retriever,49,train
dataset/train/golden_retriever/01324.jpg,golden_retriever,49,train
dataset/train/golden_retriever/03202.jpg,golden_retriever,49,train
dataset/train/golden_retriever/05132.jpg,golden_retriever,49,train
dataset/train/golden_retriever/01162.jpg,golden_retriever,49,train
dataset/train/golden_retriever/01633.jpg,golden_retriever,49,train
dataset/train/golden_retriever/00010.jpg,golden_retriever,49,train
dataset/train/golden_retriever/06105.jpg,golden_retriever,49,train
dataset/train/golden_retriever/04005.jpg,golden_retriever,49,train
dataset/train/golden_retriever/02408.jpg,golden_retriever,49,train
dataset/train/golden_retriever/05642.jpg,golden_retriever,49,train
dataset/train/golden_retriever/03073.jpg,golden_retriever,49,train
dataset/train/golden_retriever/02980.jpg,golden_retriever,49,train
dataset/train/golden_retriever/02796.jpg,golden_retriever,49,train
dataset/train/golden_retriever/00124.jpg,golden_retriever,49,train
dataset/train/golden_retriever/05453.jpg,golden_retriever,49,train
dataset/train/golden_retriever/05655.jpg,golden_retriever,49,train
dataset/train/golden_retriever/01249.jpg,golden_retriever,49,val
dataset/train/golden_retriever/03738.jpg,golden_retriever,49,val
dataset/train/golden_retriever/02536.jpg,golden_retriever,49,val
dataset/train/golden_retriever/05452.jpg,golden_retriever,49,val
dataset/train/golden_retriever/01768.jpg,golden_retriever,49,val
dataset/train/golden_retriever/03360.jpg,golden_retriever,49,val
dataset/train/golden_retriever/00345.jpg,golden_retriever,49,val
dataset/train/golden_retriever/04843.jpg,golden_retriever,49,val
dataset/train/golden_retriever/03720.jpg,golden_retriever,49,val
dataset/train/golden_retriever/05679.jpg,golden_retriever,49,val
dataset/train/golden_retriever/04651.jpg,golden_retriever,49,val
dataset/train/golden_retriever/05893.jpg,golden_retriever,49,val
dataset/train/golden_retriever/01259.jpg,golden_retriever,49,val
dataset/train/golden_retriever/01454.jpg,golden_retriever,49,val
dataset/train/golden_retriever/03494.jpg,golden_retriever,49,val
dataset/train/golden_retriever/03853.jpg,golden_retriever,49,val
dataset/train/golden_retriever/03327.jpg,golden_retriever,49,val
dataset/train/golden_retriever/04241.jpg,golden_retriever,49,val
dataset/train/golden_retriever/03004.jpg,golden_retriever,49,val
dataset/train/golden_retriever/05051.jpg,golden_retriever,49,val
dataset/train/gordon_setter/03379.jpg,gordon_setter,50,train
dataset/train/gordon_setter/01551.jpg,gordon_setter,50,train
dataset/train/gordon_setter/03103.jpg,gordon_setter,50,train
dataset/train/gordon_setter/02703.jpg,gordon_setter,50,train
dataset/train/gordon_setter/01871.jpg,gordon_setter,50,train
dataset/train/gordon_setter/02113.jpg,gordon_setter,50,train
dataset/train/gordon_setter/03239.jpg,gordon_setter,50,train
dataset/train/gordon_setter/01440.jpg,gordon_setter,50,train
dataset/train/gordon_setter/02501.jpg,gordon_setter,50,train
dataset/train/gordon_setter/01888.jpg,gordon_setter,50,train
dataset/train/gordon_setter/03506.jpg,gordon_setter,50,train
dataset/train/gordon_setter/00158.jpg,gordon_setter,50,train
dataset/train/gordon_setter/03868.jpg,gordon_setter,50,train
dataset/train/gordon_setter/01205.jpg,gordon_setter,50,train
dataset/train/gordon_setter/02065.jpg,gordon_setter,50,train
dataset/train/gordon_setter/02468.jpg,gordon_setter,50,train
dataset/train/gordon_setter/02092.jpg,gordon_setter,50,train
dataset/train/gordon_setter/02918.jpg,gordon_setter,50,train
dataset/train/gordon_setter/01580.jpg,gordon_setter,50,train
dataset/train/gordon_setter/00208.jpg,gordon_setter,50,train
dataset/train/gordon_setter/03467.jpg,gordon_setter,50,train
dataset/train/gordon_setter/00018.jpg,gordon_setter,50,train
dataset/train/gordon_setter/01160.jpg,gordon_setter,50,train
dataset/train/gordon_setter/02842.jpg,gordon_setter,50,train
dataset/train/gordon_setter/01297.jpg,gordon_setter,50,train
dataset/train/gordon_setter/01804.jpg,gordon_setter,50,train
dataset/train/gordon_setter/01389.jpg,gordon_setter,50,train
dataset/train/gordon_setter/03335.jpg,gordon_setter,50,train
dataset/train/gordon_setter/02954.jpg,gordon_setter,50,train
dataset/train/gordon_setter/02794.jpg,gordon_setter,50,train
dataset/train/gordon_setter/03914.jpg,gordon_setter,50,train
dataset/train/gordon_setter/03748.jpg,gordon_setter,50,train
dataset/train/gordon_setter/02516.jpg,gordon_setter,50,train
dataset/train/gordon_setter/01637.jpg,gordon_setter,50,train
dataset/train/gordon_setter/01016.jpg,gordon_setter,50,train
dataset/train/gordon_setter/02031.jpg,gordon_setter,50,train
dataset/train/gordon_setter/00283.jpg,gordon_setter,50,train
dataset/train/gordon_setter/02540.jpg,gordon_setter,50,train
dataset/train/gordon_setter/00134.jpg,gordon_setter,50,train
dataset/train/gordon_setter/03422.jpg,gordon_setter,50,train
dataset/train/gordon_setter/00022.jpg,gordon_setter,50,train
dataset/train/gordon_setter/03062.jpg,gordon_setter,50,train
dataset/train/gordon_setter/01918.jpg,gordon_setter,50,train
dataset/train/gordon_setter/02414.jpg,gordon_setter,50,train
dataset/train/gordon_setter/03766.jpg,gordon_setter,50,train
dataset/train/gordon_setter/01153.jpg,gordon_setter,50,train
dataset/train/gordon_setter/00266.jpg,gordon_setter,50,train
dataset/train/gordon_setter/02275.jpg,gordon_setter,50,train
dataset/train/gordon_setter/02902.jpg,gordon_setter,50,train
dataset/train/gordon_setter/00299.jpg,gordon_setter,50,train
dataset/train/gordon_setter/02232.jpg,gordon_setter,50,train
dataset/train/gordon_setter/01354.jpg,gordon_setter,50,train
dataset/train/gordon_setter/01308.jpg,gordon_setter,50,train
dataset/train/gordon_setter/00228.jpg,gordon_setter,50,train
dataset/train/gordon_setter/00012.jpg,gordon_setter,50,train
dataset/train/gordon_setter/03026.jpg,gordon_setter,50,train
dataset/train/gordon_setter/02742.jpg,gordon_setter,50,train
dataset/train/gordon_setter/01202.jpg,gordon_setter,50,train
dataset/train/gordon_setter/00296.jpg,gordon_setter,50,train
dataset/train/gordon_setter/00267.jpg,gordon_setter,50,train
dataset/train/gordon_setter/03442.jpg,gordon_setter,50,train
dataset/train/gordon_setter/01814.jpg,gordon_setter,50,train
dataset/train/gordon_setter/01249.jpg,gordon_setter,50,train
dataset/train/gordon_setter/03354.jpg,gordon_setter,50,train
dataset/train/gordon_setter/01678.jpg,gordon_setter,50,train
dataset/train/gordon_setter/00135.jpg,gordon_setter,50,train
dataset/train/gordon_setter/02513.jpg,gordon_setter,50,train
dataset/train/gordon_setter/02397.jpg,gordon_setter,50,train
dataset/train/gordon_setter/03450.jpg,gordon_setter,50,train
dataset/train/gordon_setter/02613.jpg,gordon_setter,50,train
dataset/train/gordon_setter/01948.jpg,gordon_setter,50,train
dataset/train/gordon_setter/02629.jpg,gordon_setter,50,train
dataset/train/gordon_setter/00114.jpg,gordon_setter,50,train
dataset/train/gordon_setter/01660.jpg,gordon_setter,50,train
dataset/train/gordon_setter/03667.jpg,gordon_setter,50,train
dataset/train/gordon_setter/02776.jpg,gordon_setter,50,train
dataset/train/gordon_setter/01506.jpg,gordon_setter,50,train
dataset/train/gordon_setter/02026.jpg,gordon_setter,50,train
dataset/train/gordon_setter/00335.jpg,gordon_setter,50,train
dataset/train/gordon_setter/01963.jpg,gordon_setter,50,train
dataset/train/gordon_setter/03439.jpg,gordon_setter,50,val
dataset/train/gordon_setter/03424.jpg,gordon_setter,50,val
dataset/train/gordon_setter/03807.jpg,gordon_setter,50,val
dataset/train/gordon_setter/03288.jpg,gordon_setter,50,val
dataset/train/gordon_setter/03882.jpg,gordon_setter,50,val
dataset/train/gordon_setter/01208.jpg,gordon_setter,50,val
dataset/train/gordon_setter/01832.jpg,gordon_setter,50,val
dataset/train/gordon_setter/01126.jpg,gordon_setter,50,val
dataset/train/gordon_setter/03125.jpg,gordon_setter,50,val
dataset/train/gordon_setter/01435.jpg,gordon_setter,50,val
dataset/train/gordon_setter/03933.jpg,gordon_setter,50,val
dataset/train/gordon_setter/02907.jpg,gordon_setter,50,val
dataset/train/gordon_setter/01934.jpg,gordon_setter,50,val
dataset/train/gordon_setter/01476.jpg,gordon_setter,50,val
dataset/train/gordon_setter/02316.jpg,gordon_setter,50,val
dataset/train/gordon_setter/01681.jpg,gordon_setter,50,val
dataset/train/gordon_setter/01707.jpg,gordon_setter,50,val
dataset/train/gordon_setter/01059.jpg,gordon_setter,50,val
dataset/train/gordon_setter/02445.jpg,gordon_setter,50,val
dataset/train/gordon_setter/00338.jpg,gordon_setter,50,val
dataset/train/great_dane/31376.jpg,great_dane,51,train
dataset/train/great_dane/30923.jpg,great_dane,51,train
dataset/train/great_dane/13868.jpg,great_dane,51,train
dataset/train/great_dane/01876.jpg,great_dane,51,train
dataset/train/great_dane/22413.jpg,great_dane,51,train
dataset/train/great_dane/12569.jpg,great_dane,51,train
dataset/train/great_dane/12678.jpg,great_dane,51,train
dataset/train/great_dane/12916.jpg,great_dane,51,train
dataset/train/great_dane/27476.jpg,great_dane,51,train
dataset/train/great_dane/31522.jpg,great_dane,51,train
dataset/train/great_dane/19775.jpg,great_dane,51,train
dataset/train/great_dane/21567.jpg,great_dane,51,train
dataset/train/great_dane/02475.jpg,great_dane,51,train
dataset/train/great_dane/16735.jpg,great_dane,51,train
dataset/train/great_dane/25719.jpg,great_dane,51,train
dataset/train/great_dane/32010.jpg,great_dane,51,train
dataset/train/great_dane/13016.jpg,great_dane,51,train
dataset/train/great_dane/32635.jpg,great_dane,51,train
dataset/train/great_dane/31117.jpg,great_dane,51,train
dataset/train/great_dane/28208.jpg,great_dane,51,train
dataset/train/great_dane/18490.jpg,great_dane,51,train
dataset/train/great_dane/25277.jpg,great_dane,51,train
dataset/train/great_dane/13211.jpg,great_dane,51,train
dataset/train/great_dane/12726.jpg,great_dane,51,train
dataset/train/great_dane/23814.jpg,great_dane,51,train
dataset/train/great_dane/31830.jpg,great_dane,51,train
dataset/train/great_dane/28433.jpg,great_dane,51,train
dataset/train/great_dane/02553.jpg,great_dane,51,train
dataset/train/great_dane/21589.jpg,great_dane,51,train
dataset/train/great_dane/19984.jpg,great_dane,51,train
dataset/train/great_dane/02810.jpg,great_dane,51,train
dataset/train/great_dane/27409.jpg,great_dane,51,train
dataset/train/great_dane/12085.jpg,great_dane,51,train
dataset/train/great_dane/26729.jpg,great_dane,51,train
dataset/train/great_dane/22481.jpg,great_dane,51,train
dataset/train/great_dane/01371.jpg,great_dane,51,train
dataset/train/great_dane/31049.jpg,great_dane,51,train
dataset/train/great_dane/26860.jpg,great_dane,51,train
dataset/train/great_dane/24710.jpg,great_dane,51,train
dataset/train/great_dane/02358.jpg,great_dane,51,train
dataset/train/great_dane/13040.jpg,great_dane,51,train
dataset/train/great_dane/22006.jpg,great_dane,51,train
dataset/train/great_dane/23058.jpg,great_dane,51,train
dataset/train/great_dane/13744.jpg,great_dane,51,train
dataset/train/great_dane/13072.jpg,great_dane,51,train
dataset/train/great_dane/21692.jpg,great_dane,51,train
dataset/train/great_dane/10112.jpg,great_dane,51,train
dataset/train/great_dane/02009.jpg,great_dane,51,train
dataset/train/great_dane/25603.jpg,great_dane,51,train
dataset/train/great_dane/01659.jpg,great_dane,51,train
dataset/train/great_dane/12899.jpg,great_dane,51,train
dataset/train/great_dane/01672.jpg,great_dane,51,train
dataset/train/great_dane/24340.jpg,great_dane,51,train
dataset/train/great_dane/20770.jpg,great_dane,51,train
dataset/train/great_dane/31274.jpg,great_dane,51,train
dataset/train/great_dane/01480.jpg,great_dane,51,train
dataset/train/great_dane/23852.jpg,great_dane,51,train
dataset/train/great_dane/26134.jpg,great_dane,51,train
dataset/train/great_dane/02248.jpg,great_dane,51,train
dataset/train/great_dane/03001.jpg,great_dane,51,train
dataset/train/great_dane/12193.jpg,great_dane,51,train
dataset/train/great_dane/25291.jpg,great_dane,51,train
dataset/train/great_dane/11178.jpg,great_dane,51,train
dataset/train/great_dane/02859.jpg,great_dane,51,train
dataset/train/great_dane/02630.jpg,great_dane,51,train
dataset/train/great_dane/02527.jpg,great_dane,51,train
dataset/train/great_dane/22193.jpg,great_dane,51,train
dataset/train/great_dane/25779.jpg,great_dane,51,train
dataset/train/great_dane/17874.jpg,great_dane,51,train
dataset/train/great_dane/10414.jpg,great_dane,51,train
dataset/train/great_dane/13730.jpg,great_dane,51,train
dataset/train/great_dane/10160.jpg,great_dane,51,train
dataset/train/great_dane/12966.jpg,great_dane,51,train
dataset/train/great_dane/01813.jpg,great_dane,51,train
dataset/train/great_dane/23483.jpg,great_dane,51,train
dataset/train/great_dane/22955.jpg,great_dane,51,train
dataset/train/great_dane/17050.jpg,great_dane,51,train
dataset/train/great_dane/24773.jpg,great_dane,51,train
dataset/train/great_dane/24258.jpg,great_dane,51,train
dataset/train/great_dane/00282.jpg,great_dane,51,train
dataset/train/great_dane/02072.jpg,great_dane,51,val
dataset/train/great_dane/20023.jpg,great_dane,51,val
dataset/train/great_dane/14013.jpg,great_dane,51,val
dataset/train/great_dane/18614.jpg,great_dane,51,val
dataset/train/great_dane/01533.jpg,great_dane,51,val
dataset/train/great_dane/17629.jpg,great_dane,51,val
dataset/train/great_dane/20229.jpg,great_dane,51,val
dataset/train/great_dane/21903.jpg,great_dane,51,val
dataset/train/great_dane/02851.jpg,great_dane,51,val
dataset/train/great_dane/01005.jpg,great_dane,51,val
dataset/train/great_dane/12467.jpg,great_dane,51,val
dataset/train/great_dane/11184.jpg,great_dane,51,val
dataset/train/great_dane/13977.jpg,great_dane,51,val
dataset/train/great_dane/02465.jpg,great_dane,51,val
dataset/train/great_dane/25342.jpg,great_dane,51,val
dataset/train/great_dane/11472.jpg,great_dane,51,val
dataset/train/great_dane/27131.jpg,great_dane,51,val
dataset/train/great_dane/01260.jpg,great_dane,51,val
dataset/train/great_dane/01449.jpg,great_dane,51,val
dataset/train/great_dane/01284.jpg,great_dane,51,val
dataset/train/great_pyrenees/02905.jpg,great_pyrenees,52,train
dataset/train/great_pyrenees/00017.jpg,great_pyrenees,52,train
dataset/train/great_pyrenees/04358.jpg,great_pyrenees,52,train
dataset/train/great_pyrenees/01474.jpg,great_pyrenees,52,train
dataset/train/great_pyrenees/00300.jpg,great_pyrenees,52,train
dataset/train/great_pyrenees/01170.jpg,great_pyrenees,52,train
dataset/train/great_pyrenees/02010.jpg,great_pyrenees,52,train
dataset/train/great_pyrenees/00265.jpg,great_pyrenees,52,train
dataset/train/great_pyrenees/01557.jpg,great_pyrenees,52,train
dataset/train/great_pyrenees/00198.jpg,great_pyrenees,52,train
dataset/train/great_pyrenees/02209.jpg,great_pyrenees,52,train
dataset/train/great_pyrenees/01603.jpg,great_pyrenees,52,train
dataset/train/great_pyrenees/02081.jpg,great_pyrenees,52,train
dataset/train/great_pyrenees/04731.jpg,great_pyrenees,52,train
dataset/train/great_pyrenees/02272.jpg,great_pyrenees,52,train
dataset/train/great_pyrenees/01743.jpg,great_pyrenees,52,train
dataset/train/great_pyrenees/02247.jpg,great_pyrenees,52,train
dataset/train/great_pyrenees/03746.jpg,great_pyrenees,52,train
dataset/train/great_pyrenees/01653.jpg,great_pyrenees,52,train
dataset/train/great_pyrenees/01590.jpg,great_pyrenees,52,train
dataset/train/great_pyrenees/04104.jpg,great_pyrenees,52,train
dataset/train/great_pyrenees/04147.jpg,great_pyrenees,52,train
dataset/train/great_pyrenees/03306.jpg,great_pyrenees,52,train
dataset/train/great_pyrenees/01787.jpg,great_pyrenees,52,train
dataset/train/great_pyrenees/02522.jpg,great_pyrenees,52,train
dataset/train/great_pyrenees/03052.jpg,great_pyrenees,52,train
dataset/train/great_pyrenees/00149.jpg,great_pyrenees,52,train
dataset/train/great_pyrenees/03254.jpg,great_pyrenees,52,train
dataset/train/great_pyrenees/01879.jpg,great_pyrenees,52,train
dataset/train/great_pyrenees/02491.jpg,great_pyrenees,52,train
dataset/train/great_pyrenees/03863.jpg,great_pyrenees,52,train
dataset/train/great_pyrenees/03597.jpg,great_pyrenees,52,train
dataset/train/great_pyrenees/03548.jpg,great_pyrenees,52,train
dataset/train/great_pyrenees/01097.jpg,great_pyrenees,52,train
dataset/train/great_pyrenees/04636.jpg,great_pyrenees,52,train
dataset/train/great_pyrenees/03710.jpg,great_pyrenees,52,train
dataset/train/great_pyrenees/04687.jpg,great_pyrenees,52,train
dataset/train/great_pyrenees/00287.jpg,great_pyrenees,52,train
dataset/train/great_pyrenees/01943.jpg,great_pyrenees,52,train
dataset/train/great_pyrenees/00031.jpg,great_pyrenees,52,train
dataset/train/great_pyrenees/00297.jpg,great_pyrenees,52,train
dataset/train/great_pyrenees/01050.jpg,great_pyrenees,52,train
dataset/train/great_pyrenees/00337.jpg,great_pyrenees,52,train
dataset/train/great_pyrenees/00205.jpg,great_pyrenees,52,train
dataset/train/great_pyrenees/01314.jpg,great_pyrenees,52,train
dataset/train/great_pyrenees/02736.jpg,great_pyrenees,52,train
dataset/train/great_pyrenees/04187.jpg,great_pyrenees,52,train
dataset/train/great_pyrenees/00124.jpg,great_pyrenees,52,train
dataset/train/great_pyrenees/02051.jpg,great_pyrenees,52,train
dataset/train/great_pyrenees/02668.jpg,great_pyrenees,52,train
dataset/train/great_pyrenees/00395.jpg,great_pyrenees,52,train
dataset/train/great_pyrenees/01048.jpg,great_pyrenees,52,train
dataset/train/great_pyrenees/00459.jpg,great_pyrenees,52,train
dataset/train/great_pyrenees/02572.jpg,great_pyrenees,52,train
dataset/train/great_pyrenees/04097.jpg,great_pyrenees,52,train
dataset/train/great_pyrenees/04466.jpg,great_pyrenees,52,train
dataset/train/great_pyrenees/01031.jpg,great_pyrenees,52,train
dataset/train/great_pyrenees/01358.jpg,great_pyrenees,52,train
dataset/train/great_pyrenees/00026.jpg,great_pyrenees,52,train
dataset/train/great_pyrenees/03835.jpg,great_pyrenees,52,train
dataset/train/great_pyrenees/04320.jpg,great_pyrenees,52,train
dataset/train/great_pyrenees/04315.jpg,great_pyrenees,52,train
dataset/train/great_pyrenees/00260.jpg,great_pyrenees,52,train
dataset/train/great_pyrenees/02863.jpg,great_pyrenees,52,train
dataset/train/great_pyrenees/02747.jpg,great_pyrenees,52,train
dataset/train/great_pyrenees/02617.jpg,great_pyrenees,52,train
dataset/train/great_pyrenees/00389.jpg,great_pyrenees,52,train
dataset/train/great_pyrenees/01718.jpg,great_pyrenees,52,train
dataset/train/great_pyrenees/03333.jpg,great_pyrenees,52,train
dataset/train/great_pyrenees/01233.jpg,great_pyrenees,52,train
dataset/train/great_pyrenees/02185.jpg,great_pyrenees,52,train
dataset/train/great_pyrenees/02058.jpg,great_pyrenees,52,train
dataset/train/great_pyrenees/00409.jpg,great_pyrenees,52,train
dataset/train/great_pyrenees/03749.jpg,great_pyrenees,52,train
dataset/train/great_pyrenees/02651.jpg,great_pyrenees,52,train
dataset/train/great_pyrenees/04678.jpg,great_pyrenees,52,train
dataset/train/great_pyrenees/03077.jpg,great_pyrenees,52,train
dataset/train/great_pyrenees/01576.jpg,great_pyrenees,52,train
dataset/train/great_pyrenees/03095.jpg,great_pyrenees,52,train
dataset/train/great_pyrenees/00109.jpg,great_pyrenees,52,train
dataset/train/great_pyrenees/03672.jpg,great_pyrenees,52,val
dataset/train/great_pyrenees/04696.jpg,great_pyrenees,52,val
dataset/train/great_pyrenees/01149.jpg,great_pyrenees,52,val
dataset/train/great_pyrenees/03560.jpg,great_pyrenees,52,val
dataset/train/great_pyrenees/03513.jpg,great_pyrenees,52,val
dataset/train/great_pyrenees/02066.jpg,great_pyrenees,52,val
dataset/train/great_pyrenees/01203.jpg,great_pyrenees,52,val
dataset/train/great_pyrenees/02596.jpg,great_pyrenees,52,val
dataset/train/great_pyrenees/00241.jpg,great_pyrenees,52,val
dataset/train/great_pyrenees/03276.jpg,great_pyrenees,52,val
dataset/train/great_pyrenees/01777.jpg,great_pyrenees,52,val
dataset/train/great_pyrenees/00032.jpg,great_pyrenees,52,val
dataset/train/great_pyrenees/03200.jpg,great_pyrenees,52,val
dataset/train/great_pyrenees/00250.jpg,great_pyrenees,52,val
dataset/train/great_pyrenees/02746.jpg,great_pyrenees,52,val
dataset/train/great_pyrenees/02151.jpg,great_pyrenees,52,val
dataset/train/great_pyrenees/02232.jpg,great_pyrenees,52,val
dataset/train/great_pyrenees/03011.jpg,great_pyrenees,52,val
dataset/train/great_pyrenees/04590.jpg,great_pyrenees,52,val
dataset/train/great_pyrenees/02018.jpg,great_pyrenees,52,val
dataset/train/greater_swiss_mountain_dog/01569.jpg,greater_swiss_mountain_dog,53,train
dataset/train/greater_swiss_mountain_dog/02361.jpg,greater_swiss_mountain_dog,53,train
dataset/train/greater_swiss_mountain_dog/01315.jpg,greater_swiss_mountain_dog,53,train
dataset/train/greater_swiss_mountain_dog/01459.jpg,greater_swiss_mountain_dog,53,train
dataset/train/greater_swiss_mountain_dog/01174.jpg,greater_swiss_mountain_dog,53,train
dataset/train/greater_swiss_mountain_dog/01033.jpg,greater_swiss_mountain_dog,53,train
dataset/train/greater_swiss_mountain_dog/02339.jpg,greater_swiss_mountain_dog,53,train
dataset/train/greater_swiss_mountain_dog/00173.jpg,greater_swiss_mountain_dog,53,train
dataset/train/greater_swiss_mountain_dog/01059.jpg,greater_swiss_mountain_dog,53,train
dataset/train/greater_swiss_mountain_dog/01441.jpg,greater_swiss_mountain_dog,53,train
dataset/train/greater_swiss_mountain_dog/02474.jpg,greater_swiss_mountain_dog,53,train
dataset/train/greater_swiss_mountain_dog/01952.jpg,greater_swiss_mountain_dog,53,train
dataset/train/greater_swiss_mountain_dog/02033.jpg,greater_swiss_mountain_dog,53,train
dataset/train/greater_swiss_mountain_dog/01026.jpg,greater_swiss_mountain_dog,53,train
dataset/train/greater_swiss_mountain_dog/00140.jpg,greater_swiss_mountain_dog,53,train
dataset/train/greater_swiss_mountain_dog/00261.jpg,greater_swiss_mountain_dog,53,train
dataset/train/greater_swiss_mountain_dog/00267.jpg,greater_swiss_mountain_dog,53,train
dataset/train/greater_swiss_mountain_dog/01871.jpg,greater_swiss_mountain_dog,53,train
dataset/train/greater_swiss_mountain_dog/01101.jpg,greater_swiss_mountain_dog,53,train
dataset/train/greater_swiss_mountain_dog/02005.jpg,greater_swiss_mountain_dog,53,train
dataset/train/greater_swiss_mountain_dog/00215.jpg,greater_swiss_mountain_dog,53,train
dataset/train/greater_swiss_mountain_dog/01866.jpg,greater_swiss_mountain_dog,53,train
dataset/train/greater_swiss_mountain_dog/01927.jpg,greater_swiss_mountain_dog,53,train
dataset/train/greater_swiss_mountain_dog/01180.jpg,greater_swiss_mountain_dog,53,train
dataset/train/greater_swiss_mountain_dog/02283.jpg,greater_swiss_mountain_dog,53,train
dataset/train/greater_swiss_mountain_dog/01472.jpg,greater_swiss_mountain_dog,53,train
dataset/train/greater_swiss_mountain_dog/01499.jpg,greater_swiss_mountain_dog,53,train
dataset/train/greater_swiss_mountain_dog/01968.jpg,greater_swiss_mountain_dog,53,train
dataset/train/greater_swiss_mountain_dog/02386.jpg,greater_swiss_mountain_dog,53,train
dataset/train/greater_swiss_mountain_dog/01249.jpg,greater_swiss_mountain_dog,53,train
dataset/train/greater_swiss_mountain_dog/01467.jpg,greater_swiss_mountain_dog,53,train
dataset/train/greater_swiss_mountain_dog/01437.jpg,greater_swiss_mountain_dog,53,train
dataset/train/greater_swiss_mountain_dog/01019.jpg,greater_swiss_mountain_dog,53,train
dataset/train/greater_swiss_mountain_dog/01597.jpg,greater_swiss_mountain_dog,53,train
dataset/train/greater_swiss_mountain_dog/02523.jpg,greater_swiss_mountain_dog,53,train
dataset/train/greater_swiss_mountain_dog/01415.jpg,greater_swiss_mountain_dog,53,train
dataset/train/greater_swiss_mountain_dog/01661.jpg,greater_swiss_mountain_dog,53,train
dataset/train/greater_swiss_mountain_dog/01007.jpg,greater_swiss_mountain_dog,53,train
dataset/train/greater_swiss_mountain_dog/01426.jpg,greater_swiss_mountain_dog,53,train
dataset/train/greater_swiss_mountain_dog/02579.jpg,greater_swiss_mountain_dog,53,train
dataset/train/greater_swiss_mountain_dog/01817.jpg,greater_swiss_mountain_dog,53,train
dataset/train/greater_swiss_mountain_dog/02662.jpg,greater_swiss_mountain_dog,53,train
dataset/train/greater_swiss_mountain_dog/02086.jpg,greater_swiss_mountain_dog,53,train
dataset/train/greater_swiss_mountain_dog/02582.jpg,greater_swiss_mountain_dog,53,train
dataset/train/greater_swiss_mountain_dog/01953.jpg,greater_swiss_mountain_dog,53,train
dataset/train/greater_swiss_mountain_dog/01920.jpg,greater_swiss_mountain_dog,53,train
dataset/train/greater_swiss_mountain_dog/01132.jpg,greater_swiss_mountain_dog,53,train
dataset/train/greater_swiss_mountain_dog/01010.jpg,greater_swiss_mountain_dog,53,train
dataset/train/greater_swiss_mountain_dog/01390.jpg,greater_swiss_mountain_dog,53,train
dataset/train/greater_swiss_mountain_dog/02477.jpg,greater_swiss_mountain_dog,53,train
dataset/train/greater_swiss_mountain_dog/01669.jpg,greater_swiss_mountain_dog,53,train
dataset/train/greater_swiss_mountain_dog/02066.jpg,greater_swiss_mountain_dog,53,train
dataset/train/greater_swiss_mountain_dog/01097.jpg,greater_swiss_mountain_dog,53,train
dataset/train/greater_swiss_mountain_dog/01261.jpg,greater_swiss_mountain_dog,53,train
dataset/train/greater_swiss_mountain_dog/01083.jpg,greater_swiss_mountain_dog,53,train
dataset/train/greater_swiss_mountain_dog/00266.jpg,greater_swiss_mountain_dog,53,train
dataset/train/greater_swiss_mountain_dog/01055.jpg,greater_swiss_mountain_dog,53,train
dataset/train/greater_swiss_mountain_dog/02383.jpg,greater_swiss_mountain_dog,53,train
dataset/train/greater_swiss_mountain_dog/02650.jpg,greater_swiss_mountain_dog,53,train
dataset/train/greater_swiss_mountain_dog/02065.jpg,greater_swiss_mountain_dog,53,train
dataset/train/greater_swiss_mountain_dog/02356.jpg,greater_swiss_mountain_dog,53,train
dataset/train/greater_swiss_mountain_dog/01051.jpg,greater_swiss_mountain_dog,53,train
dataset/train/greater_swiss_mountain_dog/02574.jpg,greater_swiss_mountain_dog,53,train
dataset/train/greater_swiss_mountain_dog/02665.jpg,greater_swiss_mountain_dog,53,train
dataset/train/greater_swiss_mountain_dog/02276.jpg,greater_swiss_mountain_dog,53,train
dataset/train/greater_swiss_mountain_dog/01041.jpg,greater_swiss_mountain_dog,53,train
dataset/train/greater_swiss_mountain_dog/00225.jpg,greater_swiss_mountain_dog,53,train
dataset/train/greater_swiss_mountain_dog/01246.jpg,greater_swiss_mountain_dog,53,train
dataset/train/greater_swiss_mountain_dog/00169.jpg,greater_swiss_mountain_dog,53,train
dataset/train/greater_swiss_mountain_dog/01706.jpg,greater_swiss_mountain_dog,53,train
dataset/train/greater_swiss_mountain_dog/02370.jpg,greater_swiss_mountain_dog,53,train
dataset/train/greater_swiss_mountain_dog/01077.jpg,greater_swiss_mountain_dog,53,train
dataset/train/greater_swiss_mountain_dog/02290.jpg,greater_swiss_mountain_dog,53,train
dataset/train/greater_swiss_mountain_dog/01126.jpg,greater_swiss_mountain_dog,53,train
dataset/train/greater_swiss_mountain_dog/02633.jpg,greater_swiss_mountain_dog,53,train
dataset/train/greater_swiss_mountain_dog/02651.jpg,greater_swiss_mountain_dog,53,train
dataset/train/greater_swiss_mountain_dog/02436.jpg,greater_swiss_mountain_dog,53,train
dataset/train/greater_swiss_mountain_dog/01954.jpg,greater_swiss_mountain_dog,53,train
dataset/train/greater_swiss_mountain_dog/01032.jpg,greater_swiss_mountain_dog,53,train
dataset/train/greater_swiss_mountain_dog/02577.jpg,greater_swiss_mountain_dog,53,train
dataset/train/greater_swiss_mountain_dog/02325.jpg,greater_swiss_mountain_dog,53,val
dataset/train/greater_swiss_mountain_dog/01092.jpg,greater_swiss_mountain_dog,53,val
dataset/train/greater_swiss_mountain_dog/02377.jpg,greater_swiss_mountain_dog,53,val
dataset/train/greater_swiss_mountain_dog/02259.jpg,greater_swiss_mountain_dog,53,val
dataset/train/greater_swiss_mountain_dog/02527.jpg,greater_swiss_mountain_dog,53,val
dataset/train/greater_swiss_mountain_dog/01491.jpg,greater_swiss_mountain_dog,53,val
dataset/train/greater_swiss_mountain_dog/02352.jpg,greater_swiss_mountain_dog,53,val
dataset/train/greater_swiss_mountain_dog/01214.jpg,greater_swiss_mountain_dog,53,val
dataset/train/greater_swiss_mountain_dog/01825.jpg,greater_swiss_mountain_dog,53,val
dataset/train/greater_swiss_mountain_dog/02100.jpg,greater_swiss_mountain_dog,53,val
dataset/train/greater_swiss_mountain_dog/01387.jpg,greater_swiss_mountain_dog,53,val
dataset/train/greater_swiss_mountain_dog/01028.jpg,greater_swiss_mountain_dog,53,val
dataset/train/greater_swiss_mountain_dog/01531.jpg,greater_swiss_mountain_dog,53,val
dataset/train/greater_swiss_mountain_dog/02335.jpg,greater_swiss_mountain_dog,53,val
dataset/train/greater_swiss_mountain_dog/02191.jpg,greater_swiss_mountain_dog,53,val
dataset/train/greater_swiss_mountain_dog/00015.jpg,greater_swiss_mountain_dog,53,val
dataset/train/greater_swiss_mountain_dog/01494.jpg,greater_swiss_mountain_dog,53,val
dataset/train/greater_swiss_mountain_dog/01118.jpg,greater_swiss_mountain_dog,53,val
dataset/train/greater_swiss_mountain_dog/02164.jpg,greater_swiss_mountain_dog,53,val
dataset/train/greater_swiss_mountain_dog/02222.jpg,greater_swiss_mountain_dog,53,val
dataset/train/groenendael/01061.jpg,groenendael,54,train
dataset/train/groenendael/00143.jpg,groenendael,54,train
dataset/train/groenendael/02639.jpg,groenendael,54,train
dataset/train/groenendael/04102.jpg,groenendael,54,train
dataset/train/groenendael/03530.jpg,groenendael,54,train
dataset/train/groenendael/04066.jpg,groenendael,54,train
dataset/train/groenendael/05100.jpg,groenendael,54,train
dataset/train/groenendael/04335.jpg,groenendael,54,train
dataset/train/groenendael/03445.jpg,groenendael,54,train
dataset/train/groenendael/05193.jpg,groenendael,54,train
dataset/train/groenendael/03538.jpg,groenendael,54,train
dataset/train/groenendael/04846.jpg,groenendael,54,train
dataset/train/groenendael/01067.jpg,groenendael,54,train
dataset/train/groenendael/04918.jpg,groenendael,54,train
dataset/train/groenendael/02836.jpg,groenendael,54,train
dataset/train/groenendael/02036.jpg,groenendael,54,train
dataset/train/groenendael/01071.jpg,groenendael,54,train
dataset/train/groenendael/01165.jpg,groenendael,54,train
dataset/train/groenendael/04334.jpg,groenendael,54,train
dataset/train/groenendael/02649.jpg,groenendael,54,train
dataset/train/groenendael/04173.jpg,groenendael,54,train
dataset/train/groenendael/04600.jpg,groenendael,54,train
dataset/train/groenendael/02195.jpg,groenendael,54,train
dataset/train/groenendael/03767.jpg,groenendael,54,train
dataset/train/groenendael/03599.jpg,groenendael,54,train
dataset/train/groenendael/03714.jpg,groenendael,54,train
dataset/train/groenendael/04139.jpg,groenendael,54,train
dataset/train/groenendael/01613.jpg,groenendael,54,train
dataset/train/groenendael/03091.jpg,groenendael,54,train
dataset/train/groenendael/03741.jpg,groenendael,54,train
dataset/train/groenendael/03322.jpg,groenendael,54,train
dataset/train/groenendael/04533.jpg,groenendael,54,train
dataset/train/groenendael/04469.jpg,groenendael,54,train
dataset/train/groenendael/04535.jpg,groenendael,54,train
dataset/train/groenendael/02798.jpg,groenendael,54,train
dataset/train/groenendael/03540.jpg,groenendael,54,train
dataset/train/groenendael/05145.jpg,groenendael,54,train
dataset/train/groenendael/03471.jpg,groenendael,54,train
dataset/train/groenendael/02678.jpg,groenendael,54,train
dataset/train/groenendael/04904.jpg,groenendael,54,train
dataset/train/groenendael/02834.jpg,groenendael,54,train
dataset/train/groenendael/03309.jpg,groenendael,54,train
dataset/train/groenendael/04361.jpg,groenendael,54,train
dataset/train/groenendael/03294.jpg,groenendael,54,train
dataset/train/groenendael/04787.jpg,groenendael,54,train
dataset/train/groenendael/05146.jpg,groenendael,54,train
dataset/train/groenendael/02552.jpg,groenendael,54,train
dataset/train/groenendael/01960.jpg,groenendael,54,train
dataset/train/groenendael/03640.jpg,groenendael,54,train
dataset/train/groenendael/04842.jpg,groenendael,54,train
dataset/train/groenendael/03499.jpg,groenendael,54,train
dataset/train/groenendael/02802.jpg,groenendael,54,train
dataset/train/groenendael/05371.jpg,groenendael,54,train
dataset/train/groenendael/04713.jpg,groenendael,54,train
dataset/train/groenendael/04873.jpg,groenendael,54,train
dataset/train/groenendael/02194.jpg,groenendael,54,train
dataset/train/groenendael/04407.jpg,groenendael,54,train
dataset/train/groenendael/05212.jpg,groenendael,54,train
dataset/train/groenendael/04766.jpg,groenendael,54,train
dataset/train/groenendael/00026.jpg,groenendael,54,train
dataset/train/groenendael/02685.jpg,groenendael,54,train
dataset/train/groenendael/05290.jpg,groenendael,54,train
dataset/train/groenendael/03754.jpg,groenendael,54,train
dataset/train/groenendael/04526.jpg,groenendael,54,train
dataset/train/groenendael/04631.jpg,groenendael,54,train
dataset/train/groenendael/03348.jpg,groenendael,54,train
dataset/train/groenendael/01523.jpg,groenendael,54,train
dataset/train/groenendael/02894.jpg,groenendael,54,train
dataset/train/groenendael/04283.jpg,groenendael,54,train
dataset/train/groenendael/03123.jpg,groenendael,54,train
dataset/train/groenendael/02200.jpg,groenendael,54,train
dataset/train/groenendael/03896.jpg,groenendael,54,train
dataset/train/groenendael/01910.jpg,groenendael,54,train
dataset/train/groenendael/04591.jpg,groenendael,54,train
dataset/train/groenendael/05111.jpg,groenendael,54,train
dataset/train/groenendael/05276.jpg,groenendael,54,train
dataset/train/groenendael/04601.jpg,groenendael,54,train
dataset/train/groenendael/03541.jpg,groenendael,54,train
dataset/train/groenendael/03679.jpg,groenendael,54,train
dataset/train/groenendael/05365.jpg,groenendael,54,train
dataset/train/groenendael/04527.jpg,groenendael,54,val
dataset/train/groenendael/03745.jpg,groenendael,54,val
dataset/train/groenendael/04205.jpg,groenendael,54,val
dataset/train/groenendael/03394.jpg,groenendael,54,val
dataset/train/groenendael/04770.jpg,groenendael,54,val
dataset/train/groenendael/03107.jpg,groenendael,54,val
dataset/train/groenendael/02525.jpg,groenendael,54,val
dataset/train/groenendael/02556.jpg,groenendael,54,val
dataset/train/groenendael/01018.jpg,groenendael,54,val
dataset/train/groenendael/03908.jpg,groenendael,54,val
dataset/train/groenendael/03666.jpg,groenendael,54,val
dataset/train/groenendael/04486.jpg,groenendael,54,val
dataset/train/groenendael/04356.jpg,groenendael,54,val
dataset/train/groenendael/01294.jpg,groenendael,54,val
dataset/train/groenendael/05352.jpg,groenendael,54,val
dataset/train/groenendael/05299.jpg,groenendael,54,val
dataset/train/groenendael/01050.jpg,groenendael,54,val
dataset/train/groenendael/00537.jpg,groenendael,54,val
dataset/train/groenendael/04640.jpg,groenendael,54,val
dataset/train/groenendael/04956.jpg,groenendael,54,val
dataset/train/ibizan_hound/02934.jpg,ibizan_hound,55,train
dataset/train/ibizan_hound/01076.jpg,ibizan_hound,55,train
dataset/train/ibizan_hound/02464.jpg,ibizan_hound,55,train
dataset/train/ibizan_hound/02542.jpg,ibizan_hound,55,train
dataset/train/ibizan_hound/01938.jpg,ibizan_hound,55,train
dataset/train/ibizan_hound/00177.jpg,ibizan_hound,55,train
dataset/train/ibizan_hound/01737.jpg,ibizan_hound,55,train
dataset/train/ibizan_hound/02062.jpg,ibizan_hound,55,train
dataset/train/ibizan_hound/01371.jpg,ibizan_hound,55,train
dataset/train/ibizan_hound/00291.jpg,ibizan_hound,55,train
dataset/train/ibizan_hound/02293.jpg,ibizan_hound,55,train
dataset/train/ibizan_hound/03278.jpg,ibizan_hound,55,train
dataset/train/ibizan_hound/01265.jpg,ibizan_hound,55,train
dataset/train/ibizan_hound/01488.jpg,ibizan_hound,55,train
dataset/train/ibizan_hound/02601.jpg,ibizan_hound,55,train
dataset/train/ibizan_hound/01690.jpg,ibizan_hound,55,train
dataset/train/ibizan_hound/03425.jpg,ibizan_hound,55,train
dataset/train/ibizan_hound/03005.jpg,ibizan_hound,55,train
dataset/train/ibizan_hound/01025.jpg,ibizan_hound,55,train
dataset/train/ibizan_hound/01917.jpg,ibizan_hound,55,train
dataset/train/ibizan_hound/02993.jpg,ibizan_hound,55,train
dataset/train/ibizan_hound/02512.jpg,ibizan_hound,55,train
dataset/train/ibizan_hound/00150.jpg,ibizan_hound,55,train
dataset/train/ibizan_hound/01396.jpg,ibizan_hound,55,train
dataset/train/ibizan_hound/01238.jpg,ibizan_hound,55,train
dataset/train/ibizan_hound/02648.jpg,ibizan_hound,55,train
dataset/train/ibizan_hound/00327.jpg,ibizan_hound,55,train
dataset/train/ibizan_hound/03161.jpg,ibizan_hound,55,train
dataset/train/ibizan_hound/03369.jpg,ibizan_hound,55,train
dataset/train/ibizan_hound/02742.jpg,ibizan_hound,55,train
dataset/train/ibizan_hound/03075.jpg,ibizan_hound,55,train
dataset/train/ibizan_hound/00227.jpg,ibizan_hound,55,train
dataset/train/ibizan_hound/01635.jpg,ibizan_hound,55,train
dataset/train/ibizan_hound/00289.jpg,ibizan_hound,55,train
dataset/train/ibizan_hound/01000.jpg,ibizan_hound,55,train
dataset/train/ibizan_hound/02198.jpg,ibizan_hound,55,train
dataset/train/ibizan_hound/02407.jpg,ibizan_hound,55,train
dataset/train/ibizan_hound/03383.jpg,ibizan_hound,55,train
dataset/train/ibizan_hound/01541.jpg,ibizan_hound,55,train
dataset/train/ibizan_hound/02427.jpg,ibizan_hound,55,train
dataset/train/ibizan_hound/02838.jpg,ibizan_hound,55,train
dataset/train/ibizan_hound/02207.jpg,ibizan_hound,55,train
dataset/train/ibizan_hound/03373.jpg,ibizan_hound,55,train
dataset/train/ibizan_hound/03289.jpg,ibizan_hound,55,train
dataset/train/ibizan_hound/02871.jpg,ibizan_hound,55,train
dataset/train/ibizan_hound/00169.jpg,ibizan_hound,55,train
dataset/train/ibizan_hound/03321.jpg,ibizan_hound,55,train
dataset/train/ibizan_hound/03153.jpg,ibizan_hound,55,train
dataset/train/ibizan_hound/03552.jpg,ibizan_hound,55,train
dataset/train/ibizan_hound/02820.jpg,ibizan_hound,55,train
dataset/train/ibizan_hound/02118.jpg,ibizan_hound,55,train
dataset/train/ibizan_hound/01948.jpg,ibizan_hound,55,train
dataset/train/ibizan_hound/02132.jpg,ibizan_hound,55,train
dataset/train/ibizan_hound/01496.jpg,ibizan_hound,55,train
dataset/train/ibizan_hound/00226.jpg,ibizan_hound,55,train
dataset/train/ibizan_hound/01037.jpg,ibizan_hound,55,train
dataset/train/ibizan_hound/00025.jpg,ibizan_hound,55,train
dataset/train/ibizan_hound/01340.jpg,ibizan_hound,55,train
dataset/train/ibizan_hound/02038.jpg,ibizan_hound,55,train
dataset/train/ibizan_hound/03240.jpg,ibizan_hound,55,train
dataset/train/ibizan_hound/01045.jpg,ibizan_hound,55,train
dataset/train/ibizan_hound/02941.jpg,ibizan_hound,55,train
dataset/train/ibizan_hound/01283.jpg,ibizan_hound,55,train
dataset/train/ibizan_hound/03315.jpg,ibizan_hound,55,train
dataset/train/ibizan_hound/02653.jpg,ibizan_hound,55,train
dataset/train/ibizan_hound/03438.jpg,ibizan_hound,55,train
dataset/train/ibizan_hound/00142.jpg,ibizan_hound,55,train
dataset/train/ibizan_hound/01120.jpg,ibizan_hound,55,train
dataset/train/ibizan_hound/01525.jpg,ibizan_hound,55,train
dataset/train/ibizan_hound/02695.jpg,ibizan_hound,55,train
dataset/train/ibizan_hound/03157.jpg,ibizan_hound,55,train
dataset/train/ibizan_hound/01182.jpg,ibizan_hound,55,train
dataset/train/ibizan_hound/00100.jpg,ibizan_hound,55,train
dataset/train/ibizan_hound/02323.jpg,ibizan_hound,55,train
dataset/train/ibizan_hound/02625.jpg,ibizan_hound,55,train
dataset/train/ibizan_hound/03042.jpg,ibizan_hound,55,train
dataset/train/ibizan_hound/01072.jpg,ibizan_hound,55,train
dataset/train/ibizan_hound/00156.jpg,ibizan_hound,55,train
dataset/train/ibizan_hound/02919.jpg,ibizan_hound,55,train
dataset/train/ibizan_hound/03320.jpg,ibizan_hound,55,train
dataset/train/ibizan_hound/00175.jpg,ibizan_hound,55,val
dataset/train/ibizan_hound/02709.jpg,ibizan_hound,55,val
dataset/train/ibizan_hound/01252.jpg,ibizan_hound,55,val
dataset/train/ibizan_hound/01030.jpg,ibizan_hound,55,val
dataset/train/ibizan_hound/01438.jpg,ibizan_hound,55,val
dataset/train/ibizan_hound/01714.jpg,ibizan_hound,55,val
dataset/train/ibizan_hound/02902.jpg,ibizan_hound,55,val
dataset/train/ibizan_hound/03346.jpg,ibizan_hound,55,val
dataset/train/ibizan_hound/00147.jpg,ibizan_hound,55,val
dataset/train/ibizan_hound/02782.jpg,ibizan_hound,55,val
dataset/train/ibizan_hound/00283.jpg,ibizan_hound,55,val
dataset/train/ibizan_hound/02275.jpg,ibizan_hound,55,val
dataset/train/ibizan_hound/02747.jpg,ibizan_hound,55,val
dataset/train/ibizan_hound/02115.jpg,ibizan_hound,55,val
dataset/train/ibizan_hound/01856.jpg,ibizan_hound,55,val
dataset/train/ibizan_hound/00110.jpg,ibizan_hound,55,val
dataset/train/ibizan_hound/03319.jpg,ibizan_hound,55,val
dataset/train/ibizan_hound/00119.jpg,ibizan_hound,55,val
dataset/train/ibizan_hound/02760.jpg,ibizan_hound,55,val
dataset/train/ibizan_hound/02050.jpg,ibizan_hound,55,val
dataset/train/irish_setter/03865.jpg,irish_setter,56,train
dataset/train/irish_setter/03141.jpg,irish_setter,56,train
dataset/train/irish_setter/03463.jpg,irish_setter,56,train
dataset/train/irish_setter/05231.jpg,irish_setter,56,train
dataset/train/irish_setter/00378.jpg,irish_setter,56,train
dataset/train/irish_setter/00257.jpg,irish_setter,56,train
dataset/train/irish_setter/00156.jpg,irish_setter,56,train
dataset/train/irish_setter/00427.jpg,irish_setter,56,train
dataset/train/irish_setter/02199.jpg,irish_setter,56,train
dataset/train/irish_setter/03310.jpg,irish_setter,56,train
dataset/train/irish_setter/02142.jpg,irish_setter,56,train
dataset/train/irish_setter/00407.jpg,irish_setter,56,train
dataset/train/irish_setter/01803.jpg,irish_setter,56,train
dataset/train/irish_setter/02481.jpg,irish_setter,56,train
dataset/train/irish_setter/00172.jpg,irish_setter,56,train
dataset/train/irish_setter/04259.jpg,irish_setter,56,train
dataset/train/irish_setter/02832.jpg,irish_setter,56,train
dataset/train/irish_setter/02732.jpg,irish_setter,56,train
dataset/train/irish_setter/04898.jpg,irish_setter,56,train
dataset/train/irish_setter/02793.jpg,irish_setter,56,train
dataset/train/irish_setter/00102.jpg,irish_setter,56,train
dataset/train/irish_setter/04704.jpg,irish_setter,56,train
dataset/train/irish_setter/04406.jpg,irish_setter,56,train
dataset/train/irish_setter/04724.jpg,irish_setter,56,train
dataset/train/irish_setter/04371.jpg,irish_setter,56,train
dataset/train/irish_setter/00123.jpg,irish_setter,56,train
dataset/train/irish_setter/00185.jpg,irish_setter,56,train
dataset/train/irish_setter/02970.jpg,irish_setter,56,train
dataset/train/irish_setter/02824.jpg,irish_setter,56,train
dataset/train/irish_setter/00306.jpg,irish_setter,56,train
dataset/train/irish_setter/04159.jpg,irish_setter,56,train
dataset/train/irish_setter/04895.jpg,irish_setter,56,train
dataset/train/irish_setter/01749.jpg,irish_setter,56,train
dataset/train/irish_setter/02675.jpg,irish_setter,56,train
dataset/train/irish_setter/05404.jpg,irish_setter,56,train
dataset/train/irish_setter/03017.jpg,irish_setter,56,train
dataset/train/irish_setter/00370.jpg,irish_setter,56,train
dataset/train/irish_setter/02899.jpg,irish_setter,56,train
dataset/train/irish_setter/05489.jpg,irish_setter,56,train
dataset/train/irish_setter/03195.jpg,irish_setter,56,train
dataset/train/irish_setter/02939.jpg,irish_setter,56,train
dataset/train/irish_setter/02952.jpg,irish_setter,56,train
dataset/train/irish_setter/04099.jpg,irish_setter,56,train
dataset/train/irish_setter/04852.jpg,irish_setter,56,train
dataset/train/irish_setter/02599.jpg,irish_setter,56,train
dataset/train/irish_setter/03006.jpg,irish_setter,56,train
dataset/train/irish_setter/00151.jpg,irish_setter,56,train
dataset/train/irish_setter/00014.jpg,irish_setter,56,train
dataset/train/irish_setter/04639.jpg,irish_setter,56,train
dataset/train/irish_setter/00237.jpg,irish_setter,56,train
dataset/train/irish_setter/00309.jpg,irish_setter,56,train
dataset/train/irish_setter/00295.jpg,irish_setter,56,train
dataset/train/irish_setter/00384.jpg,irish_setter,56,train
dataset/train/irish_setter/04764.jpg,irish_setter,56,train
dataset/train/irish_setter/05686.jpg,irish_setter,56,train
dataset/train/irish_setter/04508.jpg,irish_setter,56,train
dataset/train/irish_setter/01453.jpg,irish_setter,56,train
dataset/train/irish_setter/01069.jpg,irish_setter,56,train
dataset/train/irish_setter/01776.jpg,irish_setter,56,train
dataset/train/irish_setter/04506.jpg,irish_setter,56,train
dataset/train/irish_setter/01542.jpg,irish_setter,56,train
dataset/train/irish_setter/01062.jpg,irish_setter,56,train
dataset/train/irish_setter/03056.jpg,irish_setter,56,train
dataset/train/irish_setter/01061.jpg,irish_setter,56,train
dataset/train/irish_setter/01020.jpg,irish_setter,56,train
dataset/train/irish_setter/01787.jpg,irish_setter,56,train
dataset/train/irish_setter/03936.jpg,irish_setter,56,train
dataset/train/irish_setter/01165.jpg,irish_setter,56,train
dataset/train/irish_setter/02551.jpg,irish_setter,56,train
dataset/train/irish_setter/02283.jpg,irish_setter,56,train
dataset/train/irish_setter/02989.jpg,irish_setter,56,train
dataset/train/irish_setter/00511.jpg,irish_setter,56,train
dataset/train/irish_setter/03804.jpg,irish_setter,56,train
dataset/train/irish_setter/00229.jpg,irish_setter,56,train
dataset/train/irish_setter/02443.jpg,irish_setter,56,train
dataset/train/irish_setter/04716.jpg,irish_setter,56,train
dataset/train/irish_setter/02741.jpg,irish_setter,56,train
dataset/train/irish_setter/00239.jpg,irish_setter,56,train
dataset/train/irish_setter/01913.jpg,irish_setter,56,train
dataset/train/irish_setter/01669.jpg,irish_setter,56,train
dataset/train/irish_setter/01201.jpg,irish_setter,56,val
dataset/train/irish_setter/02389.jpg,irish_setter,56,val
dataset/train/irish_setter/00356.jpg,irish_setter,56,val
dataset/train/irish_setter/02686.jpg,irish_setter,56,val
dataset/train/irish_setter/01965.jpg,irish_setter,56,val
dataset/train/irish_setter/04700.jpg,irish_setter,56,val
dataset/train/irish_setter/00018.jpg,irish_setter,56,val
dataset/train/irish_setter/04332.jpg,irish_setter,56,val
dataset/train/irish_setter/03826.jpg,irish_setter,56,val
dataset/train/irish_setter/03417.jpg,irish_setter,56,val
dataset/train/irish_setter/05229.jpg,irish_setter,56,val
dataset/train/irish_setter/04699.jpg,irish_setter,56,val
dataset/train/irish_setter/05184.jpg,irish_setter,56,val
dataset/train/irish_setter/05033.jpg,irish_setter,56,val
dataset/train/irish_setter/00131.jpg,irish_setter,56,val
dataset/train/irish_setter/02298.jpg,irish_setter,56,val
dataset/train/irish_setter/02971.jpg,irish_setter,56,val
dataset/train/irish_setter/05286.jpg,irish_setter,56,val
dataset/train/irish_setter/03306.jpg,irish_setter,56,val
dataset/train/irish_setter/02588.jpg,irish_setter,56,val
dataset/train/irish_terrier/02533.jpg,irish_terrier,57,train
dataset/train/irish_terrier/01026.jpg,irish_terrier,57,train
dataset/train/irish_terrier/00281.jpg,irish_terrier,57,train
dataset/train/irish_terrier/02725.jpg,irish_terrier,57,train
dataset/train/irish_terrier/01581.jpg,irish_terrier,57,train
dataset/train/irish_terrier/00168.jpg,irish_terrier,57,train
dataset/train/irish_terrier/02502.jpg,irish_terrier,57,train
dataset/train/irish_terrier/01038.jpg,irish_terrier,57,train
dataset/train/irish_terrier/00278.jpg,irish_terrier,57,train
dataset/train/irish_terrier/03330.jpg,irish_terrier,57,train
dataset/train/irish_terrier/02056.jpg,irish_terrier,57,train
dataset/train/irish_terrier/00180.jpg,irish_terrier,57,train
dataset/train/irish_terrier/02759.jpg,irish_terrier,57,train
dataset/train/irish_terrier/01534.jpg,irish_terrier,57,train
dataset/train/irish_terrier/02874.jpg,irish_terrier,57,train
dataset/train/irish_terrier/02973.jpg,irish_terrier,57,train
dataset/train/irish_terrier/02126.jpg,irish_terrier,57,train
dataset/train/irish_terrier/03339.jpg,irish_terrier,57,train
dataset/train/irish_terrier/00287.jpg,irish_terrier,57,train
dataset/train/irish_terrier/03516.jpg,irish_terrier,57,train
dataset/train/irish_terrier/02005.jpg,irish_terrier,57,train
dataset/train/irish_terrier/01684.jpg,irish_terrier,57,train
dataset/train/irish_terrier/03095.jpg,irish_terrier,57,train
dataset/train/irish_terrier/03623.jpg,irish_terrier,57,train
dataset/train/irish_terrier/02101.jpg,irish_terrier,57,train
dataset/train/irish_terrier/02442.jpg,irish_terrier,57,train
dataset/train/irish_terrier/03144.jpg,irish_terrier,57,train
dataset/train/irish_terrier/01339.jpg,irish_terrier,57,train
dataset/train/irish_terrier/03302.jpg,irish_terrier,57,train
dataset/train/irish_terrier/03300.jpg,irish_terrier,57,train
dataset/train/irish_terrier/02698.jpg,irish_terrier,57,train
dataset/train/irish_terrier/02498.jpg,irish_terrier,57,train
dataset/train/irish_terrier/03061.jpg,irish_terrier,57,train
dataset/train/irish_terrier/01679.jpg,irish_terrier,57,train
dataset/train/irish_terrier/03424.jpg,irish_terrier,57,train
dataset/train/irish_terrier/03695.jpg,irish_terrier,57,train
dataset/train/irish_terrier/03653.jpg,irish_terrier,57,train
dataset/train/irish_terrier/01282.jpg,irish_terrier,57,train
dataset/train/irish_terrier/02322.jpg,irish_terrier,57,train
dataset/train/irish_terrier/01397.jpg,irish_terrier,57,train
dataset/train/irish_terrier/03002.jpg,irish_terrier,57,train
dataset/train/irish_terrier/03082.jpg,irish_terrier,57,train
dataset/train/irish_terrier/03243.jpg,irish_terrier,57,train
dataset/train/irish_terrier/03314.jpg,irish_terrier,57,train
dataset/train/irish_terrier/03022.jpg,irish_terrier,57,train
dataset/train/irish_terrier/01394.jpg,irish_terrier,57,train
dataset/train/irish_terrier/00202.jpg,irish_terrier,57,train
dataset/train/irish_terrier/01276.jpg,irish_terrier,57,train
dataset/train/irish_terrier/03536.jpg,irish_terrier,57,train
dataset/train/irish_terrier/02451.jpg,irish_terrier,57,train
dataset/train/irish_terrier/00199.jpg,irish_terrier,57,train
dataset/train/irish_terrier/03453.jpg,irish_terrier,57,train
dataset/train/irish_terrier/01565.jpg,irish_terrier,57,train
dataset/train/irish_terrier/01883.jpg,irish_terrier,57,train
dataset/train/irish_terrier/02822.jpg,irish_terrier,57,train
dataset/train/irish_terrier/01978.jpg,irish_terrier,57,train
dataset/train/irish_terrier/02989.jpg,irish_terrier,57,train
dataset/train/irish_terrier/02969.jpg,irish_terrier,57,train
dataset/train/irish_terrier/01179.jpg,irish_terrier,57,train
dataset/train/irish_terrier/02850.jpg,irish_terrier,57,train
dataset/train/irish_terrier/02518.jpg,irish_terrier,57,train
dataset/train/irish_terrier/01310.jpg,irish_terrier,57,train
dataset/train/irish_terrier/00118.jpg,irish_terrier,57,train
dataset/train/irish_terrier/02762.jpg,irish_terrier,57,train
dataset/train/irish_terrier/01243.jpg,irish_terrier,57,train
dataset/train/irish_terrier/01202.jpg,irish_terrier,57,train
dataset/train/irish_terrier/01335.jpg,irish_terrier,57,train
dataset/train/irish_terrier/02437.jpg,irish_terrier,57,train
dataset/train/irish_terrier/02663.jpg,irish_terrier,57,train
dataset/train/irish_terrier/03020.jpg,irish_terrier,57,train
dataset/train/irish_terrier/01529.jpg,irish_terrier,57,train
dataset/train/irish_terrier/01635.jpg,irish_terrier,57,train
dataset/train/irish_terrier/00373.jpg,irish_terrier,57,train
dataset/train/irish_terrier/01407.jpg,irish_terrier,57,train
dataset/train/irish_terrier/03403.jpg,irish_terrier,57,train
dataset/train/irish_terrier/03673.jpg,irish_terrier,57,train
dataset/train/irish_terrier/01142.jpg,irish_terrier,57,train
dataset/train/irish_terrier/03034.jpg,irish_terrier,57,train
dataset/train/irish_terrier/01315.jpg,irish_terrier,57,train
dataset/train/irish_terrier/02716.jpg,irish_terrier,57,train
dataset/train/irish_terrier/00247.jpg,irish_terrier,57,val
dataset/train/irish_terrier/00114.jpg,irish_terrier,57,val
dataset/train/irish_terrier/03604.jpg,irish_terrier,57,val
dataset/train/irish_terrier/02765.jpg,irish_terrier,57,val
dataset/train/irish_terrier/02250.jpg,irish_terrier,57,val
dataset/train/irish_terrier/03174.jpg,irish_terrier,57,val
dataset/train/irish_terrier/02923.jpg,irish_terrier,57,val
dataset/train/irish_terrier/03234.jpg,irish_terrier,57,val
dataset/train/irish_terrier/01895.jpg,irish_terrier,57,val
dataset/train/irish_terrier/03383.jpg,irish_terrier,57,val
dataset/train/irish_terrier/02123.jpg,irish_terrier,57,val
dataset/train/irish_terrier/03735.jpg,irish_terrier,57,val
dataset/train/irish_terrier/00130.jpg,irish_terrier,57,val
dataset/train/irish_terrier/01321.jpg,irish_terrier,57,val
dataset/train/irish_terrier/01105.jpg,irish_terrier,57,val
dataset/train/irish_terrier/02995.jpg,irish_terrier,57,val
dataset/train/irish_terrier/00122.jpg,irish_terrier,57,val
dataset/train/irish_terrier/03464.jpg,irish_terrier,57,val
dataset/train/irish_terrier/01805.jpg,irish_terrier,57,val
dataset/train/irish_terrier/03603.jpg,irish_terrier,57,val
dataset/train/irish_water_spaniel/03282.jpg,irish_water_spaniel,58,train
dataset/train/irish_water_spaniel/03840.jpg,irish_water_spaniel,58,train
dataset/train/irish_water_spaniel/02902.jpg,irish_water_spaniel,58,train
dataset/train/irish_water_spaniel/01622.jpg,irish_water_spaniel,58,train
dataset/train/irish_water_spaniel/00023.jpg,irish_water_spaniel,58,train
dataset/train/irish_water_spaniel/02569.jpg,irish_water_spaniel,58,train
dataset/train/irish_water_spaniel/02836.jpg,irish_water_spaniel,58,train
dataset/train/irish_water_spaniel/03564.jpg,irish_water_spaniel,58,train
dataset/train/irish_water_spaniel/03344.jpg,irish_water_spaniel,58,train
dataset/train/irish_water_spaniel/02449.jpg,irish_water_spaniel,58,train
dataset/train/irish_water_spaniel/00411.jpg,irish_water_spaniel,58,train
dataset/train/irish_water_spaniel/02535.jpg,irish_water_spaniel,58,train
dataset/train/irish_water_spaniel/00273.jpg,irish_water_spaniel,58,train
dataset/train/irish_water_spaniel/01142.jpg,irish_water_spaniel,58,train
dataset/train/irish_water_spaniel/02384.jpg,irish_water_spaniel,58,train
dataset/train/irish_water_spaniel/02958.jpg,irish_water_spaniel,58,train
dataset/train/irish_water_spaniel/02805.jpg,irish_water_spaniel,58,train
dataset/train/irish_water_spaniel/03303.jpg,irish_water_spaniel,58,train
dataset/train/irish_water_spaniel/02451.jpg,irish_water_spaniel,58,train
dataset/train/irish_water_spaniel/03326.jpg,irish_water_spaniel,58,train
dataset/train/irish_water_spaniel/01714.jpg,irish_water_spaniel,58,train
dataset/train/irish_water_spaniel/03073.jpg,irish_water_spaniel,58,train
dataset/train/irish_water_spaniel/02286.jpg,irish_water_spaniel,58,train
dataset/train/irish_water_spaniel/02226.jpg,irish_water_spaniel,58,train
dataset/train/irish_water_spaniel/02648.jpg,irish_water_spaniel,58,train
dataset/train/irish_water_spaniel/02220.jpg,irish_water_spaniel,58,train
dataset/train/irish_water_spaniel/02209.jpg,irish_water_spaniel,58,train
dataset/train/irish_water_spaniel/01066.jpg,irish_water_spaniel,58,train
dataset/train/irish_water_spaniel/02595.jpg,irish_water_spaniel,58,train
dataset/train/irish_water_spaniel/02295.jpg,irish_water_spaniel,58,train
dataset/train/irish_water_spaniel/03646.jpg,irish_water_spaniel,58,train
dataset/train/irish_water_spaniel/01723.jpg,irish_water_spaniel,58,train
dataset/train/irish_water_spaniel/01977.jpg,irish_water_spaniel,58,train
dataset/train/irish_water_spaniel/01270.jpg,irish_water_spaniel,58,train
dataset/train/irish_water_spaniel/01929.jpg,irish_water_spaniel,58,train
dataset/train/irish_water_spaniel/03195.jpg,irish_water_spaniel,58,train
dataset/train/irish_water_spaniel/03999.jpg,irish_water_spaniel,58,train
dataset/train/irish_water_spaniel/03998.jpg,irish_water_spaniel,58,train
dataset/train/irish_water_spaniel/01377.jpg,irish_water_spaniel,58,train
dataset/train/irish_water_spaniel/02727.jpg,irish_water_spaniel,58,train
dataset/train/irish_water_spaniel/02642.jpg,irish_water_spaniel,58,train
dataset/train/irish_water_spaniel/01609.jpg,irish_water_spaniel,58,train
dataset/train/irish_water_spaniel/02280.jpg,irish_water_spaniel,58,train
dataset/train/irish_water_spaniel/00220.jpg,irish_water_spaniel,58,train
dataset/train/irish_water_spaniel/03584.jpg,irish_water_spaniel,58,train
dataset/train/irish_water_spaniel/03933.jpg,irish_water_spaniel,58,train
dataset/train/irish_water_spaniel/03461.jpg,irish_water_spaniel,58,train
dataset/train/irish_water_spaniel/04087.jpg,irish_water_spaniel,58,train
dataset/train/irish_water_spaniel/02645.jpg,irish_water_spaniel,58,train
dataset/train/irish_water_spaniel/02153.jpg,irish_water_spaniel,58,train
dataset/train/irish_water_spaniel/01846.jpg,irish_water_spaniel,58,train
dataset/train/irish_water_spaniel/01725.jpg,irish_water_spaniel,58,train
dataset/train/irish_water_spaniel/02224.jpg,irish_water_spaniel,58,train
dataset/train/irish_water_spaniel/02453.jpg,irish_water_spaniel,58,train
dataset/train/irish_water_spaniel/03405.jpg,irish_water_spaniel,58,train
dataset/train/irish_water_spaniel/01318.jpg,irish_water_spaniel,58,train
dataset/train/irish_water_spaniel/01905.jpg,irish_water_spaniel,58,train
dataset/train/irish_water_spaniel/03750.jpg,irish_water_spaniel,58,train
dataset/train/irish_water_spaniel/03844.jpg,irish_water_spaniel,58,train
dataset/train/irish_water_spaniel/02904.jpg,irish_water_spaniel,58,train
dataset/train/irish_water_spaniel/03792.jpg,irish_water_spaniel,58,train
dataset/train/irish_water_spaniel/00158.jpg,irish_water_spaniel,58,train
dataset/train/irish_water_spaniel/00356.jpg,irish_water_spaniel,58,train
dataset/train/irish_water_spaniel/03149.jpg,irish_water_spaniel,58,train
dataset/train/irish_water_spaniel/02763.jpg,irish_water_spaniel,58,train
dataset/train/irish_water_spaniel/00399.jpg,irish_water_spaniel,58,train
dataset/train/irish_water_spaniel/01116.jpg,irish_water_spaniel,58,train
dataset/train/irish_water_spaniel/01140.jpg,irish_water_spaniel,58,train
dataset/train/irish_water_spaniel/02473.jpg,irish_water_spaniel,58,train
dataset/train/irish_water_spaniel/01409.jpg,irish_water_spaniel,58,train
dataset/train/irish_water_spaniel/01669.jpg,irish_water_spaniel,58,train
dataset/train/irish_water_spaniel/01037.jpg,irish_water_spaniel,58,train
dataset/train/irish_water_spaniel/03814.jpg,irish_water_spaniel,58,train
dataset/train/irish_water_spaniel/01868.jpg,irish_water_spaniel,58,train
dataset/train/irish_water_spaniel/03642.jpg,irish_water_spaniel,58,train
dataset/train/irish_water_spaniel/01822.jpg,irish_water_spaniel,58,train
dataset/train/irish_water_spaniel/03978.jpg,irish_water_spaniel,58,train
dataset/train/irish_water_spaniel/01254.jpg,irish_water_spaniel,58,train
dataset/train/irish_water_spaniel/00027.jpg,irish_water_spaniel,58,train
dataset/train/irish_water_spaniel/01615.jpg,irish_water_spaniel,58,train
dataset/train/irish_water_spaniel/03635.jpg,irish_water_spaniel,58,val
dataset/train/irish_water_spaniel/03287.jpg,irish_water_spaniel,58,val
dataset/train/irish_water_spaniel/04048.jpg,irish_water_spaniel,58,val
dataset/train/irish_water_spaniel/02813.jpg,irish_water_spaniel,58,val
dataset/train/irish_water_spaniel/00026.jpg,irish_water_spaniel,58,val
dataset/train/irish_water_spaniel/04169.jpg,irish_water_spaniel,58,val
dataset/train/irish_water_spaniel/02442.jpg,irish_water_spaniel,58,val
dataset/train/irish_water_spaniel/02745.jpg,irish_water_spaniel,58,val
dataset/train/irish_water_spaniel/02850.jpg,irish_water_spaniel,58,val
dataset/train/irish_water_spaniel/03220.jpg,irish_water_spaniel,58,val
dataset/train/irish_water_spaniel/03623.jpg,irish_water_spaniel,58,val
dataset/train/irish_water_spaniel/02269.jpg,irish_water_spaniel,58,val
dataset/train/irish_water_spaniel/02870.jpg,irish_water_spaniel,58,val
dataset/train/irish_water_spaniel/00377.jpg,irish_water_spaniel,58,val
dataset/train/irish_water_spaniel/03694.jpg,irish_water_spaniel,58,val
dataset/train/irish_water_spaniel/01299.jpg,irish_water_spaniel,58,val
dataset/train/irish_water_spaniel/04253.jpg,irish_water_spaniel,58,val
dataset/train/irish_water_spaniel/02579.jpg,irish_water_spaniel,58,val
dataset/train/irish_water_spaniel/01200.jpg,irish_water_spaniel,58,val
dataset/train/irish_water_spaniel/01643.jpg,irish_water_spaniel,58,val
dataset/train/irish_wolfhound/01931.jpg,irish_wolfhound,59,train
dataset/train/irish_wolfhound/01534.jpg,irish_wolfhound,59,train
dataset/train/irish_wolfhound/00311.jpg,irish_wolfhound,59,train
dataset/train/irish_wolfhound/01349.jpg,irish_wolfhound,59,train
dataset/train/irish_wolfhound/02340.jpg,irish_wolfhound,59,train
dataset/train/irish_wolfhound/03120.jpg,irish_wolfhound,59,train
dataset/train/irish_wolfhound/01845.jpg,irish_wolfhound,59,train
dataset/train/irish_wolfhound/01819.jpg,irish_wolfhound,59,train
dataset/train/irish_wolfhound/02305.jpg,irish_wolfhound,59,train
dataset/train/irish_wolfhound/01979.jpg,irish_wolfhound,59,train
dataset/train/irish_wolfhound/01981.jpg,irish_wolfhound,59,train
dataset/train/irish_wolfhound/01085.jpg,irish_wolfhound,59,train
dataset/train/irish_wolfhound/02267.jpg,irish_wolfhound,59,train
dataset/train/irish_wolfhound/02651.jpg,irish_wolfhound,59,train
dataset/train/irish_wolfhound/00272.jpg,irish_wolfhound,59,train
dataset/train/irish_wolfhound/01475.jpg,irish_wolfhound,59,train
dataset/train/irish_wolfhound/02068.jpg,irish_wolfhound,59,train
dataset/train/irish_wolfhound/00220.jpg,irish_wolfhound,59,train
dataset/train/irish_wolfhound/01918.jpg,irish_wolfhound,59,train
dataset/train/irish_wolfhound/02442.jpg,irish_wolfhound,59,train
dataset/train/irish_wolfhound/01862.jpg,irish_wolfhound,59,train
dataset/train/irish_wolfhound/02131.jpg,irish_wolfhound,59,train
dataset/train/irish_wolfhound/01636.jpg,irish_wolfhound,59,train
dataset/train/irish_wolfhound/02351.jpg,irish_wolfhound,59,train
dataset/train/irish_wolfhound/02934.jpg,irish_wolfhound,59,train
dataset/train/irish_wolfhound/02170.jpg,irish_wolfhound,59,train
dataset/train/irish_wolfhound/01527.jpg,irish_wolfhound,59,train
dataset/train/irish_wolfhound/01303.jpg,irish_wolfhound,59,train
dataset/train/irish_wolfhound/01105.jpg,irish_wolfhound,59,train
dataset/train/irish_wolfhound/03109.jpg,irish_wolfhound,59,train
dataset/train/irish_wolfhound/02725.jpg,irish_wolfhound,59,train
dataset/train/irish_wolfhound/01003.jpg,irish_wolfhound,59,train
dataset/train/irish_wolfhound/00296.jpg,irish_wolfhound,59,train
dataset/train/irish_wolfhound/02319.jpg,irish_wolfhound,59,train
dataset/train/irish_wolfhound/00175.jpg,irish_wolfhound,59,train
dataset/train/irish_wolfhound/01861.jpg,irish_wolfhound,59,train
dataset/train/irish_wolfhound/02967.jpg,irish_wolfhound,59,train
dataset/train/irish_wolfhound/01856.jpg,irish_wolfhound,59,train
dataset/train/irish_wolfhound/02361.jpg,irish_wolfhound,59,train
dataset/train/irish_wolfhound/02347.jpg,irish_wolfhound,59,train
dataset/train/irish_wolfhound/01235.jpg,irish_wolfhound,59,train
dataset/train/irish_wolfhound/02143.jpg,irish_wolfhound,59,train
dataset/train/irish_wolfhound/01041.jpg,irish_wolfhound,59,train
dataset/train/irish_wolfhound/02552.jpg,irish_wolfhound,59,train
dataset/train/irish_wolfhound/00309.jpg,irish_wolfhound,59,train
dataset/train/irish_wolfhound/01268.jpg,irish_wolfhound,59,train
dataset/train/irish_wolfhound/00209.jpg,irish_wolfhound,59,train
dataset/train/irish_wolfhound/01782.jpg,irish_wolfhound,59,train
dataset/train/irish_wolfhound/02550.jpg,irish_wolfhound,59,train
dataset/train/irish_wolfhound/02116.jpg,irish_wolfhound,59,train
dataset/train/irish_wolfhound/02702.jpg,irish_wolfhound,59,train
dataset/train/irish_wolfhound/02021.jpg,irish_wolfhound,59,train
dataset/train/irish_wolfhound/02047.jpg,irish_wolfhound,59,train
dataset/train/irish_wolfhound/01127.jpg,irish_wolfhound,59,train
dataset/train/irish_wolfhound/01728.jpg,irish_wolfhound,59,train
dataset/train/irish_wolfhound/01234.jpg,irish_wolfhound,59,train
dataset/train/irish_wolfhound/01417.jpg,irish_wolfhound,59,train
dataset/train/irish_wolfhound/01002.jpg,irish_wolfhound,59,train
dataset/train/irish_wolfhound/01452.jpg,irish_wolfhound,59,train
dataset/train/irish_wolfhound/01920.jpg,irish_wolfhound,59,train
dataset/train/irish_wolfhound/02540.jpg,irish_wolfhound,59,train
dataset/train/irish_wolfhound/02254.jpg,irish_wolfhound,59,train
dataset/train/irish_wolfhound/01706.jpg,irish_wolfhound,59,train
dataset/train/irish_wolfhound/01690.jpg,irish_wolfhound,59,train
dataset/train/irish_wolfhound/02366.jpg,irish_wolfhound,59,train
dataset/train/irish_wolfhound/02179.jpg,irish_wolfhound,59,train
dataset/train/irish_wolfhound/01644.jpg,irish_wolfhound,59,train
dataset/train/irish_wolfhound/02461.jpg,irish_wolfhound,59,train
dataset/train/irish_wolfhound/01954.jpg,irish_wolfhound,59,train
dataset/train/irish_wolfhound/01026.jpg,irish_wolfhound,59,train
dataset/train/irish_wolfhound/01688.jpg,irish_wolfhound,59,train
dataset/train/irish_wolfhound/01540.jpg,irish_wolfhound,59,train
dataset/train/irish_wolfhound/01865.jpg,irish_wolfhound,59,train
dataset/train/irish_wolfhound/01895.jpg,irish_wolfhound,59,train
dataset/train/irish_wolfhound/02536.jpg,irish_wolfhound,59,train
dataset/train/irish_wolfhound/02945.jpg,irish_wolfhound,59,train
dataset/train/irish_wolfhound/02836.jpg,irish_wolfhound,59,train
dataset/train/irish_wolfhound/01292.jpg,irish_wolfhound,59,train
dataset/train/irish_wolfhound/01650.jpg,irish_wolfhound,59,train
dataset/train/irish_wolfhound/01907.jpg,irish_wolfhound,59,train
dataset/train/irish_wolfhound/01774.jpg,irish_wolfhound,59,val
dataset/train/irish_wolfhound/01653.jpg,irish_wolfhound,59,val
dataset/train/irish_wolfhound/02083.jpg,irish_wolfhound,59,val
dataset/train/irish_wolfhound/01742.jpg,irish_wolfhound,59,val
dataset/train/irish_wolfhound/01696.jpg,irish_wolfhound,59,val
dataset/train/irish_wolfhound/02860.jpg,irish_wolfhound,59,val
dataset/train/irish_wolfhound/01222.jpg,irish_wolfhound,59,val
dataset/train/irish_wolfhound/02235.jpg,irish_wolfhound,59,val
dataset/train/irish_wolfhound/01761.jpg,irish_wolfhound,59,val
dataset/train/irish_wolfhound/02270.jpg,irish_wolfhound,59,val
dataset/train/irish_wolfhound/02964.jpg,irish_wolfhound,59,val
dataset/train/irish_wolfhound/02299.jpg,irish_wolfhound,59,val
dataset/train/irish_wolfhound/01131.jpg,irish_wolfhound,59,val
dataset/train/irish_wolfhound/02731.jpg,irish_wolfhound,59,val
dataset/train/irish_wolfhound/02800.jpg,irish_wolfhound,59,val
dataset/train/irish_wolfhound/02474.jpg,irish_wolfhound,59,val
dataset/train/irish_wolfhound/03034.jpg,irish_wolfhound,59,val
dataset/train/irish_wolfhound/02101.jpg,irish_wolfhound,59,val
dataset/train/irish_wolfhound/00195.jpg,irish_wolfhound,59,val
dataset/train/irish_wolfhound/01835.jpg,irish_wolfhound,59,val
dataset/train/italian_greyhound/00347.jpg,italian_greyhound,60,train
dataset/train/italian_greyhound/04705.jpg,italian_greyhound,60,train
dataset/train/italian_greyhound/00135.jpg,italian_greyhound,60,train
dataset/train/italian_greyhound/11088.jpg,italian_greyhound,60,train
dataset/train/italian_greyhound/04004.jpg,italian_greyhound,60,train
dataset/train/italian_greyhound/10300.jpg,italian_greyhound,60,train
dataset/train/italian_greyhound/01071.jpg,italian_greyhound,60,train
dataset/train/italian_greyhound/03763.jpg,italian_greyhound,60,train
dataset/train/italian_greyhound/01266.jpg,italian_greyhound,60,train
dataset/train/italian_greyhound/11660.jpg,italian_greyhound,60,train
dataset/train/italian_greyhound/03875.jpg,italian_greyhound,60,train
dataset/train/italian_greyhound/01389.jpg,italian_greyhound,60,train
dataset/train/italian_greyhound/03050.jpg,italian_greyhound,60,train
dataset/train/italian_greyhound/01918.jpg,italian_greyhound,60,train
dataset/train/italian_greyhound/12113.jpg,italian_greyhound,60,train
dataset/train/italian_greyhound/04012.jpg,italian_greyhound,60,train
dataset/train/italian_greyhound/02472.jpg,italian_greyhound,60,train
dataset/train/italian_greyhound/01636.jpg,italian_greyhound,60,train
dataset/train/italian_greyhound/01470.jpg,italian_greyhound,60,train
dataset/train/italian_greyhound/01072.jpg,italian_greyhound,60,train
dataset/train/italian_greyhound/02687.jpg,italian_greyhound,60,train
dataset/train/italian_greyhound/01894.jpg,italian_greyhound,60,train
dataset/train/italian_greyhound/03277.jpg,italian_greyhound,60,train
dataset/train/italian_greyhound/00036.jpg,italian_greyhound,60,train
dataset/train/italian_greyhound/01041.jpg,italian_greyhound,60,train
dataset/train/italian_greyhound/03470.jpg,italian_greyhound,60,train
dataset/train/italian_greyhound/01933.jpg,italian_greyhound,60,train
dataset/train/italian_greyhound/01228.jpg,italian_greyhound,60,train
dataset/train/italian_greyhound/01679.jpg,italian_greyhound,60,train
dataset/train/italian_greyhound/10314.jpg,italian_greyhound,60,train
dataset/train/italian_greyhound/00378.jpg,italian_greyhound,60,train
dataset/train/italian_greyhound/11998.jpg,italian_greyhound,60,train
dataset/train/italian_greyhound/01360.jpg,italian_greyhound,60,train
dataset/train/italian_greyhound/01884.jpg,italian_greyhound,60,train
dataset/train/italian_greyhound/01158.jpg,italian_greyhound,60,train
dataset/train/italian_greyhound/01743.jpg,italian_greyhound,60,train
dataset/train/italian_greyhound/11062.jpg,italian_greyhound,60,train
dataset/train/italian_greyhound/10435.jpg,italian_greyhound,60,train
dataset/train/italian_greyhound/11812.jpg,italian_greyhound,60,train
dataset/train/italian_greyhound/04210.jpg,italian_greyhound,60,train
dataset/train/italian_greyhound/11626.jpg,italian_greyhound,60,train
dataset/train/italian_greyhound/04245.jpg,italian_greyhound,60,train
dataset/train/italian_greyhound/00334.jpg,italian_greyhound,60,train
dataset/train/italian_greyhound/00458.jpg,italian_greyhound,60,train
dataset/train/italian_greyhound/04653.jpg,italian_greyhound,60,train
dataset/train/italian_greyhound/01680.jpg,italian_greyhound,60,train
dataset/train/italian_greyhound/03965.jpg,italian_greyhound,60,train
dataset/train/italian_greyhound/00309.jpg,italian_greyhound,60,train
dataset/train/italian_greyhound/01649.jpg,italian_greyhound,60,train
dataset/train/italian_greyhound/04323.jpg,italian_greyhound,60,train
dataset/train/italian_greyhound/03564.jpg,italian_greyhound,60,train
dataset/train/italian_greyhound/01121.jpg,italian_greyhound,60,train
dataset/train/italian_greyhound/11119.jpg,italian_greyhound,60,train
dataset/train/italian_greyhound/00372.jpg,italian_greyhound,60,train
dataset/train/italian_greyhound/01690.jpg,italian_greyhound,60,train
dataset/train/italian_greyhound/01100.jpg,italian_greyhound,60,train
dataset/train/italian_greyhound/04659.jpg,italian_greyhound,60,train
dataset/train/italian_greyhound/03213.jpg,italian_greyhound,60,train
dataset/train/italian_greyhound/10507.jpg,italian_greyhound,60,train
dataset/train/italian_greyhound/00212.jpg,italian_greyhound,60,train
dataset/train/italian_greyhound/10984.jpg,italian_greyhound,60,train
dataset/train/italian_greyhound/01400.jpg,italian_greyhound,60,train
dataset/train/italian_greyhound/01783.jpg,italian_greyhound,60,train
dataset/train/italian_greyhound/01034.jpg,italian_greyhound,60,train
dataset/train/italian_greyhound/04458.jpg,italian_greyhound,60,train
dataset/train/italian_greyhound/01481.jpg,italian_greyhound,60,train
dataset/train/italian_greyhound/01140.jpg,italian_greyhound,60,train
dataset/train/italian_greyhound/00020.jpg,italian_greyhound,60,train
dataset/train/italian_greyhound/01635.jpg,italian_greyhound,60,train
dataset/train/italian_greyhound/02178.jpg,italian_greyhound,60,train
dataset/train/italian_greyhound/12144.jpg,italian_greyhound,60,train
dataset/train/italian_greyhound/01396.jpg,italian_greyhound,60,train
dataset/train/italian_greyhound/01030.jpg,italian_greyhound,60,train
dataset/train/italian_greyhound/01358.jpg,italian_greyhound,60,train
dataset/train/italian_greyhound/10644.jpg,italian_greyhound,60,train
dataset/train/italian_greyhound/00256.jpg,italian_greyhound,60,train
dataset/train/italian_greyhound/01684.jpg,italian_greyhound,60,train
dataset/train/italian_greyhound/01248.jpg,italian_greyhound,60,train
dataset/train/italian_greyhound/01547.jpg,italian_greyhound,60,train
dataset/train/italian_greyhound/10352.jpg,italian_greyhound,60,train
dataset/train/italian_greyhound/01564.jpg,italian_greyhound,60,val
dataset/train/italian_greyhound/01773.jpg,italian_greyhound,60,val
dataset/train/italian_greyhound/01457.jpg,italian_greyhound,60,val
dataset/train/italian_greyhound/03886.jpg,italian_greyhound,60,val
dataset/train/italian_greyhound/01441.jpg,italian_greyhound,60,val
dataset/train/italian_greyhound/01170.jpg,italian_greyhound,60,val
dataset/train/italian_greyhound/04087.jpg,italian_greyhound,60,val
dataset/train/italian_greyhound/00102.jpg,italian_greyhound,60,val
dataset/train/italian_greyhound/12013.jpg,italian_greyhound,60,val
dataset/train/italian_greyhound/10449.jpg,italian_greyhound,60,val
dataset/train/italian_greyhound/10079.jpg,italian_greyhound,60,val
dataset/train/italian_greyhound/11843.jpg,italian_greyhound,60,val
dataset/train/italian_greyhound/01529.jpg,italian_greyhound,60,val
dataset/train/italian_greyhound/00358.jpg,italian_greyhound,60,val
dataset/train/italian_greyhound/01518.jpg,italian_greyhound,60,val
dataset/train/italian_greyhound/00018.jpg,italian_greyhound,60,val
dataset/train/italian_greyhound/10688.jpg,italian_greyhound,60,val
dataset/train/italian_greyhound/01574.jpg,italian_greyhound,60,val
dataset/train/italian_greyhound/02180.jpg,italian_greyhound,60,val
dataset/train/italian_greyhound/11549.jpg,italian_greyhound,60,val
dataset/train/japanese_spaniel/01665.jpg,japanese_spaniel,61,train
dataset/train/japanese_spaniel/01521.jpg,japanese_spaniel,61,train
dataset/train/japanese_spaniel/01156.jpg,japanese_spaniel,61,train
dataset/train/japanese_spaniel/01224.jpg,japanese_spaniel,61,train
dataset/train/japanese_spaniel/03031.jpg,japanese_spaniel,61,train
dataset/train/japanese_spaniel/02010.jpg,japanese_spaniel,61,train
dataset/train/japanese_spaniel/02241.jpg,japanese_spaniel,61,train
dataset/train/japanese_spaniel/01750.jpg,japanese_spaniel,61,train
dataset/train/japanese_spaniel/01503.jpg,japanese_spaniel,61,train
dataset/train/japanese_spaniel/01964.jpg,japanese_spaniel,61,train
dataset/train/japanese_spaniel/01848.jpg,japanese_spaniel,61,train
dataset/train/japanese_spaniel/00309.jpg,japanese_spaniel,61,train
dataset/train/japanese_spaniel/01077.jpg,japanese_spaniel,61,train
dataset/train/japanese_spaniel/02978.jpg,japanese_spaniel,61,train
dataset/train/japanese_spaniel/02074.jpg,japanese_spaniel,61,train
dataset/train/japanese_spaniel/02584.jpg,japanese_spaniel,61,train
dataset/train/japanese_spaniel/03052.jpg,japanese_spaniel,61,train
dataset/train/japanese_spaniel/01600.jpg,japanese_spaniel,61,train
dataset/train/japanese_spaniel/02939.jpg,japanese_spaniel,61,train
dataset/train/japanese_spaniel/02128.jpg,japanese_spaniel,61,train
dataset/train/japanese_spaniel/03098.jpg,japanese_spaniel,61,train
dataset/train/japanese_spaniel/02045.jpg,japanese_spaniel,61,train
dataset/train/japanese_spaniel/02655.jpg,japanese_spaniel,61,train
dataset/train/japanese_spaniel/02162.jpg,japanese_spaniel,61,train
dataset/train/japanese_spaniel/03065.jpg,japanese_spaniel,61,train
dataset/train/japanese_spaniel/02549.jpg,japanese_spaniel,61,train
dataset/train/japanese_spaniel/00023.jpg,japanese_spaniel,61,train
dataset/train/japanese_spaniel/01552.jpg,japanese_spaniel,61,train
dataset/train/japanese_spaniel/01143.jpg,japanese_spaniel,61,train
dataset/train/japanese_spaniel/01691.jpg,japanese_spaniel,61,train
dataset/train/japanese_spaniel/02118.jpg,japanese_spaniel,61,train
dataset/train/japanese_spaniel/01778.jpg,japanese_spaniel,61,train
dataset/train/japanese_spaniel/01890.jpg,japanese_spaniel,61,train
dataset/train/japanese_spaniel/02100.jpg,japanese_spaniel,61,train
dataset/train/japanese_spaniel/03021.jpg,japanese_spaniel,61,train
dataset/train/japanese_spaniel/02250.jpg,japanese_spaniel,61,train
dataset/train/japanese_spaniel/01836.jpg,japanese_spaniel,61,train
dataset/train/japanese_spaniel/01610.jpg,japanese_spaniel,61,train
dataset/train/japanese_spaniel/01348.jpg,japanese_spaniel,61,train
dataset/train/japanese_spaniel/00028.jpg,japanese_spaniel,61,train
dataset/train/japanese_spaniel/01724.jpg,japanese_spaniel,61,train
dataset/train/japanese_spaniel/01929.jpg,japanese_spaniel,61,train
dataset/train/japanese_spaniel/01460.jpg,japanese_spaniel,61,train
dataset/train/japanese_spaniel/00267.jpg,japanese_spaniel,61,train
dataset/train/japanese_spaniel/02491.jpg,japanese_spaniel,61,train
dataset/train/japanese_spaniel/01401.jpg,japanese_spaniel,61,train
dataset/train/japanese_spaniel/00017.jpg,japanese_spaniel,61,train
dataset/train/japanese_spaniel/00230.jpg,japanese_spaniel,61,train
dataset/train/japanese_spaniel/01434.jpg,japanese_spaniel,61,train
dataset/train/japanese_spaniel/01782.jpg,japanese_spaniel,61,train
dataset/train/japanese_spaniel/00172.jpg,japanese_spaniel,61,train
dataset/train/japanese_spaniel/01528.jpg,japanese_spaniel,61,train
dataset/train/japanese_spaniel/02269.jpg,japanese_spaniel,61,train
dataset/train/japanese_spaniel/02640.jpg,japanese_spaniel,61,train
dataset/train/japanese_spaniel/01855.jpg,japanese_spaniel,61,train
dataset/train/japanese_spaniel/02428.jpg,japanese_spaniel,61,train
dataset/train/japanese_spaniel/03019.jpg,japanese_spaniel,61,train
dataset/train/japanese_spaniel/02922.jpg,japanese_spaniel,61,train
dataset/train/japanese_spaniel/01350.jpg,japanese_spaniel,61,train
dataset/train/japanese_spaniel/02182.jpg,japanese_spaniel,61,train
dataset/train/japanese_spaniel/01058.jpg,japanese_spaniel,61,train
dataset/train/japanese_spaniel/01353.jpg,japanese_spaniel,61,train
dataset/train/japanese_spaniel/00126.jpg,japanese_spaniel,61,train
dataset/train/japanese_spaniel/01284.jpg,japanese_spaniel,61,train
dataset/train/japanese_spaniel/01085.jpg,japanese_spaniel,61,train
dataset/train/japanese_spaniel/00143.jpg,japanese_spaniel,61,train
dataset/train/japanese_spaniel/00191.jpg,japanese_spaniel,61,train
dataset/train/japanese_spaniel/02762.jpg,japanese_spaniel,61,train
dataset/train/japanese_spaniel/02255.jpg,japanese_spaniel,61,train
dataset/train/japanese_spaniel/01039.jpg,japanese_spaniel,61,train
dataset/train/japanese_spaniel/01059.jpg,japanese_spaniel,61,train
dataset/train/japanese_spaniel/03030.jpg,japanese_spaniel,61,train
dataset/train/japanese_spaniel/02695.jpg,japanese_spaniel,61,train
dataset/train/japanese_spaniel/01949.jpg,japanese_spaniel,61,train
dataset/train/japanese_spaniel/01731.jpg,japanese_spaniel,61,train
dataset/train/japanese_spaniel/01626.jpg,japanese_spaniel,61,train
dataset/train/japanese_spaniel/02635.jpg,japanese_spaniel,61,train
dataset/train/japanese_spaniel/01191.jpg,japanese_spaniel,61,train
dataset/train/japanese_spaniel/02323.jpg,japanese_spaniel,61,train
dataset/train/japanese_spaniel/03071.jpg,japanese_spaniel,61,train
dataset/train/japanese_spaniel/00002.jpg,japanese_spaniel,61,val
dataset/train/japanese_spaniel/02715.jpg,japanese_spaniel,61,val
dataset/train/japanese_spaniel/02914.jpg,japanese_spaniel,61,val
dataset/train/japanese_spaniel/02345.jpg,japanese_spaniel,61,val
dataset/train/japanese_spaniel/02459.jpg,japanese_spaniel,61,val
dataset/train/japanese_spaniel/01764.jpg,japanese_spaniel,61,val
dataset/train/japanese_spaniel/01267.jpg,japanese_spaniel,61,val
dataset/train/japanese_spaniel/01774.jpg,japanese_spaniel,61,val
dataset/train/japanese_spaniel/00186.jpg,japanese_spaniel,61,val
dataset/train/japanese_spaniel/02354.jpg,japanese_spaniel,61,val
dataset/train/japanese_spaniel/02014.jpg,japanese_spaniel,61,val
dataset/train/japanese_spaniel/02293.jpg,japanese_spaniel,61,val
dataset/train/japanese_spaniel/02207.jpg,japanese_spaniel,61,val
dataset/train/japanese_spaniel/02886.jpg,japanese_spaniel,61,val
dataset/train/japanese_spaniel/02874.jpg,japanese_spaniel,61,val
dataset/train/japanese_spaniel/01656.jpg,japanese_spaniel,61,val
dataset/train/japanese_spaniel/02279.jpg,japanese_spaniel,61,val
dataset/train/japanese_spaniel/02796.jpg,japanese_spaniel,61,val
dataset/train/japanese_spaniel/02690.jpg,japanese_spaniel,61,val
dataset/train/japanese_spaniel/01425.jpg,japanese_spaniel,61,val
dataset/train/keeshond/10322.jpg,keeshond,62,train
dataset/train/keeshond/06916.jpg,keeshond,62,train
dataset/train/keeshond/07317.jpg,keeshond,62,train
dataset/train/keeshond/07253.jpg,keeshond,62,train
dataset/train/keeshond/01199.jpg,keeshond,62,train
dataset/train/keeshond/07699.jpg,keeshond,62,train
dataset/train/keeshond/06659.jpg,keeshond,62,train
dataset/train/keeshond/06959.jpg,keeshond,62,train
dataset/train/keeshond/10343.jpg,keeshond,62,train
dataset/train/keeshond/04368.jpg,keeshond,62,train
dataset/train/keeshond/07826.jpg,keeshond,62,train
dataset/train/keeshond/04005.jpg,keeshond,62,train
dataset/train/keeshond/03955.jpg,keeshond,62,train
dataset/train/keeshond/00225.jpg,keeshond,62,train
dataset/train/keeshond/07126.jpg,keeshond,62,train
dataset/train/keeshond/04122.jpg,keeshond,62,train
dataset/train/keeshond/10338.jpg,keeshond,62,train
dataset/train/keeshond/10254.jpg,keeshond,62,train
dataset/train/keeshond/07141.jpg,keeshond,62,train
dataset/train/keeshond/08045.jpg,keeshond,62,train
dataset/train/keeshond/01050.jpg,keeshond,62,train
dataset/train/keeshond/07087.jpg,keeshond,62,train
dataset/train/keeshond/06007.jpg,keeshond,62,train
dataset/train/keeshond/01861.jpg,keeshond,62,train
dataset/train/keeshond/10283.jpg,keeshond,62,train
dataset/train/keeshond/03888.jpg,keeshond,62,train
dataset/train/keeshond/07952.jpg,keeshond,62,train
dataset/train/keeshond/10085.jpg,keeshond,62,train
dataset/train/keeshond/02188.jpg,keeshond,62,train
dataset/train/keeshond/07157.jpg,keeshond,62,train
dataset/train/keeshond/04282.jpg,keeshond,62,train
dataset/train/keeshond/08077.jpg,keeshond,62,train
dataset/train/keeshond/00464.jpg,keeshond,62,train
dataset/train/keeshond/07312.jpg,keeshond,62,train
dataset/train/keeshond/07115.jpg,keeshond,62,train
dataset/train/keeshond/07257.jpg,keeshond,62,train
dataset/train/keeshond/02211.jpg,keeshond,62,train
dataset/train/keeshond/02279.jpg,keeshond,62,train
dataset/train/keeshond/06861.jpg,keeshond,62,train
dataset/train/keeshond/07169.jpg,keeshond,62,train
dataset/train/keeshond/04117.jpg,keeshond,62,train
dataset/train/keeshond/02640.jpg,keeshond,62,train
dataset/train/keeshond/01312.jpg,keeshond,62,train
dataset/train/keeshond/07566.jpg,keeshond,62,train
dataset/train/keeshond/06964.jpg,keeshond,62,train
dataset/train/keeshond/07219.jpg,keeshond,62,train
dataset/train/keeshond/08124.jpg,keeshond,62,train
dataset/train/keeshond/01982.jpg,keeshond,62,train
dataset/train/keeshond/03824.jpg,keeshond,62,train
dataset/train/keeshond/07335.jpg,keeshond,62,train
dataset/train/keeshond/10128.jpg,keeshond,62,train
dataset/train/keeshond/06701.jpg,keeshond,62,train
dataset/train/keeshond/07955.jpg,keeshond,62,train
dataset/train/keeshond/06927.jpg,keeshond,62,train
dataset/train/keeshond/10184.jpg,keeshond,62,train
dataset/train/keeshond/04801.jpg,keeshond,62,train
dataset/train/keeshond/07862.jpg,keeshond,62,train
dataset/train/keeshond/08177.jpg,keeshond,62,train
dataset/train/keeshond/06906.jpg,keeshond,62,train
dataset/train/keeshond/02709.jpg,keeshond,62,train
dataset/train/keeshond/07368.jpg,keeshond,62,train
dataset/train/keeshond/00223.jpg,keeshond,62,train
dataset/train/keeshond/07837.jpg,keeshond,62,train
dataset/train/keeshond/06855.jpg,keeshond,62,train
dataset/train/keeshond/00251.jpg,keeshond,62,train
dataset/train/keeshond/00177.jpg,keeshond,62,train
dataset/train/keeshond/07112.jpg,keeshond,62,train
dataset/train/keeshond/10079.jpg,keeshond,62,train
dataset/train/keeshond/07185.jpg,keeshond,62,train
dataset/train/keeshond/06980.jpg,keeshond,62,train
dataset/train/keeshond/06601.jpg,keeshond,62,train
dataset/train/keeshond/07618.jpg,keeshond,62,train
dataset/train/keeshond/07038.jpg,keeshond,62,train
dataset/train/keeshond/04590.jpg,keeshond,62,train
dataset/train/keeshond/07573.jpg,keeshond,62,train
dataset/train/keeshond/07708.jpg,keeshond,62,train
dataset/train/keeshond/05904.jpg,keeshond,62,train
dataset/train/keeshond/07856.jpg,keeshond,62,train
dataset/train/keeshond/06928.jpg,keeshond,62,train
dataset/train/keeshond/10177.jpg,keeshond,62,train
dataset/train/keeshond/10023.jpg,keeshond,62,val
dataset/train/keeshond/07733.jpg,keeshond,62,val
dataset/train/keeshond/08184.jpg,keeshond,62,val
dataset/train/keeshond/07037.jpg,keeshond,62,val
dataset/train/keeshond/10100.jpg,keeshond,62,val
dataset/train/keeshond/01572.jpg,keeshond,62,val
dataset/train/keeshond/06947.jpg,keeshond,62,val
dataset/train/keeshond/06952.jpg,keeshond,62,val
dataset/train/keeshond/04806.jpg,keeshond,62,val
dataset/train/keeshond/07789.jpg,keeshond,62,val
dataset/train/keeshond/07246.jpg,keeshond,62,val
dataset/train/keeshond/10239.jpg,keeshond,62,val
dataset/train/keeshond/07893.jpg,keeshond,62,val
dataset/train/keeshond/07271.jpg,keeshond,62,val
dataset/train/keeshond/06693.jpg,keeshond,62,val
dataset/train/keeshond/03314.jpg,keeshond,62,val
dataset/train/keeshond/07168.jpg,keeshond,62,val
dataset/train/keeshond/01456.jpg,keeshond,62,val
dataset/train/keeshond/00212.jpg,keeshond,62,val
dataset/train/keeshond/07445.jpg,keeshond,62,val
dataset/train/kelpie/03979.jpg,kelpie,63,train
dataset/train/kelpie/04778.jpg,kelpie,63,train
dataset/train/kelpie/01834.jpg,kelpie,63,train
dataset/train/kelpie/03335.jpg,kelpie,63,train
dataset/train/kelpie/03628.jpg,kelpie,63,train
dataset/train/kelpie/02620.jpg,kelpie,63,train
dataset/train/kelpie/04629.jpg,kelpie,63,train
dataset/train/kelpie/01973.jpg,kelpie,63,train
dataset/train/kelpie/03693.jpg,kelpie,63,train
dataset/train/kelpie/02451.jpg,kelpie,63,train
dataset/train/kelpie/04556.jpg,kelpie,63,train
dataset/train/kelpie/00043.jpg,kelpie,63,train
dataset/train/kelpie/05156.jpg,kelpie,63,train
dataset/train/kelpie/02631.jpg,kelpie,63,train
dataset/train/kelpie/01078.jpg,kelpie,63,train
dataset/train/kelpie/00146.jpg,kelpie,63,train
dataset/train/kelpie/00327.jpg,kelpie,63,train
dataset/train/kelpie/00216.jpg,kelpie,63,train
dataset/train/kelpie/02333.jpg,kelpie,63,train
dataset/train/kelpie/02803.jpg,kelpie,63,train
dataset/train/kelpie/02700.jpg,kelpie,63,train
dataset/train/kelpie/03075.jpg,kelpie,63,train
dataset/train/kelpie/00133.jpg,kelpie,63,train
dataset/train/kelpie/02386.jpg,kelpie,63,train
dataset/train/kelpie/03329.jpg,kelpie,63,train
dataset/train/kelpie/02391.jpg,kelpie,63,train
dataset/train/kelpie/05288.jpg,kelpie,63,train
dataset/train/kelpie/02183.jpg,kelpie,63,train
dataset/train/kelpie/03116.jpg,kelpie,63,train
dataset/train/kelpie/04569.jpg,kelpie,63,train
dataset/train/kelpie/01211.jpg,kelpie,63,train
dataset/train/kelpie/02454.jpg,kelpie,63,train
dataset/train/kelpie/00123.jpg,kelpie,63,train
dataset/train/kelpie/03084.jpg,kelpie,63,train
dataset/train/kelpie/02164.jpg,kelpie,63,train
dataset/train/kelpie/02800.jpg,kelpie,63,train
dataset/train/kelpie/01217.jpg,kelpie,63,train
dataset/train/kelpie/00511.jpg,kelpie,63,train
dataset/train/kelpie/01366.jpg,kelpie,63,train
dataset/train/kelpie/01371.jpg,kelpie,63,train
dataset/train/kelpie/01555.jpg,kelpie,63,train
dataset/train/kelpie/01530.jpg,kelpie,63,train
dataset/train/kelpie/02301.jpg,kelpie,63,train
dataset/train/kelpie/01031.jpg,kelpie,63,train
dataset/train/kelpie/00468.jpg,kelpie,63,train
dataset/train/kelpie/02249.jpg,kelpie,63,train
dataset/train/kelpie/04061.jpg,kelpie,63,train
dataset/train/kelpie/01968.jpg,kelpie,63,train
dataset/train/kelpie/00417.jpg,kelpie,63,train
dataset/train/kelpie/04674.jpg,kelpie,63,train
dataset/train/kelpie/01920.jpg,kelpie,63,train
dataset/train/kelpie/03218.jpg,kelpie,63,train
dataset/train/kelpie/03812.jpg,kelpie,63,train
dataset/train/kelpie/03786.jpg,kelpie,63,train
dataset/train/kelpie/04873.jpg,kelpie,63,train
dataset/train/kelpie/05175.jpg,kelpie,63,train
dataset/train/kelpie/03065.jpg,kelpie,63,train
dataset/train/kelpie/01464.jpg,kelpie,63,train
dataset/train/kelpie/03528.jpg,kelpie,63,train
dataset/train/kelpie/03031.jpg,kelpie,63,train
dataset/train/kelpie/01159.jpg,kelpie,63,train
dataset/train/kelpie/05138.jpg,kelpie,63,train
dataset/train/kelpie/05282.jpg,kelpie,63,train
dataset/train/kelpie/03078.jpg,kelpie,63,train
dataset/train/kelpie/04669.jpg,kelpie,63,train
dataset/train/kelpie/04948.jpg,kelpie,63,train
dataset/train/kelpie/01952.jpg,kelpie,63,train
dataset/train/kelpie/02589.jpg,kelpie,63,train
dataset/train/kelpie/03416.jpg,kelpie,63,train
dataset/train/kelpie/00251.jpg,kelpie,63,train
dataset/train/kelpie/03645.jpg,kelpie,63,train
dataset/train/kelpie/02915.jpg,kelpie,63,train
dataset/train/kelpie/00452.jpg,kelpie,63,train
dataset/train/kelpie/02320.jpg,kelpie,63,train
dataset/train/kelpie/01106.jpg,kelpie,63,train
dataset/train/kelpie/01201.jpg,kelpie,63,train
dataset/train/kelpie/02496.jpg,kelpie,63,train
dataset/train/kelpie/02085.jpg,kelpie,63,train
dataset/train/kelpie/02638.jpg,kelpie,63,train
dataset/train/kelpie/01757.jpg,kelpie,63,train
dataset/train/kelpie/04932.jpg,kelpie,63,val
dataset/train/kelpie/05263.jpg,kelpie,63,val
dataset/train/kelpie/00150.jpg,kelpie,63,val
dataset/train/kelpie/05135.jpg,kelpie,63,val
dataset/train/kelpie/00530.jpg,kelpie,63,val
dataset/train/kelpie/02599.jpg,kelpie,63,val
dataset/train/kelpie/01795.jpg,kelpie,63,val
dataset/train/kelpie/02212.jpg,kelpie,63,val
dataset/train/kelpie/01925.jpg,kelpie,63,val
dataset/train/kelpie/02355.jpg,kelpie,63,val
dataset/train/kelpie/03779.jpg,kelpie,63,val
dataset/train/kelpie/04140.jpg,kelpie,63,val
dataset/train/kelpie/03905.jpg,kelpie,63,val
dataset/train/kelpie/02067.jpg,kelpie,63,val
dataset/train/kelpie/01398.jpg,kelpie,63,val
dataset/train/kelpie/00369.jpg,kelpie,63,val
dataset/train/kelpie/04038.jpg,kelpie,63,val
dataset/train/kelpie/02650.jpg,kelpie,63,val
dataset/train/kelpie/03766.jpg,kelpie,63,val
dataset/train/kelpie/01222.jpg,kelpie,63,val
dataset/train/kerry_blue_terrier/01194.jpg,kerry_blue_terrier,64,train
dataset/train/kerry_blue_terrier/02579.jpg,kerry_blue_terrier,64,train
dataset/train/kerry_blue_terrier/01213.jpg,kerry_blue_terrier,64,train
dataset/train/kerry_blue_terrier/02880.jpg,kerry_blue_terrier,64,train
dataset/train/kerry_blue_terrier/00184.jpg,kerry_blue_terrier,64,train
dataset/train/kerry_blue_terrier/01771.jpg,kerry_blue_terrier,64,train
dataset/train/kerry_blue_terrier/01773.jpg,kerry_blue_terrier,64,train
dataset/train/kerry_blue_terrier/02098.jpg,kerry_blue_terrier,64,train
dataset/train/kerry_blue_terrier/01986.jpg,kerry_blue_terrier,64,train
dataset/train/kerry_blue_terrier/02562.jpg,kerry_blue_terrier,64,train
dataset/train/kerry_blue_terrier/01936.jpg,kerry_blue_terrier,64,train
dataset/train/kerry_blue_terrier/01453.jpg,kerry_blue_terrier,64,train
dataset/train/kerry_blue_terrier/02526.jpg,kerry_blue_terrier,64,train
dataset/train/kerry_blue_terrier/01969.jpg,kerry_blue_terrier,64,train
dataset/train/kerry_blue_terrier/01397.jpg,kerry_blue_terrier,64,train
dataset/train/kerry_blue_terrier/02286.jpg,kerry_blue_terrier,64,train
dataset/train/kerry_blue_terrier/01587.jpg,kerry_blue_terrier,64,train
dataset/train/kerry_blue_terrier/02293.jpg,kerry_blue_terrier,64,train
dataset/train/kerry_blue_terrier/02271.jpg,kerry_blue_terrier,64,train
dataset/train/kerry_blue_terrier/02834.jpg,kerry_blue_terrier,64,train
dataset/train/kerry_blue_terrier/02309.jpg,kerry_blue_terrier,64,train
dataset/train/kerry_blue_terrier/01218.jpg,kerry_blue_terrier,64,train
dataset/train/kerry_blue_terrier/01003.jpg,kerry_blue_terrier,64,train
dataset/train/kerry_blue_terrier/01139.jpg,kerry_blue_terrier,64,train
dataset/train/kerry_blue_terrier/01917.jpg,kerry_blue_terrier,64,train
dataset/train/kerry_blue_terrier/01628.jpg,kerry_blue_terrier,64,train
dataset/train/kerry_blue_terrier/02075.jpg,kerry_blue_terrier,64,train
dataset/train/kerry_blue_terrier/01279.jpg,kerry_blue_terrier,64,train
dataset/train/kerry_blue_terrier/01166.jpg,kerry_blue_terrier,64,train
dataset/train/kerry_blue_terrier/02030.jpg,kerry_blue_terrier,64,train
dataset/train/kerry_blue_terrier/00161.jpg,kerry_blue_terrier,64,train
dataset/train/kerry_blue_terrier/01169.jpg,kerry_blue_terrier,64,train
dataset/train/kerry_blue_terrier/01571.jpg,kerry_blue_terrier,64,train
dataset/train/kerry_blue_terrier/01154.jpg,kerry_blue_terrier,64,train
dataset/train/kerry_blue_terrier/01209.jpg,kerry_blue_terrier,64,train
dataset/train/kerry_blue_terrier/02480.jpg,kerry_blue_terrier,64,train
dataset/train/kerry_blue_terrier/02057.jpg,kerry_blue_terrier,64,train
dataset/train/kerry_blue_terrier/02859.jpg,kerry_blue_terrier,64,train
dataset/train/kerry_blue_terrier/01737.jpg,kerry_blue_terrier,64,train
dataset/train/kerry_blue_terrier/01239.jpg,kerry_blue_terrier,64,train
dataset/train/kerry_blue_terrier/02835.jpg,kerry_blue_terrier,64,train
dataset/train/kerry_blue_terrier/01062.jpg,kerry_blue_terrier,64,train
dataset/train/kerry_blue_terrier/01806.jpg,kerry_blue_terrier,64,train
dataset/train/kerry_blue_terrier/01852.jpg,kerry_blue_terrier,64,train
dataset/train/kerry_blue_terrier/02471.jpg,kerry_blue_terrier,64,train
dataset/train/kerry_blue_terrier/01733.jpg,kerry_blue_terrier,64,train
dataset/train/kerry_blue_terrier/01655.jpg,kerry_blue_terrier,64,train
dataset/train/kerry_blue_terrier/02227.jpg,kerry_blue_terrier,64,train
dataset/train/kerry_blue_terrier/01519.jpg,kerry_blue_terrier,64,train
dataset/train/kerry_blue_terrier/00189.jpg,kerry_blue_terrier,64,train
dataset/train/kerry_blue_terrier/02625.jpg,kerry_blue_terrier,64,train
dataset/train/kerry_blue_terrier/02068.jpg,kerry_blue_terrier,64,train
dataset/train/kerry_blue_terrier/02202.jpg,kerry_blue_terrier,64,train
dataset/train/kerry_blue_terrier/01355.jpg,kerry_blue_terrier,64,train
dataset/train/kerry_blue_terrier/01251.jpg,kerry_blue_terrier,64,train
dataset/train/kerry_blue_terrier/01120.jpg,kerry_blue_terrier,64,train
dataset/train/kerry_blue_terrier/02233.jpg,kerry_blue_terrier,64,train
dataset/train/kerry_blue_terrier/02421.jpg,kerry_blue_terrier,64,train
dataset/train/kerry_blue_terrier/02114.jpg,kerry_blue_terrier,64,train
dataset/train/kerry_blue_terrier/01662.jpg,kerry_blue_terrier,64,train
dataset/train/kerry_blue_terrier/01127.jpg,kerry_blue_terrier,64,train
dataset/train/kerry_blue_terrier/02223.jpg,kerry_blue_terrier,64,train
dataset/train/kerry_blue_terrier/01813.jpg,kerry_blue_terrier,64,train
dataset/train/kerry_blue_terrier/01464.jpg,kerry_blue_terrier,64,train
dataset/train/kerry_blue_terrier/02828.jpg,kerry_blue_terrier,64,train
dataset/train/kerry_blue_terrier/02857.jpg,kerry_blue_terrier,64,train
dataset/train/kerry_blue_terrier/01640.jpg,kerry_blue_terrier,64,train
dataset/train/kerry_blue_terrier/00132.jpg,kerry_blue_terrier,64,train
dataset/train/kerry_blue_terrier/01136.jpg,kerry_blue_terrier,64,train
dataset/train/kerry_blue_terrier/01777.jpg,kerry_blue_terrier,64,train
dataset/train/kerry_blue_terrier/02745.jpg,kerry_blue_terrier,64,train
dataset/train/kerry_blue_terrier/02787.jpg,kerry_blue_terrier,64,train
dataset/train/kerry_blue_terrier/01598.jpg,kerry_blue_terrier,64,train
dataset/train/kerry_blue_terrier/02561.jpg,kerry_blue_terrier,64,train
dataset/train/kerry_blue_terrier/01819.jpg,kerry_blue_terrier,64,train
dataset/train/kerry_blue_terrier/00276.jpg,kerry_blue_terrier,64,train
dataset/train/kerry_blue_terrier/00014.jpg,kerry_blue_terrier,64,train
dataset/train/kerry_blue_terrier/02559.jpg,kerry_blue_terrier,64,train
dataset/train/kerry_blue_terrier/02073.jpg,kerry_blue_terrier,64,train
dataset/train/kerry_blue_terrier/00248.jpg,kerry_blue_terrier,64,train
dataset/train/kerry_blue_terrier/02418.jpg,kerry_blue_terrier,64,val
dataset/train/kerry_blue_terrier/02225.jpg,kerry_blue_terrier,64,val
dataset/train/kerry_blue_terrier/02124.jpg,kerry_blue_terrier,64,val
dataset/train/kerry_blue_terrier/00262.jpg,kerry_blue_terrier,64,val
dataset/train/kerry_blue_terrier/00010.jpg,kerry_blue_terrier,64,val
dataset/train/kerry_blue_terrier/02780.jpg,kerry_blue_terrier,64,val
dataset/train/kerry_blue_terrier/01635.jpg,kerry_blue_terrier,64,val
dataset/train/kerry_blue_terrier/02699.jpg,kerry_blue_terrier,64,val
dataset/train/kerry_blue_terrier/01645.jpg,kerry_blue_terrier,64,val
dataset/train/kerry_blue_terrier/02681.jpg,kerry_blue_terrier,64,val
dataset/train/kerry_blue_terrier/02544.jpg,kerry_blue_terrier,64,val
dataset/train/kerry_blue_terrier/02449.jpg,kerry_blue_terrier,64,val
dataset/train/kerry_blue_terrier/02279.jpg,kerry_blue_terrier,64,val
dataset/train/kerry_blue_terrier/02514.jpg,kerry_blue_terrier,64,val
dataset/train/kerry_blue_terrier/02055.jpg,kerry_blue_terrier,64,val
dataset/train/kerry_blue_terrier/01456.jpg,kerry_blue_terrier,64,val
dataset/train/kerry_blue_terrier/01498.jpg,kerry_blue_terrier,64,val
dataset/train/kerry_blue_terrier/01697.jpg,kerry_blue_terrier,64,val
dataset/train/kerry_blue_terrier/02320.jpg,kerry_blue_terrier,64,val
dataset/train/kerry_blue_terrier/02700.jpg,kerry_blue_terrier,64,val
dataset/train/komondor/03409.jpg,komondor,65,train
dataset/train/komondor/03784.jpg,komondor,65,train
dataset/train/komondor/03913.jpg,komondor,65,train
dataset/train/komondor/03002.jpg,komondor,65,train
dataset/train/komondor/02982.jpg,komondor,65,train
dataset/train/komondor/03738.jpg,komondor,65,train
dataset/train/komondor/01024.jpg,komondor,65,train
dataset/train/komondor/00192.jpg,komondor,65,train
dataset/train/komondor/03806.jpg,komondor,65,train
dataset/train/komondor/03380.jpg,komondor,65,train
dataset/train/komondor/02886.jpg,komondor,65,train
dataset/train/komondor/01018.jpg,komondor,65,train
dataset/train/komondor/02316.jpg,komondor,65,train
dataset/train/komondor/02322.jpg,komondor,65,train
dataset/train/komondor/02465.jpg,komondor,65,train
dataset/train/komondor/03766.jpg,komondor,65,train
dataset/train/komondor/03030.jpg,komondor,65,train
dataset/train/komondor/02037.jpg,komondor,65,train
dataset/train/komondor/02069.jpg,komondor,65,train
dataset/train/komondor/01293.jpg,komondor,65,train
dataset/train/komondor/03647.jpg,komondor,65,train
dataset/train/komondor/01426.jpg,komondor,65,train
dataset/train/komondor/02155.jpg,komondor,65,train
dataset/train/komondor/02420.jpg,komondor,65,train
dataset/train/komondor/02083.jpg,komondor,65,train
dataset/train/komondor/01148.jpg,komondor,65,train
dataset/train/komondor/00345.jpg,komondor,65,train
dataset/train/komondor/03744.jpg,komondor,65,train
dataset/train/komondor/03091.jpg,komondor,65,train
dataset/train/komondor/02489.jpg,komondor,65,train
dataset/train/komondor/03444.jpg,komondor,65,train
dataset/train/komondor/03050.jpg,komondor,65,train
dataset/train/komondor/03792.jpg,komondor,65,train
dataset/train/komondor/03564.jpg,komondor,65,train
dataset/train/komondor/00032.jpg,komondor,65,train
dataset/train/komondor/02760.jpg,komondor,65,train
dataset/train/komondor/02043.jpg,komondor,65,train
dataset/train/komondor/00296.jpg,komondor,65,train
dataset/train/komondor/01272.jpg,komondor,65,train
dataset/train/komondor/01159.jpg,komondor,65,train
dataset/train/komondor/03578.jpg,komondor,65,train
dataset/train/komondor/01077.jpg,komondor,65,train
dataset/train/komondor/02134.jpg,komondor,65,train
dataset/train/komondor/03356.jpg,komondor,65,train
dataset/train/komondor/02872.jpg,komondor,65,train
dataset/train/komondor/03723.jpg,komondor,65,train
dataset/train/komondor/02699.jpg,komondor,65,train
dataset/train/komondor/03132.jpg,komondor,65,train
dataset/train/komondor/03389.jpg,komondor,65,train
dataset/train/komondor/01360.jpg,komondor,65,train
dataset/train/komondor/03328.jpg,komondor,65,train
dataset/train/komondor/01145.jpg,komondor,65,train
dataset/train/komondor/02592.jpg,komondor,65,train
dataset/train/komondor/03721.jpg,komondor,65,train
dataset/train/komondor/03650.jpg,komondor,65,train
dataset/train/komondor/03705.jpg,komondor,65,train
dataset/train/komondor/03652.jpg,komondor,65,train
dataset/train/komondor/02101.jpg,komondor,65,train
dataset/train/komondor/03713.jpg,komondor,65,train
dataset/train/komondor/03603.jpg,komondor,65,train
dataset/train/komondor/03672.jpg,komondor,65,train
dataset/train/komondor/02270.jpg,komondor,65,train
dataset/train/komondor/03716.jpg,komondor,65,train
dataset/train/komondor/03679.jpg,komondor,65,train
dataset/train/komondor/03904.jpg,komondor,65,train
dataset/train/komondor/01657.jpg,komondor,65,train
dataset/train/komondor/01312.jpg,komondor,65,train
dataset/train/komondor/01225.jpg,komondor,65,train
dataset/train/komondor/01988.jpg,komondor,65,train
dataset/train/komondor/01406.jpg,komondor,65,train
dataset/train/komondor/02281.jpg,komondor,65,train
dataset/train/komondor/03706.jpg,komondor,65,train
dataset/train/komondor/03008.jpg,komondor,65,train
dataset/train/komondor/02382.jpg,komondor,65,train
dataset/train/komondor/03833.jpg,komondor,65,train
dataset/train/komondor/02942.jpg,komondor,65,train
dataset/train/komondor/02426.jpg,komondor,65,train
dataset/train/komondor/03898.jpg,komondor,65,train
dataset/train/komondor/00317.jpg,komondor,65,train
dataset/train/komondor/03805.jpg,komondor,65,train
dataset/train/komondor/00358.jpg,komondor,65,val
dataset/train/komondor/03781.jpg,komondor,65,val
dataset/train/komondor/03617.jpg,komondor,65,val
dataset/train/komondor/01383.jpg,komondor,65,val
dataset/train/komondor/03576.jpg,komondor,65,val
dataset/train/komondor/02992.jpg,komondor,65,val
dataset/train/komondor/03541.jpg,komondor,65,val
dataset/train/komondor/03698.jpg,komondor,65,val
dataset/train/komondor/02548.jpg,komondor,65,val
dataset/train/komondor/02156.jpg,komondor,65,val
dataset/train/komondor/02570.jpg,komondor,65,val
dataset/train/komondor/02873.jpg,komondor,65,val
dataset/train/komondor/03787.jpg,komondor,65,val
dataset/train/komondor/02685.jpg,komondor,65,val
dataset/train/komondor/01443.jpg,komondor,65,val
dataset/train/komondor/03887.jpg,komondor,65,val
dataset/train/komondor/01090.jpg,komondor,65,val
dataset/train/komondor/03558.jpg,komondor,65,val
dataset/train/komondor/01541.jpg,komondor,65,val
dataset/train/komondor/02178.jpg,komondor,65,val
dataset/train/kuvasz/01375.jpg,kuvasz,66,train
dataset/train/kuvasz/02071.jpg,kuvasz,66,train
dataset/train/kuvasz/00133.jpg,kuvasz,66,train
dataset/train/kuvasz/03734.jpg,kuvasz,66,train
dataset/train/kuvasz/01107.jpg,kuvasz,66,train
dataset/train/kuvasz/04091.jpg,kuvasz,66,train
dataset/train/kuvasz/03493.jpg,kuvasz,66,train
dataset/train/kuvasz/02656.jpg,kuvasz,66,train
dataset/train/kuvasz/01794.jpg,kuvasz,66,train
dataset/train/kuvasz/00235.jpg,kuvasz,66,train
dataset/train/kuvasz/03526.jpg,kuvasz,66,train
dataset/train/kuvasz/01492.jpg,kuvasz,66,train
dataset/train/kuvasz/02582.jpg,kuvasz,66,train
dataset/train/kuvasz/01510.jpg,kuvasz,66,train
dataset/train/kuvasz/01435.jpg,kuvasz,66,train
dataset/train/kuvasz/01400.jpg,kuvasz,66,train
dataset/train/kuvasz/01709.jpg,kuvasz,66,train
dataset/train/kuvasz/01206.jpg,kuvasz,66,train
dataset/train/kuvasz/00031.jpg,kuvasz,66,train
dataset/train/kuvasz/01075.jpg,kuvasz,66,train
dataset/train/kuvasz/00262.jpg,kuvasz,66,train
dataset/train/kuvasz/00247.jpg,kuvasz,66,train
dataset/train/kuvasz/02417.jpg,kuvasz,66,train
dataset/train/kuvasz/01757.jpg,kuvasz,66,train
dataset/train/kuvasz/01218.jpg,kuvasz,66,train
dataset/train/kuvasz/01396.jpg,kuvasz,66,train
dataset/train/kuvasz/03378.jpg,kuvasz,66,train
dataset/train/kuvasz/03166.jpg,kuvasz,66,train
dataset/train/kuvasz/01268.jpg,kuvasz,66,train
dataset/train/kuvasz/01370.jpg,kuvasz,66,train
dataset/train/kuvasz/03769.jpg,kuvasz,66,train
dataset/train/kuvasz/01816.jpg,kuvasz,66,train
dataset/train/kuvasz/04261.jpg,kuvasz,66,train
dataset/train/kuvasz/03756.jpg,kuvasz,66,train
dataset/train/kuvasz/02500.jpg,kuvasz,66,train
dataset/train/kuvasz/03353.jpg,kuvasz,66,train
dataset/train/kuvasz/00371.jpg,kuvasz,66,train
dataset/train/kuvasz/02540.jpg,kuvasz,66,train
dataset/train/kuvasz/01781.jpg,kuvasz,66,train
dataset/train/kuvasz/02467.jpg,kuvasz,66,train
dataset/train/kuvasz/01612.jpg,kuvasz,66,train
dataset/train/kuvasz/02769.jpg,kuvasz,66,train
dataset/train/kuvasz/03578.jpg,kuvasz,66,train
dataset/train/kuvasz/01287.jpg,kuvasz,66,train
dataset/train/kuvasz/00185.jpg,kuvasz,66,train
dataset/train/kuvasz/02964.jpg,kuvasz,66,train
dataset/train/kuvasz/02087.jpg,kuvasz,66,train
dataset/train/kuvasz/03505.jpg,kuvasz,66,train
dataset/train/kuvasz/02931.jpg,kuvasz,66,train
dataset/train/kuvasz/02150.jpg,kuvasz,66,train
dataset/train/kuvasz/02992.jpg,kuvasz,66,train
dataset/train/kuvasz/00409.jpg,kuvasz,66,train
dataset/train/kuvasz/01988.jpg,kuvasz,66,train
dataset/train/kuvasz/03787.jpg,kuvasz,66,train
dataset/train/kuvasz/04131.jpg,kuvasz,66,train
dataset/train/kuvasz/03570.jpg,kuvasz,66,train
dataset/train/kuvasz/01150.jpg,kuvasz,66,train
dataset/train/kuvasz/01278.jpg,kuvasz,66,train
dataset/train/kuvasz/03900.jpg,kuvasz,66,train
dataset/train/kuvasz/01484.jpg,kuvasz,66,train
dataset/train/kuvasz/04277.jpg,kuvasz,66,train
dataset/train/kuvasz/03758.jpg,kuvasz,66,train
dataset/train/kuvasz/01369.jpg,kuvasz,66,train
dataset/train/kuvasz/03491.jpg,kuvasz,66,train
dataset/train/kuvasz/02504.jpg,kuvasz,66,train
dataset/train/kuvasz/01289.jpg,kuvasz,66,train
dataset/train/kuvasz/00157.jpg,kuvasz,66,train
dataset/train/kuvasz/02501.jpg,kuvasz,66,train
dataset/train/kuvasz/01779.jpg,kuvasz,66,train
dataset/train/kuvasz/02328.jpg,kuvasz,66,train
dataset/train/kuvasz/02246.jpg,kuvasz,66,train
dataset/train/kuvasz/01214.jpg,kuvasz,66,train
dataset/train/kuvasz/03207.jpg,kuvasz,66,train
dataset/train/kuvasz/03942.jpg,kuvasz,66,train
dataset/train/kuvasz/03427.jpg,kuvasz,66,train
dataset/train/kuvasz/01313.jpg,kuvasz,66,train
dataset/train/kuvasz/01138.jpg,kuvasz,66,train
dataset/train/kuvasz/02861.jpg,kuvasz,66,train
dataset/train/kuvasz/04059.jpg,kuvasz,66,train
dataset/train/kuvasz/00413.jpg,kuvasz,66,train
dataset/train/kuvasz/03991.jpg,kuvasz,66,val
dataset/train/kuvasz/02424.jpg,kuvasz,66,val
dataset/train/kuvasz/00110.jpg,kuvasz,66,val
dataset/train/kuvasz/02323.jpg,kuvasz,66,val
dataset/train/kuvasz/00170.jpg,kuvasz,66,val
dataset/train/kuvasz/01646.jpg,kuvasz,66,val
dataset/train/kuvasz/04079.jpg,kuvasz,66,val
dataset/train/kuvasz/01713.jpg,kuvasz,66,val
dataset/train/kuvasz/02659.jpg,kuvasz,66,val
dataset/train/kuvasz/04223.jpg,kuvasz,66,val
dataset/train/kuvasz/03397.jpg,kuvasz,66,val
dataset/train/kuvasz/04104.jpg,kuvasz,66,val
dataset/train/kuvasz/01324.jpg,kuvasz,66,val
dataset/train/kuvasz/03766.jpg,kuvasz,66,val
dataset/train/kuvasz/03217.jpg,kuvasz,66,val
dataset/train/kuvasz/01599.jpg,kuvasz,66,val
dataset/train/kuvasz/01791.jpg,kuvasz,66,val
dataset/train/kuvasz/04002.jpg,kuvasz,66,val
dataset/train/kuvasz/01423.jpg,kuvasz,66,val
dataset/train/kuvasz/03564.jpg,kuvasz,66,val
dataset/train/labrador_retriever/05471.jpg,labrador_retriever,67,train
dataset/train/labrador_retriever/01660.jpg,labrador_retriever,67,train
dataset/train/labrador_retriever/04677.jpg,labrador_retriever,67,train
dataset/train/labrador_retriever/01941.jpg,labrador_retriever,67,train
dataset/train/labrador_retriever/02174.jpg,labrador_retriever,67,train
dataset/train/labrador_retriever/03500.jpg,labrador_retriever,67,train
dataset/train/labrador_retriever/02228.jpg,labrador_retriever,67,train
dataset/train/labrador_retriever/02223.jpg,labrador_retriever,67,train
dataset/train/labrador_retriever/03865.jpg,labrador_retriever,67,train
dataset/train/labrador_retriever/00129.jpg,labrador_retriever,67,train
dataset/train/labrador_retriever/04913.jpg,labrador_retriever,67,train
dataset/train/labrador_retriever/05000.jpg,labrador_retriever,67,train
dataset/train/labrador_retriever/01229.jpg,labrador_retriever,67,train
dataset/train/labrador_retriever/04550.jpg,labrador_retriever,67,train
dataset/train/labrador_retriever/04037.jpg,labrador_retriever,67,train
dataset/train/labrador_retriever/05261.jpg,labrador_retriever,67,train
dataset/train/labrador_retriever/03258.jpg,labrador_retriever,67,train
dataset/train/labrador_retriever/02226.jpg,labrador_retriever,67,train
dataset/train/labrador_retriever/03988.jpg,labrador_retriever,67,train
dataset/train/labrador_retriever/04323.jpg,labrador_retriever,67,train
dataset/train/labrador_retriever/04759.jpg,labrador_retriever,67,train
dataset/train/labrador_retriever/03868.jpg,labrador_retriever,67,train
dataset/train/labrador_retriever/03835.jpg,labrador_retriever,67,train
dataset/train/labrador_retriever/03773.jpg,labrador_retriever,67,train
dataset/train/labrador_retriever/01383.jpg,labrador_retriever,67,train
dataset/train/labrador_retriever/05263.jpg,labrador_retriever,67,train
dataset/train/labrador_retriever/03503.jpg,labrador_retriever,67,train
dataset/train/labrador_retriever/02120.jpg,labrador_retriever,67,train
dataset/train/labrador_retriever/01436.jpg,labrador_retriever,67,train
dataset/train/labrador_retriever/03301.jpg,labrador_retriever,67,train
dataset/train/labrador_retriever/03502.jpg,labrador_retriever,67,train
dataset/train/labrador_retriever/04543.jpg,labrador_retriever,67,train
dataset/train/labrador_retriever/03273.jpg,labrador_retriever,67,train
dataset/train/labrador_retriever/05008.jpg,labrador_retriever,67,train
dataset/train/labrador_retriever/02224.jpg,labrador_retriever,67,train
dataset/train/labrador_retriever/00357.jpg,labrador_retriever,67,train
dataset/train/labrador_retriever/02234.jpg,labrador_retriever,67,train
dataset/train/labrador_retriever/02938.jpg,labrador_retriever,67,train
dataset/train/labrador_retriever/04653.jpg,labrador_retriever,67,train
dataset/train/labrador_retriever/05021.jpg,labrador_retriever,67,train
dataset/train/labrador_retriever/05599.jpg,labrador_retriever,67,train
dataset/train/labrador_retriever/00311.jpg,labrador_retriever,67,train
dataset/train/labrador_retriever/02897.jpg,labrador_retriever,67,train
dataset/train/labrador_retriever/03963.jpg,labrador_retriever,67,train
dataset/train/labrador_retriever/02118.jpg,labrador_retriever,67,train
dataset/train/labrador_retriever/03613.jpg,labrador_retriever,67,train
dataset/train/labrador_retriever/03197.jpg,labrador_retriever,67,train
dataset/train/labrador_retriever/02473.jpg,labrador_retriever,67,train
dataset/train/labrador_retriever/01254.jpg,labrador_retriever,67,train
dataset/train/labrador_retriever/01414.jpg,labrador_retriever,67,train
dataset/train/labrador_retriever/03854.jpg,labrador_retriever,67,train
dataset/train/labrador_retriever/02668.jpg,labrador_retriever,67,train
dataset/train/labrador_retriever/04403.jpg,labrador_retriever,67,train
dataset/train/labrador_retriever/04160.jpg,labrador_retriever,67,train
dataset/train/labrador_retriever/03753.jpg,labrador_retriever,67,train
dataset/train/labrador_retriever/00389.jpg,labrador_retriever,67,train
dataset/train/labrador_retriever/03430.jpg,labrador_retriever,67,train
dataset/train/labrador_retriever/03364.jpg,labrador_retriever,67,train
dataset/train/labrador_retriever/03185.jpg,labrador_retriever,67,train
dataset/train/labrador_retriever/02863.jpg,labrador_retriever,67,train
dataset/train/labrador_retriever/00511.jpg,labrador_retriever,67,train
dataset/train/labrador_retriever/00328.jpg,labrador_retriever,67,train
dataset/train/labrador_retriever/03340.jpg,labrador_retriever,67,train
dataset/train/labrador_retriever/04384.jpg,labrador_retriever,67,train
dataset/train/labrador_retriever/03829.jpg,labrador_retriever,67,train
dataset/train/labrador_retriever/05338.jpg,labrador_retriever,67,train
dataset/train/labrador_retriever/04177.jpg,labrador_retriever,67,train
dataset/train/labrador_retriever/04354.jpg,labrador_retriever,67,train
dataset/train/labrador_retriever/04428.jpg,labrador_retriever,67,train
dataset/train/labrador_retriever/04965.jpg,labrador_retriever,67,train
dataset/train/labrador_retriever/04960.jpg,labrador_retriever,67,train
dataset/train/labrador_retriever/04705.jpg,labrador_retriever,67,train
dataset/train/labrador_retriever/04508.jpg,labrador_retriever,67,train
dataset/train/labrador_retriever/02501.jpg,labrador_retriever,67,train
dataset/train/labrador_retriever/04845.jpg,labrador_retriever,67,train
dataset/train/labrador_retriever/01828.jpg,labrador_retriever,67,train
dataset/train/labrador_retriever/01930.jpg,labrador_retriever,67,train
dataset/train/labrador_retriever/03698.jpg,labrador_retriever,67,train
dataset/train/labrador_retriever/01200.jpg,labrador_retriever,67,train
dataset/train/labrador_retriever/00365.jpg,labrador_retriever,67,train
dataset/train/labrador_retriever/05017.jpg,labrador_retriever,67,val
dataset/train/labrador_retriever/01150.jpg,labrador_retriever,67,val
dataset/train/labrador_retriever/03947.jpg,labrador_retriever,67,val
dataset/train/labrador_retriever/04074.jpg,labrador_retriever,67,val
dataset/train/labrador_retriever/03769.jpg,labrador_retriever,67,val
dataset/train/labrador_retriever/00384.jpg,labrador_retriever,67,val
dataset/train/labrador_retriever/00221.jpg,labrador_retriever,67,val
dataset/train/labrador_retriever/00475.jpg,labrador_retriever,67,val
dataset/train/labrador_retriever/02332.jpg,labrador_retriever,67,val
dataset/train/labrador_retriever/01866.jpg,labrador_retriever,67,val
dataset/train/labrador_retriever/04625.jpg,labrador_retriever,67,val
dataset/train/labrador_retriever/03980.jpg,labrador_retriever,67,val
dataset/train/labrador_retriever/01987.jpg,labrador_retriever,67,val
dataset/train/labrador_retriever/04133.jpg,labrador_retriever,67,val
dataset/train/labrador_retriever/04462.jpg,labrador_retriever,67,val
dataset/train/labrador_retriever/03776.jpg,labrador_retriever,67,val
dataset/train/labrador_retriever/05343.jpg,labrador_retriever,67,val
dataset/train/labrador_retriever/00490.jpg,labrador_retriever,67,val
dataset/train/labrador_retriever/00209.jpg,labrador_retriever,67,val
dataset/train/labrador_retriever/02115.jpg,labrador_retriever,67,val
dataset/train/lakeland_terrier/03699.jpg,lakeland_terrier,68,train
dataset/train/lakeland_terrier/01765.jpg,lakeland_terrier,68,train
dataset/train/lakeland_terrier/00104.jpg,lakeland_terrier,68,train
dataset/train/lakeland_terrier/01131.jpg,lakeland_terrier,68,train
dataset/train/lakeland_terrier/01068.jpg,lakeland_terrier,68,train
dataset/train/lakeland_terrier/02026.jpg,lakeland_terrier,68,train
dataset/train/lakeland_terrier/00280.jpg,lakeland_terrier,68,train
dataset/train/lakeland_terrier/03035.jpg,lakeland_terrier,68,train
dataset/train/lakeland_terrier/03137.jpg,lakeland_terrier,68,train
dataset/train/lakeland_terrier/01310.jpg,lakeland_terrier,68,train
dataset/train/lakeland_terrier/01489.jpg,lakeland_terrier,68,train
dataset/train/lakeland_terrier/02230.jpg,lakeland_terrier,68,train
dataset/train/lakeland_terrier/02285.jpg,lakeland_terrier,68,train
dataset/train/lakeland_terrier/02418.jpg,lakeland_terrier,68,train
dataset/train/lakeland_terrier/01547.jpg,lakeland_terrier,68,train
dataset/train/lakeland_terrier/01057.jpg,lakeland_terrier,68,train
dataset/train/lakeland_terrier/02139.jpg,lakeland_terrier,68,train
dataset/train/lakeland_terrier/01438.jpg,lakeland_terrier,68,train
dataset/train/lakeland_terrier/01270.jpg,lakeland_terrier,68,train
dataset/train/lakeland_terrier/01088.jpg,lakeland_terrier,68,train
dataset/train/lakeland_terrier/01482.jpg,lakeland_terrier,68,train
dataset/train/lakeland_terrier/00269.jpg,lakeland_terrier,68,train
dataset/train/lakeland_terrier/02884.jpg,lakeland_terrier,68,train
dataset/train/lakeland_terrier/03146.jpg,lakeland_terrier,68,train
dataset/train/lakeland_terrier/02882.jpg,lakeland_terrier,68,train
dataset/train/lakeland_terrier/01171.jpg,lakeland_terrier,68,train
dataset/train/lakeland_terrier/02972.jpg,lakeland_terrier,68,train
dataset/train/lakeland_terrier/02748.jpg,lakeland_terrier,68,train
dataset/train/lakeland_terrier/02177.jpg,lakeland_terrier,68,train
dataset/train/lakeland_terrier/03021.jpg,lakeland_terrier,68,train
dataset/train/lakeland_terrier/02494.jpg,lakeland_terrier,68,train
dataset/train/lakeland_terrier/00373.jpg,lakeland_terrier,68,train
dataset/train/lakeland_terrier/03089.jpg,lakeland_terrier,68,train
dataset/train/lakeland_terrier/03527.jpg,lakeland_terrier,68,train
dataset/train/lakeland_terrier/01609.jpg,lakeland_terrier,68,train
dataset/train/lakeland_terrier/00337.jpg,lakeland_terrier,68,train
dataset/train/lakeland_terrier/02732.jpg,lakeland_terrier,68,train
dataset/train/lakeland_terrier/01575.jpg,lakeland_terrier,68,train
dataset/train/lakeland_terrier/02936.jpg,lakeland_terrier,68,train
dataset/train/lakeland_terrier/03391.jpg,lakeland_terrier,68,train
dataset/train/lakeland_terrier/01176.jpg,lakeland_terrier,68,train
dataset/train/lakeland_terrier/00126.jpg,lakeland_terrier,68,train
dataset/train/lakeland_terrier/02354.jpg,lakeland_terrier,68,train
dataset/train/lakeland_terrier/01590.jpg,lakeland_terrier,68,train
dataset/train/lakeland_terrier/03132.jpg,lakeland_terrier,68,train
dataset/train/lakeland_terrier/00315.jpg,lakeland_terrier,68,train
dataset/train/lakeland_terrier/02087.jpg,lakeland_terrier,68,train
dataset/train/lakeland_terrier/03101.jpg,lakeland_terrier,68,train
dataset/train/lakeland_terrier/01372.jpg,lakeland_terrier,68,train
dataset/train/lakeland_terrier/00163.jpg,lakeland_terrier,68,train
dataset/train/lakeland_terrier/03493.jpg,lakeland_terrier,68,train
dataset/train/lakeland_terrier/01816.jpg,lakeland_terrier,68,train
dataset/train/lakeland_terrier/01752.jpg,lakeland_terrier,68,train
dataset/train/lakeland_terrier/02815.jpg,lakeland_terrier,68,train
dataset/train/lakeland_terrier/00284.jpg,lakeland_terrier,68,train
dataset/train/lakeland_terrier/02304.jpg,lakeland_terrier,68,train
dataset/train/lakeland_terrier/02569.jpg,lakeland_terrier,68,train
dataset/train/lakeland_terrier/03323.jpg,lakeland_terrier,68,train
dataset/train/lakeland_terrier/02872.jpg,lakeland_terrier,68,train
dataset/train/lakeland_terrier/02524.jpg,lakeland_terrier,68,train
dataset/train/lakeland_terrier/01157.jpg,lakeland_terrier,68,train
dataset/train/lakeland_terrier/03745.jpg,lakeland_terrier,68,train
dataset/train/lakeland_terrier/01148.jpg,lakeland_terrier,68,train
dataset/train/lakeland_terrier/03142.jpg,lakeland_terrier,68,train
dataset/train/lakeland_terrier/00201.jpg,lakeland_terrier,68,train
dataset/train/lakeland_terrier/02634.jpg,lakeland_terrier,68,train
dataset/train/lakeland_terrier/02639.jpg,lakeland_terrier,68,train
dataset/train/lakeland_terrier/03224.jpg,lakeland_terrier,68,train
dataset/train/lakeland_terrier/03711.jpg,lakeland_terrier,68,train
dataset/train/lakeland_terrier/03735.jpg,lakeland_terrier,68,train
dataset/train/lakeland_terrier/01283.jpg,lakeland_terrier,68,train
dataset/train/lakeland_terrier/01208.jpg,lakeland_terrier,68,train
dataset/train/lakeland_terrier/00199.jpg,lakeland_terrier,68,train
dataset/train/lakeland_terrier/03102.jpg,lakeland_terrier,68,train
dataset/train/lakeland_terrier/02937.jpg,lakeland_terrier,68,train
dataset/train/lakeland_terrier/03457.jpg,lakeland_terrier,68,train
dataset/train/lakeland_terrier/02282.jpg,lakeland_terrier,68,train
dataset/train/lakeland_terrier/01969.jpg,lakeland_terrier,68,train
dataset/train/lakeland_terrier/01947.jpg,lakeland_terrier,68,train
dataset/train/lakeland_terrier/03253.jpg,lakeland_terrier,68,train
dataset/train/lakeland_terrier/02127.jpg,lakeland_terrier,68,val
dataset/train/lakeland_terrier/01461.jpg,lakeland_terrier,68,val
dataset/train/lakeland_terrier/02738.jpg,lakeland_terrier,68,val
dataset/train/lakeland_terrier/03113.jpg,lakeland_terrier,68,val
dataset/train/lakeland_terrier/02521.jpg,lakeland_terrier,68,val
dataset/train/lakeland_terrier/01149.jpg,lakeland_terrier,68,val
dataset/train/lakeland_terrier/03284.jpg,lakeland_terrier,68,val
dataset/train/lakeland_terrier/03433.jpg,lakeland_terrier,68,val
dataset/train/lakeland_terrier/03534.jpg,lakeland_terrier,68,val
dataset/train/lakeland_terrier/01437.jpg,lakeland_terrier,68,val
dataset/train/lakeland_terrier/02767.jpg,lakeland_terrier,68,val
dataset/train/lakeland_terrier/01663.jpg,lakeland_terrier,68,val
dataset/train/lakeland_terrier/01445.jpg,lakeland_terrier,68,val
dataset/train/lakeland_terrier/01867.jpg,lakeland_terrier,68,val
dataset/train/lakeland_terrier/01031.jpg,lakeland_terrier,68,val
dataset/train/lakeland_terrier/00324.jpg,lakeland_terrier,68,val
dataset/train/lakeland_terrier/03213.jpg,lakeland_terrier,68,val
dataset/train/lakeland_terrier/02480.jpg,lakeland_terrier,68,val
dataset/train/lakeland_terrier/02840.jpg,lakeland_terrier,68,val
dataset/train/lakeland_terrier/03152.jpg,lakeland_terrier,68,val
dataset/train/leonberg/01583.jpg,leonberg,69,train
dataset/train/leonberg/01965.jpg,leonberg,69,train
dataset/train/leonberg/02063.jpg,leonberg,69,train
dataset/train/leonberg/02235.jpg,leonberg,69,train
dataset/train/leonberg/01419.jpg,leonberg,69,train
dataset/train/leonberg/02739.jpg,leonberg,69,train
dataset/train/leonberg/01153.jpg,leonberg,69,train
dataset/train/leonberg/01546.jpg,leonberg,69,train
dataset/train/leonberg/01480.jpg,leonberg,69,train
dataset/train/leonberg/02620.jpg,leonberg,69,train
dataset/train/leonberg/01799.jpg,leonberg,69,train
dataset/train/leonberg/01042.jpg,leonberg,69,train
dataset/train/leonberg/02785.jpg,leonberg,69,train
dataset/train/leonberg/01940.jpg,leonberg,69,train
dataset/train/leonberg/01206.jpg,leonberg,69,train
dataset/train/leonberg/01788.jpg,leonberg,69,train
dataset/train/leonberg/02924.jpg,leonberg,69,train
dataset/train/leonberg/02617.jpg,leonberg,69,train
dataset/train/leonberg/01383.jpg,leonberg,69,train
dataset/train/leonberg/02781.jpg,leonberg,69,train
dataset/train/leonberg/02476.jpg,leonberg,69,train
dataset/train/leonberg/02700.jpg,leonberg,69,train
dataset/train/leonberg/00237.jpg,leonberg,69,train
dataset/train/leonberg/01752.jpg,leonberg,69,train
dataset/train/leonberg/01670.jpg,leonberg,69,train
dataset/train/leonberg/01429.jpg,leonberg,69,train
dataset/train/leonberg/02223.jpg,leonberg,69,train
dataset/train/leonberg/00253.jpg,leonberg,69,train
dataset/train/leonberg/00187.jpg,leonberg,69,train
dataset/train/leonberg/01390.jpg,leonberg,69,train
dataset/train/leonberg/02138.jpg,leonberg,69,train
dataset/train/leonberg/01197.jpg,leonberg,69,train
dataset/train/leonberg/02703.jpg,leonberg,69,train
dataset/train/leonberg/02954.jpg,leonberg,69,train
dataset/train/leonberg/00188.jpg,leonberg,69,train
dataset/train/leonberg/00294.jpg,leonberg,69,train
dataset/train/leonberg/02378.jpg,leonberg,69,train
dataset/train/leonberg/02554.jpg,leonberg,69,train
dataset/train/leonberg/01178.jpg,leonberg,69,train
dataset/train/leonberg/01832.jpg,leonberg,69,train
dataset/train/leonberg/01708.jpg,leonberg,69,train
dataset/train/leonberg/02088.jpg,leonberg,69,train
dataset/train/leonberg/00279.jpg,leonberg,69,train
dataset/train/leonberg/02359.jpg,leonberg,69,train
dataset/train/leonberg/02400.jpg,leonberg,69,train
dataset/train/leonberg/01684.jpg,leonberg,69,train
dataset/train/leonberg/02743.jpg,leonberg,69,train
dataset/train/leonberg/02751.jpg,leonberg,69,train
dataset/train/leonberg/02168.jpg,leonberg,69,train
dataset/train/leonberg/00017.jpg,leonberg,69,train
dataset/train/leonberg/01094.jpg,leonberg,69,train
dataset/train/leonberg/02520.jpg,leonberg,69,train
dataset/train/leonberg/01184.jpg,leonberg,69,train
dataset/train/leonberg/01181.jpg,leonberg,69,train
dataset/train/leonberg/01497.jpg,leonberg,69,train
dataset/train/leonberg/01111.jpg,leonberg,69,train
dataset/train/leonberg/02047.jpg,leonberg,69,train
dataset/train/leonberg/01656.jpg,leonberg,69,train
dataset/train/leonberg/02218.jpg,leonberg,69,train
dataset/train/leonberg/01501.jpg,leonberg,69,train
dataset/train/leonberg/01503.jpg,leonberg,69,train
dataset/train/leonberg/01325.jpg,leonberg,69,train
dataset/train/leonberg/01331.jpg,leonberg,69,train
dataset/train/leonberg/01661.jpg,leonberg,69,train
dataset/train/leonberg/01380.jpg,leonberg,69,train
dataset/train/leonberg/02594.jpg,leonberg,69,train
dataset/train/leonberg/02741.jpg,leonberg,69,train
dataset/train/leonberg/02347.jpg,leonberg,69,train
dataset/train/leonberg/00164.jpg,leonberg,69,train
dataset/train/leonberg/01591.jpg,leonberg,69,train
dataset/train/leonberg/02623.jpg,leonberg,69,train
dataset/train/leonberg/02191.jpg,leonberg,69,train
dataset/train/leonberg/01065.jpg,leonberg,69,train
dataset/train/leonberg/02974.jpg,leonberg,69,train
dataset/train/leonberg/02072.jpg,leonberg,69,train
dataset/train/leonberg/01662.jpg,leonberg,69,train
dataset/train/leonberg/01014.jpg,leonberg,69,train
dataset/train/leonberg/02384.jpg,leonberg,69,train
dataset/train/leonberg/02718.jpg,leonberg,69,train
dataset/train/leonberg/00207.jpg,leonberg,69,train
dataset/train/leonberg/00001.jpg,leonberg,69,val
dataset/train/leonberg/01447.jpg,leonberg,69,val
dataset/train/leonberg/02949.jpg,leonberg,69,val
dataset/train/leonberg/02012.jpg,leonberg,69,val
dataset/train/leonberg/02062.jpg,leonberg,69,val
dataset/train/leonberg/01737.jpg,leonberg,69,val
dataset/train/leonberg/01724.jpg,leonberg,69,val
dataset/train/leonberg/02881.jpg,leonberg,69,val
dataset/train/leonberg/01851.jpg,leonberg,69,val
dataset/train/leonberg/02301.jpg,leonberg,69,val
dataset/train/leonberg/01115.jpg,leonberg,69,val
dataset/train/leonberg/02330.jpg,leonberg,69,val
dataset/train/leonberg/02211.jpg,leonberg,69,val
dataset/train/leonberg/02112.jpg,leonberg,69,val
dataset/train/leonberg/00246.jpg,leonberg,69,val
dataset/train/leonberg/02750.jpg,leonberg,69,val
dataset/train/leonberg/02119.jpg,leonberg,69,val
dataset/train/leonberg/01482.jpg,leonberg,69,val
dataset/train/leonberg/02153.jpg,leonberg,69,val
dataset/train/leonberg/01215.jpg,leonberg,69,val
dataset/train/lhasa/20774.jpg,lhasa,70,train
dataset/train/lhasa/01719.jpg,lhasa,70,train
dataset/train/lhasa/20830.jpg,lhasa,70,train
dataset/train/lhasa/18317.jpg,lhasa,70,train
dataset/train/lhasa/00161.jpg,lhasa,70,train
dataset/train/lhasa/20304.jpg,lhasa,70,train
dataset/train/lhasa/14565.jpg,lhasa,70,train
dataset/train/lhasa/01668.jpg,lhasa,70,train
dataset/train/lhasa/16322.jpg,lhasa,70,train
dataset/train/lhasa/18706.jpg,lhasa,70,train
dataset/train/lhasa/14785.jpg,lhasa,70,train
dataset/train/lhasa/01268.jpg,lhasa,70,train
dataset/train/lhasa/21411.jpg,lhasa,70,train
dataset/train/lhasa/17759.jpg,lhasa,70,train
dataset/train/lhasa/12117.jpg,lhasa,70,train
dataset/train/lhasa/01784.jpg,lhasa,70,train
dataset/train/lhasa/11048.jpg,lhasa,70,train
dataset/train/lhasa/10966.jpg,lhasa,70,train
dataset/train/lhasa/02047.jpg,lhasa,70,train
dataset/train/lhasa/01693.jpg,lhasa,70,train
dataset/train/lhasa/11467.jpg,lhasa,70,train
dataset/train/lhasa/02308.jpg,lhasa,70,train
dataset/train/lhasa/01279.jpg,lhasa,70,train
dataset/train/lhasa/02584.jpg,lhasa,70,train
dataset/train/lhasa/18307.jpg,lhasa,70,train
dataset/train/lhasa/02400.jpg,lhasa,70,train
dataset/train/lhasa/17895.jpg,lhasa,70,train
dataset/train/lhasa/02620.jpg,lhasa,70,train
dataset/train/lhasa/01355.jpg,lhasa,70,train
dataset/train/lhasa/16009.jpg,lhasa,70,train
dataset/train/lhasa/13638.jpg,lhasa,70,train
dataset/train/lhasa/03007.jpg,lhasa,70,train
dataset/train/lhasa/03095.jpg,lhasa,70,train
dataset/train/lhasa/01137.jpg,lhasa,70,train
dataset/train/lhasa/14191.jpg,lhasa,70,train
dataset/train/lhasa/02911.jpg,lhasa,70,train
dataset/train/lhasa/01471.jpg,lhasa,70,train
dataset/train/lhasa/01522.jpg,lhasa,70,train
dataset/train/lhasa/20356.jpg,lhasa,70,train
dataset/train/lhasa/02582.jpg,lhasa,70,train
dataset/train/lhasa/20499.jpg,lhasa,70,train
dataset/train/lhasa/10144.jpg,lhasa,70,train
dataset/train/lhasa/20398.jpg,lhasa,70,train
dataset/train/lhasa/14264.jpg,lhasa,70,train
dataset/train/lhasa/11385.jpg,lhasa,70,train
dataset/train/lhasa/02169.jpg,lhasa,70,train
dataset/train/lhasa/02954.jpg,lhasa,70,train
dataset/train/lhasa/21040.jpg,lhasa,70,train
dataset/train/lhasa/03152.jpg,lhasa,70,train
dataset/train/lhasa/20657.jpg,lhasa,70,train
dataset/train/lhasa/01702.jpg,lhasa,70,train
dataset/train/lhasa/14953.jpg,lhasa,70,train
dataset/train/lhasa/02441.jpg,lhasa,70,train
dataset/train/lhasa/02402.jpg,lhasa,70,train
dataset/train/lhasa/10590.jpg,lhasa,70,train
dataset/train/lhasa/16861.jpg,lhasa,70,train
dataset/train/lhasa/18647.jpg,lhasa,70,train
dataset/train/lhasa/20614.jpg,lhasa,70,train
dataset/train/lhasa/14748.jpg,lhasa,70,train
dataset/train/lhasa/02639.jpg,lhasa,70,train
dataset/train/lhasa/01454.jpg,lhasa,70,train
dataset/train/lhasa/15855.jpg,lhasa,70,train
dataset/train/lhasa/02908.jpg,lhasa,70,train
dataset/train/lhasa/18663.jpg,lhasa,70,train
dataset/train/lhasa/10285.jpg,lhasa,70,train
dataset/train/lhasa/01480.jpg,lhasa,70,train
dataset/train/lhasa/14328.jpg,lhasa,70,train
dataset/train/lhasa/01552.jpg,lhasa,70,train
dataset/train/lhasa/16076.jpg,lhasa,70,train
dataset/train/lhasa/17369.jpg,lhasa,70,train
dataset/train/lhasa/20677.jpg,lhasa,70,train
dataset/train/lhasa/02607.jpg,lhasa,70,train
dataset/train/lhasa/01713.jpg,lhasa,70,train
dataset/train/lhasa/12198.jpg,lhasa,70,train
dataset/train/lhasa/13405.jpg,lhasa,70,train
dataset/train/lhasa/02974.jpg,lhasa,70,train
dataset/train/lhasa/01492.jpg,lhasa,70,train
dataset/train/lhasa/13083.jpg,lhasa,70,train
dataset/train/lhasa/01396.jpg,lhasa,70,train
dataset/train/lhasa/01107.jpg,lhasa,70,train
dataset/train/lhasa/00244.jpg,lhasa,70,val
dataset/train/lhasa/00178.jpg,lhasa,70,val
dataset/train/lhasa/03114.jpg,lhasa,70,val
dataset/train/lhasa/19649.jpg,lhasa,70,val
dataset/train/lhasa/14608.jpg,lhasa,70,val
dataset/train/lhasa/18548.jpg,lhasa,70,val
dataset/train/lhasa/17364.jpg,lhasa,70,val
dataset/train/lhasa/02700.jpg,lhasa,70,val
dataset/train/lhasa/11519.jpg,lhasa,70,val
dataset/train/lhasa/02851.jpg,lhasa,70,val
dataset/train/lhasa/02199.jpg,lhasa,70,val
dataset/train/lhasa/01718.jpg,lhasa,70,val
dataset/train/lhasa/02536.jpg,lhasa,70,val
dataset/train/lhasa/01457.jpg,lhasa,70,val
dataset/train/lhasa/02490.jpg,lhasa,70,val
dataset/train/lhasa/20034.jpg,lhasa,70,val
dataset/train/lhasa/03033.jpg,lhasa,70,val
dataset/train/lhasa/01473.jpg,lhasa,70,val
dataset/train/lhasa/17946.jpg,lhasa,70,val
dataset/train/lhasa/01655.jpg,lhasa,70,val
dataset/train/malamute/14141.jpg,malamute,71,train
dataset/train/malamute/11814.jpg,malamute,71,train
dataset/train/malamute/11709.jpg,malamute,71,train
dataset/train/malamute/14381.jpg,malamute,71,train
dataset/train/malamute/16539.jpg,malamute,71,train
dataset/train/malamute/11431.jpg,malamute,71,train
dataset/train/malamute/14491.jpg,malamute,71,train
dataset/train/malamute/11034.jpg,malamute,71,train
dataset/train/malamute/13541.jpg,malamute,71,train
dataset/train/malamute/14591.jpg,malamute,71,train
dataset/train/malamute/12447.jpg,malamute,71,train
dataset/train/malamute/11105.jpg,malamute,71,train
dataset/train/malamute/13962.jpg,malamute,71,train
dataset/train/malamute/17446.jpg,malamute,71,train
dataset/train/malamute/16310.jpg,malamute,71,train
dataset/train/malamute/16612.jpg,malamute,71,train
dataset/train/malamute/17073.jpg,malamute,71,train
dataset/train/malamute/15481.jpg,malamute,71,train
dataset/train/malamute/15327.jpg,malamute,71,train
dataset/train/malamute/11887.jpg,malamute,71,train
dataset/train/malamute/12330.jpg,malamute,71,train
dataset/train/malamute/14230.jpg,malamute,71,train
dataset/train/malamute/12292.jpg,malamute,71,train
dataset/train/malamute/15163.jpg,malamute,71,train
dataset/train/malamute/10787.jpg,malamute,71,train
dataset/train/malamute/12514.jpg,malamute,71,train
dataset/train/malamute/15949.jpg,malamute,71,train
dataset/train/malamute/12449.jpg,malamute,71,train
dataset/train/malamute/12694.jpg,malamute,71,train
dataset/train/malamute/11892.jpg,malamute,71,train
dataset/train/malamute/11822.jpg,malamute,71,train
dataset/train/malamute/14382.jpg,malamute,71,train
dataset/train/malamute/13625.jpg,malamute,71,train
dataset/train/malamute/10025.jpg,malamute,71,train
dataset/train/malamute/10751.jpg,malamute,71,train
dataset/train/malamute/15580.jpg,malamute,71,train
dataset/train/malamute/12634.jpg,malamute,71,train
dataset/train/malamute/12269.jpg,malamute,71,train
dataset/train/malamute/13837.jpg,malamute,71,train
dataset/train/malamute/17485.jpg,malamute,71,train
dataset/train/malamute/14425.jpg,malamute,71,train
dataset/train/malamute/14434.jpg,malamute,71,train
dataset/train/malamute/12632.jpg,malamute,71,train
dataset/train/malamute/10768.jpg,malamute,71,train
dataset/train/malamute/01058.jpg,malamute,71,train
dataset/train/malamute/15332.jpg,malamute,71,train
dataset/train/malamute/11106.jpg,malamute,71,train
dataset/train/malamute/17378.jpg,malamute,71,train
dataset/train/malamute/11495.jpg,malamute,71,train
dataset/train/malamute/13550.jpg,malamute,71,train
dataset/train/malamute/12970.jpg,malamute,71,train
dataset/train/malamute/13152.jpg,malamute,71,train
dataset/train/malamute/17190.jpg,malamute,71,train
dataset/train/malamute/11756.jpg,malamute,71,train
dataset/train/malamute/11227.jpg,malamute,71,train
dataset/train/malamute/14327.jpg,malamute,71,train
dataset/train/malamute/11668.jpg,malamute,71,train
dataset/train/malamute/11838.jpg,malamute,71,train
dataset/train/malamute/14922.jpg,malamute,71,train
dataset/train/malamute/16713.jpg,malamute,71,train
dataset/train/malamute/16533.jpg,malamute,71,train
dataset/train/malamute/13413.jpg,malamute,71,train
dataset/train/malamute/13126.jpg,malamute,71,train
dataset/train/malamute/12597.jpg,malamute,71,train
dataset/train/malamute/16029.jpg,malamute,71,train
dataset/train/malamute/13228.jpg,malamute,71,train
dataset/train/malamute/15416.jpg,malamute,71,train
dataset/train/malamute/13798.jpg,malamute,71,train
dataset/train/malamute/12139.jpg,malamute,71,train
dataset/train/malamute/01581.jpg,malamute,71,train
dataset/train/malamute/12334.jpg,malamute,71,train
dataset/train/malamute/11052.jpg,malamute,71,train
dataset/train/malamute/12843.jpg,malamute,71,train
dataset/train/malamute/15160.jpg,malamute,71,train
dataset/train/malamute/16966.jpg,malamute,71,train
dataset/train/malamute/01034.jpg,malamute,71,train
dataset/train/malamute/10567.jpg,malamute,71,train
dataset/train/malamute/15110.jpg,malamute,71,train
dataset/train/malamute/13075.jpg,malamute,71,train
dataset/train/malamute/10589.jpg,malamute,71,train
dataset/train/malamute/17474.jpg,malamute,71,val
dataset/train/malamute/12326.jpg,malamute,71,val
dataset/train/malamute/15727.jpg,malamute,71,val
dataset/train/malamute/12656.jpg,malamute,71,val
dataset/train/malamute/12294.jpg,malamute,71,val
dataset/train/malamute/11658.jpg,malamute,71,val
dataset/train/malamute/10785.jpg,malamute,71,val
dataset/train/malamute/16696.jpg,malamute,71,val
dataset/train/malamute/16752.jpg,malamute,71,val
dataset/train/malamute/10965.jpg,malamute,71,val
dataset/train/malamute/17548.jpg,malamute,71,val
dataset/train/malamute/16630.jpg,malamute,71,val
dataset/train/malamute/17138.jpg,malamute,71,val
dataset/train/malamute/14743.jpg,malamute,71,val
dataset/train/malamute/14782.jpg,malamute,71,val
dataset/train/malamute/01643.jpg,malamute,71,val
dataset/train/malamute/01104.jpg,malamute,71,val
dataset/train/malamute/11585.jpg,malamute,71,val
dataset/train/malamute/16763.jpg,malamute,71,val
dataset/train/malamute/17533.jpg,malamute,71,val
dataset/train/malinois/05328.jpg,malinois,72,train
dataset/train/malinois/03925.jpg,malinois,72,train
dataset/train/malinois/06314.jpg,malinois,72,train
dataset/train/malinois/01757.jpg,malinois,72,train
dataset/train/malinois/02896.jpg,malinois,72,train
dataset/train/malinois/10375.jpg,malinois,72,train
dataset/train/malinois/10640.jpg,malinois,72,train
dataset/train/malinois/05785.jpg,malinois,72,train
dataset/train/malinois/05519.jpg,malinois,72,train
dataset/train/malinois/02836.jpg,malinois,72,train
dataset/train/malinois/06093.jpg,malinois,72,train
dataset/train/malinois/05927.jpg,malinois,72,train
dataset/train/malinois/05547.jpg,malinois,72,train
dataset/train/malinois/06459.jpg,malinois,72,train
dataset/train/malinois/03595.jpg,malinois,72,train
dataset/train/malinois/04056.jpg,malinois,72,train
dataset/train/malinois/05462.jpg,malinois,72,train
dataset/train/malinois/05661.jpg,malinois,72,train
dataset/train/malinois/05556.jpg,malinois,72,train
dataset/train/malinois/01366.jpg,malinois,72,train
dataset/train/malinois/06116.jpg,malinois,72,train
dataset/train/malinois/00299.jpg,malinois,72,train
dataset/train/malinois/06275.jpg,malinois,72,train
dataset/train/malinois/05489.jpg,malinois,72,train
dataset/train/malinois/04569.jpg,malinois,72,train
dataset/train/malinois/02714.jpg,malinois,72,train
dataset/train/malinois/05417.jpg,malinois,72,train
dataset/train/malinois/06220.jpg,malinois,72,train
dataset/train/malinois/05600.jpg,malinois,72,train
dataset/train/malinois/03346.jpg,malinois,72,train
dataset/train/malinois/04200.jpg,malinois,72,train
dataset/train/malinois/06492.jpg,malinois,72,train
dataset/train/malinois/05888.jpg,malinois,72,train
dataset/train/malinois/10309.jpg,malinois,72,train
dataset/train/malinois/06134.jpg,malinois,72,train
dataset/train/malinois/02158.jpg,malinois,72,train
dataset/train/malinois/06301.jpg,malinois,72,train
dataset/train/malinois/06236.jpg,malinois,72,train
dataset/train/malinois/05470.jpg,malinois,72,train
dataset/train/malinois/00154.jpg,malinois,72,train
dataset/train/malinois/10488.jpg,malinois,72,train
dataset/train/malinois/05582.jpg,malinois,72,train
dataset/train/malinois/02830.jpg,malinois,72,train
dataset/train/malinois/05829.jpg,malinois,72,train
dataset/train/malinois/05924.jpg,malinois,72,train
dataset/train/malinois/04719.jpg,malinois,72,train
dataset/train/malinois/05252.jpg,malinois,72,train
dataset/train/malinois/02079.jpg,malinois,72,train
dataset/train/malinois/05800.jpg,malinois,72,train
dataset/train/malinois/02757.jpg,malinois,72,train
dataset/train/malinois/02093.jpg,malinois,72,train
dataset/train/malinois/05759.jpg,malinois,72,train
dataset/train/malinois/05299.jpg,malinois,72,train
dataset/train/malinois/00575.jpg,malinois,72,train
dataset/train/malinois/06377.jpg,malinois,72,train
dataset/train/malinois/01378.jpg,malinois,72,train
dataset/train/malinois/10076.jpg,malinois,72,train
dataset/train/malinois/06343.jpg,malinois,72,train
dataset/train/malinois/06081.jpg,malinois,72,train
dataset/train/malinois/10133.jpg,malinois,72,train
dataset/train/malinois/01572.jpg,malinois,72,train
dataset/train/malinois/04738.jpg,malinois,72,train
dataset/train/malinois/05983.jpg,malinois,72,train
dataset/train/malinois/05327.jpg,malinois,72,train
dataset/train/malinois/06106.jpg,malinois,72,train
dataset/train/malinois/01357.jpg,malinois,72,train
dataset/train/malinois/02942.jpg,malinois,72,train
dataset/train/malinois/06449.jpg,malinois,72,train
dataset/train/malinois/05307.jpg,malinois,72,train
dataset/train/malinois/05423.jpg,malinois,72,train
dataset/train/malinois/05557.jpg,malinois,72,train
dataset/train/malinois/05370.jpg,malinois,72,train
dataset/train/malinois/06013.jpg,malinois,72,train
dataset/train/malinois/10351.jpg,malinois,72,train
dataset/train/malinois/05802.jpg,malinois,72,train
dataset/train/malinois/05680.jpg,malinois,72,train
dataset/train/malinois/05731.jpg,malinois,72,train
dataset/train/malinois/00175.jpg,malinois,72,train
dataset/train/malinois/05913.jpg,malinois,72,train
dataset/train/malinois/05385.jpg,malinois,72,train
dataset/train/malinois/05186.jpg,malinois,72,val
dataset/train/malinois/05364.jpg,malinois,72,val
dataset/train/malinois/06489.jpg,malinois,72,val
dataset/train/malinois/05706.jpg,malinois,72,val
dataset/train/malinois/02873.jpg,malinois,72,val
dataset/train/malinois/02223.jpg,malinois,72,val
dataset/train/malinois/05330.jpg,malinois,72,val
dataset/train/malinois/06340.jpg,malinois,72,val
dataset/train/malinois/05667.jpg,malinois,72,val
dataset/train/malinois/06288.jpg,malinois,72,val
dataset/train/malinois/04426.jpg,malinois,72,val
dataset/train/malinois/03016.jpg,malinois,72,val
dataset/train/malinois/10260.jpg,malinois,72,val
dataset/train/malinois/04361.jpg,malinois,72,val
dataset/train/malinois/04120.jpg,malinois,72,val
dataset/train/malinois/05954.jpg,malinois,72,val
dataset/train/malinois/05757.jpg,malinois,72,val
dataset/train/malinois/05548.jpg,malinois,72,val
dataset/train/malinois/02168.jpg,malinois,72,val
dataset/train/malinois/02636.jpg,malinois,72,val
dataset/train/maltese_dog/10307.jpg,maltese_dog,73,train
dataset/train/maltese_dog/25908.jpg,maltese_dog,73,train
dataset/train/maltese_dog/10661.jpg,maltese_dog,73,train
dataset/train/maltese_dog/01424.jpg,maltese_dog,73,train
dataset/train/maltese_dog/02318.jpg,maltese_dog,73,train
dataset/train/maltese_dog/10646.jpg,maltese_dog,73,train
dataset/train/maltese_dog/10073.jpg,maltese_dog,73,train
dataset/train/maltese_dog/11744.jpg,maltese_dog,73,train
dataset/train/maltese_dog/20313.jpg,maltese_dog,73,train
dataset/train/maltese_dog/20076.jpg,maltese_dog,73,train
dataset/train/maltese_dog/02203.jpg,maltese_dog,73,train
dataset/train/maltese_dog/01155.jpg,maltese_dog,73,train
dataset/train/maltese_dog/02636.jpg,maltese_dog,73,train
dataset/train/maltese_dog/10447.jpg,maltese_dog,73,train
dataset/train/maltese_dog/10397.jpg,maltese_dog,73,train
dataset/train/maltese_dog/02976.jpg,maltese_dog,73,train
dataset/train/maltese_dog/10719.jpg,maltese_dog,73,train
dataset/train/maltese_dog/01515.jpg,maltese_dog,73,train
dataset/train/maltese_dog/02927.jpg,maltese_dog,73,train
dataset/train/maltese_dog/16565.jpg,maltese_dog,73,train
dataset/train/maltese_dog/22666.jpg,maltese_dog,73,train
dataset/train/maltese_dog/10610.jpg,maltese_dog,73,train
dataset/train/maltese_dog/10199.jpg,maltese_dog,73,train
dataset/train/maltese_dog/03292.jpg,maltese_dog,73,train
dataset/train/maltese_dog/01288.jpg,maltese_dog,73,train
dataset/train/maltese_dog/16014.jpg,maltese_dog,73,train
dataset/train/maltese_dog/10148.jpg,maltese_dog,73,train
dataset/train/maltese_dog/11541.jpg,maltese_dog,73,train
dataset/train/maltese_dog/19558.jpg,maltese_dog,73,train
dataset/train/maltese_dog/02999.jpg,maltese_dog,73,train
dataset/train/maltese_dog/00296.jpg,maltese_dog,73,train
dataset/train/maltese_dog/22167.jpg,maltese_dog,73,train
dataset/train/maltese_dog/03000.jpg,maltese_dog,73,train
dataset/train/maltese_dog/17631.jpg,maltese_dog,73,train
dataset/train/maltese_dog/00233.jpg,maltese_dog,73,train
dataset/train/maltese_dog/11653.jpg,maltese_dog,73,train
dataset/train/maltese_dog/02020.jpg,maltese_dog,73,train
dataset/train/maltese_dog/02154.jpg,maltese_dog,73,train
dataset/train/maltese_dog/03315.jpg,maltese_dog,73,train
dataset/train/maltese_dog/01739.jpg,maltese_dog,73,train
dataset/train/maltese_dog/02422.jpg,maltese_dog,73,train
dataset/train/maltese_dog/02627.jpg,maltese_dog,73,train
dataset/train/maltese_dog/16190.jpg,maltese_dog,73,train
dataset/train/maltese_dog/01556.jpg,maltese_dog,73,train
dataset/train/maltese_dog/18114.jpg,maltese_dog,73,train
dataset/train/maltese_dog/10273.jpg,maltese_dog,73,train
dataset/train/maltese_dog/21320.jpg,maltese_dog,73,train
dataset/train/maltese_dog/01325.jpg,maltese_dog,73,train
dataset/train/maltese_dog/14432.jpg,maltese_dog,73,train
dataset/train/maltese_dog/00137.jpg,maltese_dog,73,train
dataset/train/maltese_dog/14595.jpg,maltese_dog,73,train
dataset/train/maltese_dog/24178.jpg,maltese_dog,73,train
dataset/train/maltese_dog/02458.jpg,maltese_dog,73,train
dataset/train/maltese_dog/03239.jpg,maltese_dog,73,train
dataset/train/maltese_dog/13013.jpg,maltese_dog,73,train
dataset/train/maltese_dog/02465.jpg,maltese_dog,73,train
dataset/train/maltese_dog/16355.jpg,maltese_dog,73,train
dataset/train/maltese_dog/02693.jpg,maltese_dog,73,train
dataset/train/maltese_dog/10625.jpg,maltese_dog,73,train
dataset/train/maltese_dog/10197.jpg,maltese_dog,73,train
dataset/train/maltese_dog/16331.jpg,maltese_dog,73,train
dataset/train/maltese_dog/02760.jpg,maltese_dog,73,train
dataset/train/maltese_dog/22127.jpg,maltese_dog,73,train
dataset/train/maltese_dog/19133.jpg,maltese_dog,73,train
dataset/train/maltese_dog/24464.jpg,maltese_dog,73,train
dataset/train/maltese_dog/03217.jpg,maltese_dog,73,train
dataset/train/maltese_dog/02889.jpg,maltese_dog,73,train
dataset/train/maltese_dog/18640.jpg,maltese_dog,73,train
dataset/train/maltese_dog/17059.jpg,maltese_dog,73,train
dataset/train/maltese_dog/10377.jpg,maltese_dog,73,train
dataset/train/maltese_dog/03313.jpg,maltese_dog,73,train
dataset/train/maltese_dog/17990.jpg,maltese_dog,73,train
dataset/train/maltese_dog/13944.jpg,maltese_dog,73,train
dataset/train/maltese_dog/01549.jpg,maltese_dog,73,train
dataset/train/maltese_dog/01244.jpg,maltese_dog,73,train
dataset/train/maltese_dog/19805.jpg,maltese_dog,73,train
dataset/train/maltese_dog/13378.jpg,maltese_dog,73,train
dataset/train/maltese_dog/03108.jpg,maltese_dog,73,train
dataset/train/maltese_dog/19731.jpg,maltese_dog,73,train
dataset/train/maltese_dog/10130.jpg,maltese_dog,73,train
dataset/train/maltese_dog/01247.jpg,maltese_dog,73,val
dataset/train/maltese_dog/02905.jpg,maltese_dog,73,val
dataset/train/maltese_dog/20610.jpg,maltese_dog,73,val
dataset/train/maltese_dog/02573.jpg,maltese_dog,73,val
dataset/train/maltese_dog/01390.jpg,maltese_dog,73,val
dataset/train/maltese_dog/02167.jpg,maltese_dog,73,val
dataset/train/maltese_dog/22439.jpg,maltese_dog,73,val
dataset/train/maltese_dog/17116.jpg,maltese_dog,73,val
dataset/train/maltese_dog/01799.jpg,maltese_dog,73,val
dataset/train/maltese_dog/02832.jpg,maltese_dog,73,val
dataset/train/maltese_dog/03207.jpg,maltese_dog,73,val
dataset/train/maltese_dog/16998.jpg,maltese_dog,73,val
dataset/train/maltese_dog/02543.jpg,maltese_dog,73,val
dataset/train/maltese_dog/02741.jpg,maltese_dog,73,val
dataset/train/maltese_dog/00126.jpg,maltese_dog,73,val
dataset/train/maltese_dog/16188.jpg,maltese_dog,73,val
dataset/train/maltese_dog/02135.jpg,maltese_dog,73,val
dataset/train/maltese_dog/20102.jpg,maltese_dog,73,val
dataset/train/maltese_dog/10297.jpg,maltese_dog,73,val
dataset/train/maltese_dog/02536.jpg,maltese_dog,73,val
dataset/train/mexican_hairless/00124.jpg,mexican_hairless,74,train
dataset/train/mexican_hairless/03178.jpg,mexican_hairless,74,train
dataset/train/mexican_hairless/01620.jpg,mexican_hairless,74,train
dataset/train/mexican_hairless/01956.jpg,mexican_hairless,74,train
dataset/train/mexican_hairless/01030.jpg,mexican_hairless,74,train
dataset/train/mexican_hairless/02145.jpg,mexican_hairless,74,train
dataset/train/mexican_hairless/03092.jpg,mexican_hairless,74,train
dataset/train/mexican_hairless/01034.jpg,mexican_hairless,74,train
dataset/train/mexican_hairless/01854.jpg,mexican_hairless,74,train
dataset/train/mexican_hairless/02121.jpg,mexican_hairless,74,train
dataset/train/mexican_hairless/01317.jpg,mexican_hairless,74,train
dataset/train/mexican_hairless/00177.jpg,mexican_hairless,74,train
dataset/train/mexican_hairless/01823.jpg,mexican_hairless,74,train
dataset/train/mexican_hairless/02441.jpg,mexican_hairless,74,train
dataset/train/mexican_hairless/01867.jpg,mexican_hairless,74,train
dataset/train/mexican_hairless/01391.jpg,mexican_hairless,74,train
dataset/train/mexican_hairless/03134.jpg,mexican_hairless,74,train
dataset/train/mexican_hairless/01773.jpg,mexican_hairless,74,train
dataset/train/mexican_hairless/00304.jpg,mexican_hairless,74,train
dataset/train/mexican_hairless/00310.jpg,mexican_hairless,74,train
dataset/train/mexican_hairless/01189.jpg,mexican_hairless,74,train
dataset/train/mexican_hairless/01551.jpg,mexican_hairless,74,train
dataset/train/mexican_hairless/01957.jpg,mexican_hairless,74,train
dataset/train/mexican_hairless/02073.jpg,mexican_hairless,74,train
dataset/train/mexican_hairless/02446.jpg,mexican_hairless,74,train
dataset/train/mexican_hairless/01349.jpg,mexican_hairless,74,train
dataset/train/mexican_hairless/00153.jpg,mexican_hairless,74,train
dataset/train/mexican_hairless/01891.jpg,mexican_hairless,74,train
dataset/train/mexican_hairless/01868.jpg,mexican_hairless,74,train
dataset/train/mexican_hairless/00143.jpg,mexican_hairless,74,train
dataset/train/mexican_hairless/01478.jpg,mexican_hairless,74,train
dataset/train/mexican_hairless/02677.jpg,mexican_hairless,74,train
dataset/train/mexican_hairless/01939.jpg,mexican_hairless,74,train
dataset/train/mexican_hairless/01323.jpg,mexican_hairless,74,train
dataset/train/mexican_hairless/01325.jpg,mexican_hairless,74,train
dataset/train/mexican_hairless/02695.jpg,mexican_hairless,74,train
dataset/train/mexican_hairless/01787.jpg,mexican_hairless,74,train
dataset/train/mexican_hairless/00183.jpg,mexican_hairless,74,train
dataset/train/mexican_hairless/01595.jpg,mexican_hairless,74,train
dataset/train/mexican_hairless/02787.jpg,mexican_hairless,74,train
dataset/train/mexican_hairless/02054.jpg,mexican_hairless,74,train
dataset/train/mexican_hairless/01954.jpg,mexican_hairless,74,train
dataset/train/mexican_hairless/03249.jpg,mexican_hairless,74,train
dataset/train/mexican_hairless/02707.jpg,mexican_hairless,74,train
dataset/train/mexican_hairless/02552.jpg,mexican_hairless,74,train
dataset/train/mexican_hairless/01535.jpg,mexican_hairless,74,train
dataset/train/mexican_hairless/00206.jpg,mexican_hairless,74,train
dataset/train/mexican_hairless/02003.jpg,mexican_hairless,74,train
dataset/train/mexican_hairless/03197.jpg,mexican_hairless,74,train
dataset/train/mexican_hairless/02261.jpg,mexican_hairless,74,train
dataset/train/mexican_hairless/02276.jpg,mexican_hairless,74,train
dataset/train/mexican_hairless/02337.jpg,mexican_hairless,74,train
dataset/train/mexican_hairless/02726.jpg,mexican_hairless,74,train
dataset/train/mexican_hairless/01999.jpg,mexican_hairless,74,train
dataset/train/mexican_hairless/01924.jpg,mexican_hairless,74,train
dataset/train/mexican_hairless/02727.jpg,mexican_hairless,74,train
dataset/train/mexican_hairless/01746.jpg,mexican_hairless,74,train
dataset/train/mexican_hairless/01994.jpg,mexican_hairless,74,train
dataset/train/mexican_hairless/02979.jpg,mexican_hairless,74,train
dataset/train/mexican_hairless/00118.jpg,mexican_hairless,74,train
dataset/train/mexican_hairless/01238.jpg,mexican_hairless,74,train
dataset/train/mexican_hairless/02286.jpg,mexican_hairless,74,train
dataset/train/mexican_hairless/00131.jpg,mexican_hairless,74,train
dataset/train/mexican_hairless/02143.jpg,mexican_hairless,74,train
dataset/train/mexican_hairless/01632.jpg,mexican_hairless,74,train
dataset/train/mexican_hairless/02572.jpg,mexican_hairless,74,train
dataset/train/mexican_hairless/02966.jpg,mexican_hairless,74,train
dataset/train/mexican_hairless/00216.jpg,mexican_hairless,74,train
dataset/train/mexican_hairless/00147.jpg,mexican_hairless,74,train
dataset/train/mexican_hairless/03101.jpg,mexican_hairless,74,train
dataset/train/mexican_hairless/01653.jpg,mexican_hairless,74,train
dataset/train/mexican_hairless/03071.jpg,mexican_hairless,74,train
dataset/train/mexican_hairless/02141.jpg,mexican_hairless,74,train
dataset/train/mexican_hairless/01006.jpg,mexican_hairless,74,train
dataset/train/mexican_hairless/02793.jpg,mexican_hairless,74,train
dataset/train/mexican_hairless/02709.jpg,mexican_hairless,74,train
dataset/train/mexican_hairless/01482.jpg,mexican_hairless,74,train
dataset/train/mexican_hairless/02128.jpg,mexican_hairless,74,train
dataset/train/mexican_hairless/03220.jpg,mexican_hairless,74,train
dataset/train/mexican_hairless/02474.jpg,mexican_hairless,74,train
dataset/train/mexican_hairless/02546.jpg,mexican_hairless,74,val
dataset/train/mexican_hairless/02167.jpg,mexican_hairless,74,val
dataset/train/mexican_hairless/02804.jpg,mexican_hairless,74,val
dataset/train/mexican_hairless/02606.jpg,mexican_hairless,74,val
dataset/train/mexican_hairless/01480.jpg,mexican_hairless,74,val
dataset/train/mexican_hairless/03056.jpg,mexican_hairless,74,val
dataset/train/mexican_hairless/01983.jpg,mexican_hairless,74,val
dataset/train/mexican_hairless/02938.jpg,mexican_hairless,74,val
dataset/train/mexican_hairless/02996.jpg,mexican_hairless,74,val
dataset/train/mexican_hairless/01088.jpg,mexican_hairless,74,val
dataset/train/mexican_hairless/02189.jpg,mexican_hairless,74,val
dataset/train/mexican_hairless/00272.jpg,mexican_hairless,74,val
dataset/train/mexican_hairless/02425.jpg,mexican_hairless,74,val
dataset/train/mexican_hairless/01069.jpg,mexican_hairless,74,val
dataset/train/mexican_hairless/02888.jpg,mexican_hairless,74,val
dataset/train/mexican_hairless/02508.jpg,mexican_hairless,74,val
dataset/train/mexican_hairless/03184.jpg,mexican_hairless,74,val
dataset/train/mexican_hairless/02798.jpg,mexican_hairless,74,val
dataset/train/mexican_hairless/02306.jpg,mexican_hairless,74,val
dataset/train/mexican_hairless/01970.jpg,mexican_hairless,74,val
dataset/train/miniature_pinscher/02453.jpg,miniature_pinscher,75,train
dataset/train/miniature_pinscher/02468.jpg,miniature_pinscher,75,train
dataset/train/miniature_pinscher/00027.jpg,miniature_pinscher,75,train
dataset/train/miniature_pinscher/04650.jpg,miniature_pinscher,75,train
dataset/train/miniature_pinscher/01803.jpg,miniature_pinscher,75,train
dataset/train/miniature_pinscher/04167.jpg,miniature_pinscher,75,train
dataset/train/miniature_pinscher/04979.jpg,miniature_pinscher,75,train
dataset/train/miniature_pinscher/03227.jpg,miniature_pinscher,75,train
dataset/train/miniature_pinscher/04750.jpg,miniature_pinscher,75,train
dataset/train/miniature_pinscher/03474.jpg,miniature_pinscher,75,train
dataset/train/miniature_pinscher/00105.jpg,miniature_pinscher,75,train
dataset/train/miniature_pinscher/03238.jpg,miniature_pinscher,75,train
dataset/train/miniature_pinscher/04065.jpg,miniature_pinscher,75,train
dataset/train/miniature_pinscher/05188.jpg,miniature_pinscher,75,train
dataset/train/miniature_pinscher/03864.jpg,miniature_pinscher,75,train
dataset/train/miniature_pinscher/02706.jpg,miniature_pinscher,75,train
dataset/train/miniature_pinscher/02487.jpg,miniature_pinscher,75,train
dataset/train/miniature_pinscher/01794.jpg,miniature_pinscher,75,train
dataset/train/miniature_pinscher/00471.jpg,miniature_pinscher,75,train
dataset/train/miniature_pinscher/01885.jpg,miniature_pinscher,75,train
dataset/train/miniature_pinscher/04929.jpg,miniature_pinscher,75,train
dataset/train/miniature_pinscher/01520.jpg,miniature_pinscher,75,train
dataset/train/miniature_pinscher/03456.jpg,miniature_pinscher,75,train
dataset/train/miniature_pinscher/04997.jpg,miniature_pinscher,75,train
dataset/train/miniature_pinscher/03667.jpg,miniature_pinscher,75,train
dataset/train/miniature_pinscher/00496.jpg,miniature_pinscher,75,train
dataset/train/miniature_pinscher/02702.jpg,miniature_pinscher,75,train
dataset/train/miniature_pinscher/04730.jpg,miniature_pinscher,75,train
dataset/train/miniature_pinscher/04996.jpg,miniature_pinscher,75,train
dataset/train/miniature_pinscher/03470.jpg,miniature_pinscher,75,train
dataset/train/miniature_pinscher/03841.jpg,miniature_pinscher,75,train
dataset/train/miniature_pinscher/02478.jpg,miniature_pinscher,75,train
dataset/train/miniature_pinscher/02571.jpg,miniature_pinscher,75,train
dataset/train/miniature_pinscher/03592.jpg,miniature_pinscher,75,train
dataset/train/miniature_pinscher/00281.jpg,miniature_pinscher,75,train
dataset/train/miniature_pinscher/01608.jpg,miniature_pinscher,75,train
dataset/train/miniature_pinscher/05059.jpg,miniature_pinscher,75,train
dataset/train/miniature_pinscher/02948.jpg,miniature_pinscher,75,train
dataset/train/miniature_pinscher/03020.jpg,miniature_pinscher,75,train
dataset/train/miniature_pinscher/03449.jpg,miniature_pinscher,75,train
dataset/train/miniature_pinscher/05281.jpg,miniature_pinscher,75,train
dataset/train/miniature_pinscher/04057.jpg,miniature_pinscher,75,train
dataset/train/miniature_pinscher/05114.jpg,miniature_pinscher,75,train
dataset/train/miniature_pinscher/01842.jpg,miniature_pinscher,75,train
dataset/train/miniature_pinscher/04049.jpg,miniature_pinscher,75,train
dataset/train/miniature_pinscher/02072.jpg,miniature_pinscher,75,train
dataset/train/miniature_pinscher/03823.jpg,miniature_pinscher,75,train
dataset/train/miniature_pinscher/01207.jpg,miniature_pinscher,75,train
dataset/train/miniature_pinscher/01195.jpg,miniature_pinscher,75,train
dataset/train/miniature_pinscher/00398.jpg,miniature_pinscher,75,train
dataset/train/miniature_pinscher/01716.jpg,miniature_pinscher,75,train
dataset/train/miniature_pinscher/05055.jpg,miniature_pinscher,75,train
dataset/train/miniature_pinscher/01154.jpg,miniature_pinscher,75,train
dataset/train/miniature_pinscher/02709.jpg,miniature_pinscher,75,train
dataset/train/miniature_pinscher/00262.jpg,miniature_pinscher,75,train
dataset/train/miniature_pinscher/01724.jpg,miniature_pinscher,75,train
dataset/train/miniature_pinscher/00033.jpg,miniature_pinscher,75,train
dataset/train/miniature_pinscher/01316.jpg,miniature_pinscher,75,train
dataset/train/miniature_pinscher/02300.jpg,miniature_pinscher,75,train
dataset/train/miniature_pinscher/00254.jpg,miniature_pinscher,75,train
dataset/train/miniature_pinscher/04613.jpg,miniature_pinscher,75,train
dataset/train/miniature_pinscher/03636.jpg,miniature_pinscher,75,train
dataset/train/miniature_pinscher/00046.jpg,miniature_pinscher,75,train
dataset/train/miniature_pinscher/05113.jpg,miniature_pinscher,75,train
dataset/train/miniature_pinscher/03673.jpg,miniature_pinscher,75,train
dataset/train/miniature_pinscher/01586.jpg,miniature_pinscher,75,train
dataset/train/miniature_pinscher/00190.jpg,miniature_pinscher,75,train
dataset/train/miniature_pinscher/00458.jpg,miniature_pinscher,75,train
dataset/train/miniature_pinscher/02203.jpg,miniature_pinscher,75,train
dataset/train/miniature_pinscher/04269.jpg,miniature_pinscher,75,train
dataset/train/miniature_pinscher/01590.jpg,miniature_pinscher,75,train
dataset/train/miniature_pinscher/03994.jpg,miniature_pinscher,75,train
dataset/train/miniature_pinscher/04907.jpg,miniature_pinscher,75,train
dataset/train/miniature_pinscher/03603.jpg,miniature_pinscher,75,train
dataset/train/miniature_pinscher/03888.jpg,miniature_pinscher,75,train
dataset/train/miniature_pinscher/04845.jpg,miniature_pinscher,75,train
dataset/train/miniature_pinscher/04741.jpg,miniature_pinscher,75,train
dataset/train/miniature_pinscher/01971.jpg,miniature_pinscher,75,train
dataset/train/miniature_pinscher/01233.jpg,miniature_pinscher,75,train
dataset/train/miniature_pinscher/03368.jpg,miniature_pinscher,75,train
dataset/train/miniature_pinscher/03980.jpg,miniature_pinscher,75,val
dataset/train/miniature_pinscher/04586.jpg,miniature_pinscher,75,val
dataset/train/miniature_pinscher/05077.jpg,miniature_pinscher,75,val
dataset/train/miniature_pinscher/04456.jpg,miniature_pinscher,75,val
dataset/train/miniature_pinscher/02893.jpg,miniature_pinscher,75,val
dataset/train/miniature_pinscher/02958.jpg,miniature_pinscher,75,val
dataset/train/miniature_pinscher/03071.jpg,miniature_pinscher,75,val
dataset/train/miniature_pinscher/03624.jpg,miniature_pinscher,75,val
dataset/train/miniature_pinscher/03426.jpg,miniature_pinscher,75,val
dataset/train/miniature_pinscher/02295.jpg,miniature_pinscher,75,val
dataset/train/miniature_pinscher/04540.jpg,miniature_pinscher,75,val
dataset/train/miniature_pinscher/02945.jpg,miniature_pinscher,75,val
dataset/train/miniature_pinscher/04943.jpg,miniature_pinscher,75,val
dataset/train/miniature_pinscher/02967.jpg,miniature_pinscher,75,val
dataset/train/miniature_pinscher/04972.jpg,miniature_pinscher,75,val
dataset/train/miniature_pinscher/02716.jpg,miniature_pinscher,75,val
dataset/train/miniature_pinscher/04692.jpg,miniature_pinscher,75,val
dataset/train/miniature_pinscher/03009.jpg,miniature_pinscher,75,val
dataset/train/miniature_pinscher/04234.jpg,miniature_pinscher,75,val
dataset/train/miniature_pinscher/04355.jpg,miniature_pinscher,75,val
dataset/train/miniature_poodle/00347.jpg,miniature_poodle,76,train
dataset/train/miniature_poodle/01778.jpg,miniature_poodle,76,train
dataset/train/miniature_poodle/03293.jpg,miniature_poodle,76,train
dataset/train/miniature_poodle/01748.jpg,miniature_poodle,76,train
dataset/train/miniature_poodle/03120.jpg,miniature_poodle,76,train
dataset/train/miniature_poodle/02274.jpg,miniature_poodle,76,train
dataset/train/miniature_poodle/02632.jpg,miniature_poodle,76,train
dataset/train/miniature_poodle/10433.jpg,miniature_poodle,76,train
dataset/train/miniature_poodle/03272.jpg,miniature_poodle,76,train
dataset/train/miniature_poodle/02150.jpg,miniature_poodle,76,train
dataset/train/miniature_poodle/03795.jpg,miniature_poodle,76,train
dataset/train/miniature_poodle/02136.jpg,miniature_poodle,76,train
dataset/train/miniature_poodle/01805.jpg,miniature_poodle,76,train
dataset/train/miniature_poodle/03079.jpg,miniature_poodle,76,train
dataset/train/miniature_poodle/03303.jpg,miniature_poodle,76,train
dataset/train/miniature_poodle/03203.jpg,miniature_poodle,76,train
dataset/train/miniature_poodle/10525.jpg,miniature_poodle,76,train
dataset/train/miniature_poodle/03207.jpg,miniature_poodle,76,train
dataset/train/miniature_poodle/02568.jpg,miniature_poodle,76,train
dataset/train/miniature_poodle/01558.jpg,miniature_poodle,76,train
dataset/train/miniature_poodle/03327.jpg,miniature_poodle,76,train
dataset/train/miniature_poodle/03212.jpg,miniature_poodle,76,train
dataset/train/miniature_poodle/00163.jpg,miniature_poodle,76,train
dataset/train/miniature_poodle/00211.jpg,miniature_poodle,76,train
dataset/train/miniature_poodle/01395.jpg,miniature_poodle,76,train
dataset/train/miniature_poodle/01331.jpg,miniature_poodle,76,train
dataset/train/miniature_poodle/00112.jpg,miniature_poodle,76,train
dataset/train/miniature_poodle/00237.jpg,miniature_poodle,76,train
dataset/train/miniature_poodle/03315.jpg,miniature_poodle,76,train
dataset/train/miniature_poodle/01541.jpg,miniature_poodle,76,train
dataset/train/miniature_poodle/00160.jpg,miniature_poodle,76,train
dataset/train/miniature_poodle/02045.jpg,miniature_poodle,76,train
dataset/train/miniature_poodle/02718.jpg,miniature_poodle,76,train
dataset/train/miniature_poodle/00142.jpg,miniature_poodle,76,train
dataset/train/miniature_poodle/01302.jpg,miniature_poodle,76,train
dataset/train/miniature_poodle/02107.jpg,miniature_poodle,76,train
dataset/train/miniature_poodle/02502.jpg,miniature_poodle,76,train
dataset/train/miniature_poodle/02249.jpg,miniature_poodle,76,train
dataset/train/miniature_poodle/01590.jpg,miniature_poodle,76,train
dataset/train/miniature_poodle/01036.jpg,miniature_poodle,76,train
dataset/train/miniature_poodle/00326.jpg,miniature_poodle,76,train
dataset/train/miniature_poodle/01252.jpg,miniature_poodle,76,train
dataset/train/miniature_poodle/00317.jpg,miniature_poodle,76,train
dataset/train/miniature_poodle/01554.jpg,miniature_poodle,76,train
dataset/train/miniature_poodle/03171.jpg,miniature_poodle,76,train
dataset/train/miniature_poodle/03117.jpg,miniature_poodle,76,train
dataset/train/miniature_poodle/00166.jpg,miniature_poodle,76,train
dataset/train/miniature_poodle/00352.jpg,miniature_poodle,76,train
dataset/train/miniature_poodle/01077.jpg,miniature_poodle,76,train
dataset/train/miniature_poodle/03790.jpg,miniature_poodle,76,train
dataset/train/miniature_poodle/02596.jpg,miniature_poodle,76,train
dataset/train/miniature_poodle/00348.jpg,miniature_poodle,76,train
dataset/train/miniature_poodle/00322.jpg,miniature_poodle,76,train
dataset/train/miniature_poodle/03261.jpg,miniature_poodle,76,train
dataset/train/miniature_poodle/00171.jpg,miniature_poodle,76,train
dataset/train/miniature_poodle/01546.jpg,miniature_poodle,76,train
dataset/train/miniature_poodle/01226.jpg,miniature_poodle,76,train
dataset/train/miniature_poodle/02585.jpg,miniature_poodle,76,train
dataset/train/miniature_poodle/01272.jpg,miniature_poodle,76,train
dataset/train/miniature_poodle/02699.jpg,miniature_poodle,76,train
dataset/train/miniature_poodle/02784.jpg,miniature_poodle,76,train
dataset/train/miniature_poodle/02021.jpg,miniature_poodle,76,train
dataset/train/miniature_poodle/03157.jpg,miniature_poodle,76,train
dataset/train/miniature_poodle/00291.jpg,miniature_poodle,76,train
dataset/train/miniature_poodle/02732.jpg,miniature_poodle,76,train
dataset/train/miniature_poodle/00325.jpg,miniature_poodle,76,train
dataset/train/miniature_poodle/01136.jpg,miniature_poodle,76,train
dataset/train/miniature_poodle/01310.jpg,miniature_poodle,76,train
dataset/train/miniature_poodle/03049.jpg,miniature_poodle,76,train
dataset/train/miniature_poodle/00109.jpg,miniature_poodle,76,train
dataset/train/miniature_poodle/02379.jpg,miniature_poodle,76,train
dataset/train/miniature_poodle/01897.jpg,miniature_poodle,76,train
dataset/train/miniature_poodle/01572.jpg,miniature_poodle,76,train
dataset/train/miniature_poodle/03161.jpg,miniature_poodle,76,train
dataset/train/miniature_poodle/00243.jpg,miniature_poodle,76,train
dataset/train/miniature_poodle/03155.jpg,miniature_poodle,76,train
dataset/train/miniature_poodle/02653.jpg,miniature_poodle,76,train
dataset/train/miniature_poodle/03300.jpg,miniature_poodle,76,train
dataset/train/miniature_poodle/01088.jpg,miniature_poodle,76,train
dataset/train/miniature_poodle/03138.jpg,miniature_poodle,76,train
dataset/train/miniature_poodle/02405.jpg,miniature_poodle,76,val
dataset/train/miniature_poodle/02552.jpg,miniature_poodle,76,val
dataset/train/miniature_poodle/03289.jpg,miniature_poodle,76,val
dataset/train/miniature_poodle/02894.jpg,miniature_poodle,76,val
dataset/train/miniature_poodle/00212.jpg,miniature_poodle,76,val
dataset/train/miniature_poodle/01917.jpg,miniature_poodle,76,val
dataset/train/miniature_poodle/00335.jpg,miniature_poodle,76,val
dataset/train/miniature_poodle/03109.jpg,miniature_poodle,76,val
dataset/train/miniature_poodle/02451.jpg,miniature_poodle,76,val
dataset/train/miniature_poodle/02726.jpg,miniature_poodle,76,val
dataset/train/miniature_poodle/03275.jpg,miniature_poodle,76,val
dataset/train/miniature_poodle/02746.jpg,miniature_poodle,76,val
dataset/train/miniature_poodle/02605.jpg,miniature_poodle,76,val
dataset/train/miniature_poodle/00230.jpg,miniature_poodle,76,val
dataset/train/miniature_poodle/01448.jpg,miniature_poodle,76,val
dataset/train/miniature_poodle/01147.jpg,miniature_poodle,76,val
dataset/train/miniature_poodle/01795.jpg,miniature_poodle,76,val
dataset/train/miniature_poodle/03312.jpg,miniature_poodle,76,val
dataset/train/miniature_poodle/03196.jpg,miniature_poodle,76,val
dataset/train/miniature_poodle/03147.jpg,miniature_poodle,76,val
dataset/train/miniature_schnauzer/01626.jpg,miniature_schnauzer,77,train
dataset/train/miniature_schnauzer/02409.jpg,miniature_schnauzer,77,train
dataset/train/miniature_schnauzer/01913.jpg,miniature_schnauzer,77,train
dataset/train/miniature_schnauzer/01589.jpg,miniature_schnauzer,77,train
dataset/train/miniature_schnauzer/02497.jpg,miniature_schnauzer,77,train
dataset/train/miniature_schnauzer/02649.jpg,miniature_schnauzer,77,train
dataset/train/miniature_schnauzer/01601.jpg,miniature_schnauzer,77,train
dataset/train/miniature_schnauzer/02178.jpg,miniature_schnauzer,77,train
dataset/train/miniature_schnauzer/01866.jpg,miniature_schnauzer,77,train
dataset/train/miniature_schnauzer/02769.jpg,miniature_schnauzer,77,train
dataset/train/miniature_schnauzer/03233.jpg,miniature_schnauzer,77,train
dataset/train/miniature_schnauzer/01352.jpg,miniature_schnauzer,77,train
dataset/train/miniature_schnauzer/01399.jpg,miniature_schnauzer,77,train
dataset/train/miniature_schnauzer/00255.jpg,miniature_schnauzer,77,train
dataset/train/miniature_schnauzer/01093.jpg,miniature_schnauzer,77,train
dataset/train/miniature_schnauzer/02466.jpg,miniature_schnauzer,77,train
dataset/train/miniature_schnauzer/02418.jpg,miniature_schnauzer,77,train
dataset/train/miniature_schnauzer/02472.jpg,miniature_schnauzer,77,train
dataset/train/miniature_schnauzer/00157.jpg,miniature_schnauzer,77,train
dataset/train/miniature_schnauzer/01260.jpg,miniature_schnauzer,77,train
dataset/train/miniature_schnauzer/02439.jpg,miniature_schnauzer,77,train
dataset/train/miniature_schnauzer/02871.jpg,miniature_schnauzer,77,train
dataset/train/miniature_schnauzer/00162.jpg,miniature_schnauzer,77,train
dataset/train/miniature_schnauzer/01936.jpg,miniature_schnauzer,77,train
dataset/train/miniature_schnauzer/01419.jpg,miniature_schnauzer,77,train
dataset/train/miniature_schnauzer/01535.jpg,miniature_schnauzer,77,train
dataset/train/miniature_schnauzer/03429.jpg,miniature_schnauzer,77,train
dataset/train/miniature_schnauzer/02589.jpg,miniature_schnauzer,77,train
dataset/train/miniature_schnauzer/01532.jpg,miniature_schnauzer,77,train
dataset/train/miniature_schnauzer/01917.jpg,miniature_schnauzer,77,train
dataset/train/miniature_schnauzer/01825.jpg,miniature_schnauzer,77,train
dataset/train/miniature_schnauzer/01523.jpg,miniature_schnauzer,77,train
dataset/train/miniature_schnauzer/02937.jpg,miniature_schnauzer,77,train
dataset/train/miniature_schnauzer/00037.jpg,miniature_schnauzer,77,train
dataset/train/miniature_schnauzer/01443.jpg,miniature_schnauzer,77,train
dataset/train/miniature_schnauzer/00014.jpg,miniature_schnauzer,77,train
dataset/train/miniature_schnauzer/01553.jpg,miniature_schnauzer,77,train
dataset/train/miniature_schnauzer/00263.jpg,miniature_schnauzer,77,train
dataset/train/miniature_schnauzer/02634.jpg,miniature_schnauzer,77,train
dataset/train/miniature_schnauzer/02701.jpg,miniature_schnauzer,77,train
dataset/train/miniature_schnauzer/02190.jpg,miniature_schnauzer,77,train
dataset/train/miniature_schnauzer/03074.jpg,miniature_schnauzer,77,train
dataset/train/miniature_schnauzer/02865.jpg,miniature_schnauzer,77,train
dataset/train/miniature_schnauzer/02146.jpg,miniature_schnauzer,77,train
dataset/train/miniature_schnauzer/01705.jpg,miniature_schnauzer,77,train
dataset/train/miniature_schnauzer/02565.jpg,miniature_schnauzer,77,train
dataset/train/miniature_schnauzer/01527.jpg,miniature_schnauzer,77,train
dataset/train/miniature_schnauzer/02126.jpg,miniature_schnauzer,77,train
dataset/train/miniature_schnauzer/00035.jpg,miniature_schnauzer,77,train
dataset/train/miniature_schnauzer/03103.jpg,miniature_schnauzer,77,train
dataset/train/miniature_schnauzer/03035.jpg,miniature_schnauzer,77,train
dataset/train/miniature_schnauzer/02289.jpg,miniature_schnauzer,77,train
dataset/train/miniature_schnauzer/01482.jpg,miniature_schnauzer,77,train
dataset/train/miniature_schnauzer/02417.jpg,miniature_schnauzer,77,train
dataset/train/miniature_schnauzer/02463.jpg,miniature_schnauzer,77,train
dataset/train/miniature_schnauzer/01956.jpg,miniature_schnauzer,77,train
dataset/train/miniature_schnauzer/00328.jpg,miniature_schnauzer,77,train
dataset/train/miniature_schnauzer/01495.jpg,miniature_schnauzer,77,train
dataset/train/miniature_schnauzer/02487.jpg,miniature_schnauzer,77,train
dataset/train/miniature_schnauzer/02551.jpg,miniature_schnauzer,77,train
dataset/train/miniature_schnauzer/03458.jpg,miniature_schnauzer,77,train
dataset/train/miniature_schnauzer/02605.jpg,miniature_schnauzer,77,train
dataset/train/miniature_schnauzer/02663.jpg,miniature_schnauzer,77,train
dataset/train/miniature_schnauzer/01392.jpg,miniature_schnauzer,77,train
dataset/train/miniature_schnauzer/02604.jpg,miniature_schnauzer,77,train
dataset/train/miniature_schnauzer/01556.jpg,miniature_schnauzer,77,train
dataset/train/miniature_schnauzer/01487.jpg,miniature_schnauzer,77,train
dataset/train/miniature_schnauzer/01791.jpg,miniature_schnauzer,77,train
dataset/train/miniature_schnauzer/01394.jpg,miniature_schnauzer,77,train
dataset/train/miniature_schnauzer/02002.jpg,miniature_schnauzer,77,train
dataset/train/miniature_schnauzer/02233.jpg,miniature_schnauzer,77,train
dataset/train/miniature_schnauzer/02235.jpg,miniature_schnauzer,77,train
dataset/train/miniature_schnauzer/01115.jpg,miniature_schnauzer,77,train
dataset/train/miniature_schnauzer/01327.jpg,miniature_schnauzer,77,train
dataset/train/miniature_schnauzer/01545.jpg,miniature_schnauzer,77,train
dataset/train/miniature_schnauzer/00232.jpg,miniature_schnauzer,77,train
dataset/train/miniature_schnauzer/02511.jpg,miniature_schnauzer,77,train
dataset/train/miniature_schnauzer/02917.jpg,miniature_schnauzer,77,train
dataset/train/miniature_schnauzer/00151.jpg,miniature_schnauzer,77,train
dataset/train/miniature_schnauzer/01287.jpg,miniature_schnauzer,77,train
dataset/train/miniature_schnauzer/01028.jpg,miniature_schnauzer,77,val
dataset/train/miniature_schnauzer/02984.jpg,miniature_schnauzer,77,val
dataset/train/miniature_schnauzer/01418.jpg,miniature_schnauzer,77,val
dataset/train/miniature_schnauzer/01820.jpg,miniature_schnauzer,77,val
dataset/train/miniature_schnauzer/03579.jpg,miniature_schnauzer,77,val
dataset/train/miniature_schnauzer/00271.jpg,miniature_schnauzer,77,val
dataset/train/miniature_schnauzer/00124.jpg,miniature_schnauzer,77,val
dataset/train/miniature_schnauzer/02470.jpg,miniature_schnauzer,77,val
dataset/train/miniature_schnauzer/01368.jpg,miniature_schnauzer,77,val
dataset/train/miniature_schnauzer/02910.jpg,miniature_schnauzer,77,val
dataset/train/miniature_schnauzer/01412.jpg,miniature_schnauzer,77,val
dataset/train/miniature_schnauzer/02426.jpg,miniature_schnauzer,77,val
dataset/train/miniature_schnauzer/01721.jpg,miniature_schnauzer,77,val
dataset/train/miniature_schnauzer/02596.jpg,miniature_schnauzer,77,val
dataset/train/miniature_schnauzer/01539.jpg,miniature_schnauzer,77,val
dataset/train/miniature_schnauzer/03534.jpg,miniature_schnauzer,77,val
dataset/train/miniature_schnauzer/03093.jpg,miniature_schnauzer,77,val
dataset/train/miniature_schnauzer/01798.jpg,miniature_schnauzer,77,val
dataset/train/miniature_schnauzer/01921.jpg,miniature_schnauzer,77,val
dataset/train/miniature_schnauzer/02776.jpg,miniature_schnauzer,77,val
dataset/train/newfoundland/11934.jpg,newfoundland,78,train
dataset/train/newfoundland/02405.jpg,newfoundland,78,train
dataset/train/newfoundland/01179.jpg,newfoundland,78,train
dataset/train/newfoundland/02396.jpg,newfoundland,78,train
dataset/train/newfoundland/02865.jpg,newfoundland,78,train
dataset/train/newfoundland/02451.jpg,newfoundland,78,train
dataset/train/newfoundland/13845.jpg,newfoundland,78,train
dataset/train/newfoundland/02769.jpg,newfoundland,78,train
dataset/train/newfoundland/03034.jpg,newfoundland,78,train
dataset/train/newfoundland/00160.jpg,newfoundland,78,train
dataset/train/newfoundland/01008.jpg,newfoundland,78,train
dataset/train/newfoundland/01023.jpg,newfoundland,78,train
dataset/train/newfoundland/01628.jpg,newfoundland,78,train
dataset/train/newfoundland/14330.jpg,newfoundland,78,train
dataset/train/newfoundland/14689.jpg,newfoundland,78,train
dataset/train/newfoundland/01964.jpg,newfoundland,78,train
dataset/train/newfoundland/01029.jpg,newfoundland,78,train
dataset/train/newfoundland/02885.jpg,newfoundland,78,train
dataset/train/newfoundland/02866.jpg,newfoundland,78,train
dataset/train/newfoundland/02411.jpg,newfoundland,78,train
dataset/train/newfoundland/02823.jpg,newfoundland,78,train
dataset/train/newfoundland/01295.jpg,newfoundland,78,train
dataset/train/newfoundland/02552.jpg,newfoundland,78,train
dataset/train/newfoundland/03067.jpg,newfoundland,78,train
dataset/train/newfoundland/14601.jpg,newfoundland,78,train
dataset/train/newfoundland/02636.jpg,newfoundland,78,train
dataset/train/newfoundland/03456.jpg,newfoundland,78,train
dataset/train/newfoundland/12623.jpg,newfoundland,78,train
dataset/train/newfoundland/02160.jpg,newfoundland,78,train
dataset/train/newfoundland/11106.jpg,newfoundland,78,train
dataset/train/newfoundland/02066.jpg,newfoundland,78,train
dataset/train/newfoundland/03254.jpg,newfoundland,78,train
dataset/train/newfoundland/03165.jpg,newfoundland,78,train
dataset/train/newfoundland/01540.jpg,newfoundland,78,train
dataset/train/newfoundland/00182.jpg,newfoundland,78,train
dataset/train/newfoundland/00176.jpg,newfoundland,78,train
dataset/train/newfoundland/03150.jpg,newfoundland,78,train
dataset/train/newfoundland/01818.jpg,newfoundland,78,train
dataset/train/newfoundland/02540.jpg,newfoundland,78,train
dataset/train/newfoundland/02135.jpg,newfoundland,78,train
dataset/train/newfoundland/03504.jpg,newfoundland,78,train
dataset/train/newfoundland/03065.jpg,newfoundland,78,train
dataset/train/newfoundland/10237.jpg,newfoundland,78,train
dataset/train/newfoundland/02456.jpg,newfoundland,78,train
dataset/train/newfoundland/01910.jpg,newfoundland,78,train
dataset/train/newfoundland/03634.jpg,newfoundland,78,train
dataset/train/newfoundland/03153.jpg,newfoundland,78,train
dataset/train/newfoundland/11806.jpg,newfoundland,78,train
dataset/train/newfoundland/02038.jpg,newfoundland,78,train
dataset/train/newfoundland/14577.jpg,newfoundland,78,train
dataset/train/newfoundland/01288.jpg,newfoundland,78,train
dataset/train/newfoundland/13728.jpg,newfoundland,78,train
dataset/train/newfoundland/10160.jpg,newfoundland,78,train
dataset/train/newfoundland/00357.jpg,newfoundland,78,train
dataset/train/newfoundland/03560.jpg,newfoundland,78,train
dataset/train/newfoundland/01470.jpg,newfoundland,78,train
dataset/train/newfoundland/10573.jpg,newfoundland,78,train
dataset/train/newfoundland/11433.jpg,newfoundland,78,train
dataset/train/newfoundland/00289.jpg,newfoundland,78,train
dataset/train/newfoundland/13435.jpg,newfoundland,78,train
dataset/train/newfoundland/03092.jpg,newfoundland,78,train
dataset/train/newfoundland/12022.jpg,newfoundland,78,train
dataset/train/newfoundland/02807.jpg,newfoundland,78,train
dataset/train/newfoundland/01177.jpg,newfoundland,78,train
dataset/train/newfoundland/00326.jpg,newfoundland,78,train
dataset/train/newfoundland/02705.jpg,newfoundland,78,train
dataset/train/newfoundland/12042.jpg,newfoundland,78,train
dataset/train/newfoundland/03297.jpg,newfoundland,78,train
dataset/train/newfoundland/00341.jpg,newfoundland,78,train
dataset/train/newfoundland/02524.jpg,newfoundland,78,train
dataset/train/newfoundland/10769.jpg,newfoundland,78,train
dataset/train/newfoundland/01018.jpg,newfoundland,78,train
dataset/train/newfoundland/12381.jpg,newfoundland,78,train
dataset/train/newfoundland/01696.jpg,newfoundland,78,train
dataset/train/newfoundland/03653.jpg,newfoundland,78,train
dataset/train/newfoundland/03470.jpg,newfoundland,78,train
dataset/train/newfoundland/10578.jpg,newfoundland,78,train
dataset/train/newfoundland/13070.jpg,newfoundland,78,train
dataset/train/newfoundland/02255.jpg,newfoundland,78,train
dataset/train/newfoundland/14422.jpg,newfoundland,78,train
dataset/train/newfoundland/01298.jpg,newfoundland,78,val
dataset/train/newfoundland/02822.jpg,newfoundland,78,val
dataset/train/newfoundland/13670.jpg,newfoundland,78,val
dataset/train/newfoundland/02261.jpg,newfoundland,78,val
dataset/train/newfoundland/00120.jpg,newfoundland,78,val
dataset/train/newfoundland/02272.jpg,newfoundland,78,val
dataset/train/newfoundland/03056.jpg,newfoundland,78,val
dataset/train/newfoundland/11530.jpg,newfoundland,78,val
dataset/train/newfoundland/01572.jpg,newfoundland,78,val
dataset/train/newfoundland/03206.jpg,newfoundland,78,val
dataset/train/newfoundland/13537.jpg,newfoundland,78,val
dataset/train/newfoundland/03454.jpg,newfoundland,78,val
dataset/train/newfoundland/01372.jpg,newfoundland,78,val
dataset/train/newfoundland/03400.jpg,newfoundland,78,val
dataset/train/newfoundland/02731.jpg,newfoundland,78,val
dataset/train/newfoundland/01394.jpg,newfoundland,78,val
dataset/train/newfoundland/01040.jpg,newfoundland,78,val
dataset/train/newfoundland/10333.jpg,newfoundland,78,val
dataset/train/newfoundland/00110.jpg,newfoundland,78,val
dataset/train/newfoundland/01193.jpg,newfoundland,78,val
dataset/train/norfolk_terrier/02165.jpg,norfolk_terrier,79,train
dataset/train/norfolk_terrier/03172.jpg,norfolk_terrier,79,train
dataset/train/norfolk_terrier/00252.jpg,norfolk_terrier,79,train
dataset/train/norfolk_terrier/02923.jpg,norfolk_terrier,79,train
dataset/train/norfolk_terrier/02573.jpg,norfolk_terrier,79,train
dataset/train/norfolk_terrier/01464.jpg,norfolk_terrier,79,train
dataset/train/norfolk_terrier/01826.jpg,norfolk_terrier,79,train
dataset/train/norfolk_terrier/01232.jpg,norfolk_terrier,79,train
dataset/train/norfolk_terrier/01745.jpg,norfolk_terrier,79,train
dataset/train/norfolk_terrier/01852.jpg,norfolk_terrier,79,train
dataset/train/norfolk_terrier/01972.jpg,norfolk_terrier,79,train
dataset/train/norfolk_terrier/02449.jpg,norfolk_terrier,79,train
dataset/train/norfolk_terrier/01595.jpg,norfolk_terrier,79,train
dataset/train/norfolk_terrier/00113.jpg,norfolk_terrier,79,train
dataset/train/norfolk_terrier/01665.jpg,norfolk_terrier,79,train
dataset/train/norfolk_terrier/01860.jpg,norfolk_terrier,79,train
dataset/train/norfolk_terrier/03222.jpg,norfolk_terrier,79,train
dataset/train/norfolk_terrier/01847.jpg,norfolk_terrier,79,train
dataset/train/norfolk_terrier/01540.jpg,norfolk_terrier,79,train
dataset/train/norfolk_terrier/01467.jpg,norfolk_terrier,79,train
dataset/train/norfolk_terrier/00140.jpg,norfolk_terrier,79,train
dataset/train/norfolk_terrier/00315.jpg,norfolk_terrier,79,train
dataset/train/norfolk_terrier/03060.jpg,norfolk_terrier,79,train
dataset/train/norfolk_terrier/01944.jpg,norfolk_terrier,79,train
dataset/train/norfolk_terrier/01136.jpg,norfolk_terrier,79,train
dataset/train/norfolk_terrier/01610.jpg,norfolk_terrier,79,train
dataset/train/norfolk_terrier/02040.jpg,norfolk_terrier,79,train
dataset/train/norfolk_terrier/01986.jpg,norfolk_terrier,79,train
dataset/train/norfolk_terrier/01076.jpg,norfolk_terrier,79,train
dataset/train/norfolk_terrier/02428.jpg,norfolk_terrier,79,train
dataset/train/norfolk_terrier/03187.jpg,norfolk_terrier,79,train
dataset/train/norfolk_terrier/01743.jpg,norfolk_terrier,79,train
dataset/train/norfolk_terrier/00161.jpg,norfolk_terrier,79,train
dataset/train/norfolk_terrier/02537.jpg,norfolk_terrier,79,train
dataset/train/norfolk_terrier/01637.jpg,norfolk_terrier,79,train
dataset/train/norfolk_terrier/01198.jpg,norfolk_terrier,79,train
dataset/train/norfolk_terrier/01173.jpg,norfolk_terrier,79,train
dataset/train/norfolk_terrier/02394.jpg,norfolk_terrier,79,train
dataset/train/norfolk_terrier/02823.jpg,norfolk_terrier,79,train
dataset/train/norfolk_terrier/01498.jpg,norfolk_terrier,79,train
dataset/train/norfolk_terrier/01020.jpg,norfolk_terrier,79,train
dataset/train/norfolk_terrier/03036.jpg,norfolk_terrier,79,train
dataset/train/norfolk_terrier/02206.jpg,norfolk_terrier,79,train
dataset/train/norfolk_terrier/00281.jpg,norfolk_terrier,79,train
dataset/train/norfolk_terrier/01230.jpg,norfolk_terrier,79,train
dataset/train/norfolk_terrier/01519.jpg,norfolk_terrier,79,train
dataset/train/norfolk_terrier/02911.jpg,norfolk_terrier,79,train
dataset/train/norfolk_terrier/01416.jpg,norfolk_terrier,79,train
dataset/train/norfolk_terrier/01457.jpg,norfolk_terrier,79,train
dataset/train/norfolk_terrier/01459.jpg,norfolk_terrier,79,train
dataset/train/norfolk_terrier/03177.jpg,norfolk_terrier,79,train
dataset/train/norfolk_terrier/02245.jpg,norfolk_terrier,79,train
dataset/train/norfolk_terrier/01444.jpg,norfolk_terrier,79,train
dataset/train/norfolk_terrier/02785.jpg,norfolk_terrier,79,train
dataset/train/norfolk_terrier/03130.jpg,norfolk_terrier,79,train
dataset/train/norfolk_terrier/02631.jpg,norfolk_terrier,79,train
dataset/train/norfolk_terrier/01812.jpg,norfolk_terrier,79,train
dataset/train/norfolk_terrier/01353.jpg,norfolk_terrier,79,train
dataset/train/norfolk_terrier/00297.jpg,norfolk_terrier,79,train
dataset/train/norfolk_terrier/01641.jpg,norfolk_terrier,79,train
dataset/train/norfolk_terrier/01832.jpg,norfolk_terrier,79,train
dataset/train/norfolk_terrier/02125.jpg,norfolk_terrier,79,train
dataset/train/norfolk_terrier/01505.jpg,norfolk_terrier,79,train
dataset/train/norfolk_terrier/01601.jpg,norfolk_terrier,79,train
dataset/train/norfolk_terrier/01448.jpg,norfolk_terrier,79,train
dataset/train/norfolk_terrier/01696.jpg,norfolk_terrier,79,train
dataset/train/norfolk_terrier/01267.jpg,norfolk_terrier,79,train
dataset/train/norfolk_terrier/02440.jpg,norfolk_terrier,79,train
dataset/train/norfolk_terrier/01676.jpg,norfolk_terrier,79,train
dataset/train/norfolk_terrier/02008.jpg,norfolk_terrier,79,train
dataset/train/norfolk_terrier/01985.jpg,norfolk_terrier,79,train
dataset/train/norfolk_terrier/02414.jpg,norfolk_terrier,79,train
dataset/train/norfolk_terrier/02211.jpg,norfolk_terrier,79,train
dataset/train/norfolk_terrier/02955.jpg,norfolk_terrier,79,train
dataset/train/norfolk_terrier/02819.jpg,norfolk_terrier,79,train
dataset/train/norfolk_terrier/02526.jpg,norfolk_terrier,79,train
dataset/train/norfolk_terrier/02129.jpg,norfolk_terrier,79,train
dataset/train/norfolk_terrier/01734.jpg,norfolk_terrier,79,train
dataset/train/norfolk_terrier/02739.jpg,norfolk_terrier,79,train
dataset/train/norfolk_terrier/02779.jpg,norfolk_terrier,79,train
dataset/train/norfolk_terrier/01179.jpg,norfolk_terrier,79,val
dataset/train/norfolk_terrier/01984.jpg,norfolk_terrier,79,val
dataset/train/norfolk_terrier/02990.jpg,norfolk_terrier,79,val
dataset/train/norfolk_terrier/02158.jpg,norfolk_terrier,79,val
dataset/train/norfolk_terrier/01490.jpg,norfolk_terrier,79,val
dataset/train/norfolk_terrier/02169.jpg,norfolk_terrier,79,val
dataset/train/norfolk_terrier/01913.jpg,norfolk_terrier,79,val
dataset/train/norfolk_terrier/03199.jpg,norfolk_terrier,79,val
dataset/train/norfolk_terrier/02691.jpg,norfolk_terrier,79,val
dataset/train/norfolk_terrier/02625.jpg,norfolk_terrier,79,val
dataset/train/norfolk_terrier/03248.jpg,norfolk_terrier,79,val
dataset/train/norfolk_terrier/01330.jpg,norfolk_terrier,79,val
dataset/train/norfolk_terrier/02454.jpg,norfolk_terrier,79,val
dataset/train/norfolk_terrier/02084.jpg,norfolk_terrier,79,val
dataset/train/norfolk_terrier/01907.jpg,norfolk_terrier,79,val
dataset/train/norfolk_terrier/02706.jpg,norfolk_terrier,79,val
dataset/train/norfolk_terrier/01698.jpg,norfolk_terrier,79,val
dataset/train/norfolk_terrier/01497.jpg,norfolk_terrier,79,val
dataset/train/norfolk_terrier/00192.jpg,norfolk_terrier,79,val
dataset/train/norfolk_terrier/01790.jpg,norfolk_terrier,79,val
dataset/train/norwegian_elkhound/01634.jpg,norwegian_elkhound,80,train
dataset/train/norwegian_elkhound/03055.jpg,norwegian_elkhound,80,train
dataset/train/norwegian_elkhound/03071.jpg,norwegian_elkhound,80,train
dataset/train/norwegian_elkhound/03389.jpg,norwegian_elkhound,80,train
dataset/train/norwegian_elkhound/01330.jpg,norwegian_elkhound,80,train
dataset/train/norwegian_elkhound/04268.jpg,norwegian_elkhound,80,train
dataset/train/norwegian_elkhound/03747.jpg,norwegian_elkhound,80,train
dataset/train/norwegian_elkhound/01144.jpg,norwegian_elkhound,80,train
dataset/train/norwegian_elkhound/02080.jpg,norwegian_elkhound,80,train
dataset/train/norwegian_elkhound/03408.jpg,norwegian_elkhound,80,train
dataset/train/norwegian_elkhound/00332.jpg,norwegian_elkhound,80,train
dataset/train/norwegian_elkhound/03126.jpg,norwegian_elkhound,80,train
dataset/train/norwegian_elkhound/01787.jpg,norwegian_elkhound,80,train
dataset/train/norwegian_elkhound/03589.jpg,norwegian_elkhound,80,train
dataset/train/norwegian_elkhound/03380.jpg,norwegian_elkhound,80,train
dataset/train/norwegian_elkhound/01487.jpg,norwegian_elkhound,80,train
dataset/train/norwegian_elkhound/02936.jpg,norwegian_elkhound,80,train
dataset/train/norwegian_elkhound/00141.jpg,norwegian_elkhound,80,train
dataset/train/norwegian_elkhound/02849.jpg,norwegian_elkhound,80,train
dataset/train/norwegian_elkhound/03879.jpg,norwegian_elkhound,80,train
dataset/train/norwegian_elkhound/03637.jpg,norwegian_elkhound,80,train
dataset/train/norwegian_elkhound/00272.jpg,norwegian_elkhound,80,train
dataset/train/norwegian_elkhound/01631.jpg,norwegian_elkhound,80,train
dataset/train/norwegian_elkhound/02063.jpg,norwegian_elkhound,80,train
dataset/train/norwegian_elkhound/01885.jpg,norwegian_elkhound,80,train
dataset/train/norwegian_elkhound/01544.jpg,norwegian_elkhound,80,train
dataset/train/norwegian_elkhound/01213.jpg,norwegian_elkhound,80,train
dataset/train/norwegian_elkhound/00402.jpg,norwegian_elkhound,80,train
dataset/train/norwegian_elkhound/00287.jpg,norwegian_elkhound,80,train
dataset/train/norwegian_elkhound/02159.jpg,norwegian_elkhound,80,train
dataset/train/norwegian_elkhound/02127.jpg,norwegian_elkhound,80,train
dataset/train/norwegian_elkhound/00366.jpg,norwegian_elkhound,80,train
dataset/train/norwegian_elkhound/03098.jpg,norwegian_elkhound,80,train
dataset/train/norwegian_elkhound/02966.jpg,norwegian_elkhound,80,train
dataset/train/norwegian_elkhound/03131.jpg,norwegian_elkhound,80,train
dataset/train/norwegian_elkhound/03547.jpg,norwegian_elkhound,80,train
dataset/train/norwegian_elkhound/03090.jpg,norwegian_elkhound,80,train
dataset/train/norwegian_elkhound/04024.jpg,norwegian_elkhound,80,train
dataset/train/norwegian_elkhound/03503.jpg,norwegian_elkhound,80,train
dataset/train/norwegian_elkhound/04270.jpg,norwegian_elkhound,80,train
dataset/train/norwegian_elkhound/02930.jpg,norwegian_elkhound,80,train
dataset/train/norwegian_elkhound/01679.jpg,norwegian_elkhound,80,train
dataset/train/norwegian_elkhound/03403.jpg,norwegian_elkhound,80,train
dataset/train/norwegian_elkhound/02985.jpg,norwegian_elkhound,80,train
dataset/train/norwegian_elkhound/01753.jpg,norwegian_elkhound,80,train
dataset/train/norwegian_elkhound/03862.jpg,norwegian_elkhound,80,train
dataset/train/norwegian_elkhound/03942.jpg,norwegian_elkhound,80,train
dataset/train/norwegian_elkhound/02179.jpg,norwegian_elkhound,80,train
dataset/train/norwegian_elkhound/03285.jpg,norwegian_elkhound,80,train
dataset/train/norwegian_elkhound/02503.jpg,norwegian_elkhound,80,train
dataset/train/norwegian_elkhound/02122.jpg,norwegian_elkhound,80,train
dataset/train/norwegian_elkhound/00217.jpg,norwegian_elkhound,80,train
dataset/train/norwegian_elkhound/04362.jpg,norwegian_elkhound,80,train
dataset/train/norwegian_elkhound/02856.jpg,norwegian_elkhound,80,train
dataset/train/norwegian_elkhound/02723.jpg,norwegian_elkhound,80,train
dataset/train/norwegian_elkhound/02960.jpg,norwegian_elkhound,80,train
dataset/train/norwegian_elkhound/01491.jpg,norwegian_elkhound,80,train
dataset/train/norwegian_elkhound/03880.jpg,norwegian_elkhound,80,train
dataset/train/norwegian_elkhound/02663.jpg,norwegian_elkhound,80,train
dataset/train/norwegian_elkhound/00340.jpg,norwegian_elkhound,80,train
dataset/train/norwegian_elkhound/03852.jpg,norwegian_elkhound,80,train
dataset/train/norwegian_elkhound/03705.jpg,norwegian_elkhound,80,train
dataset/train/norwegian_elkhound/03546.jpg,norwegian_elkhound,80,train
dataset/train/norwegian_elkhound/02240.jpg,norwegian_elkhound,80,train
dataset/train/norwegian_elkhound/03104.jpg,norwegian_elkhound,80,train
dataset/train/norwegian_elkhound/01645.jpg,norwegian_elkhound,80,train
dataset/train/norwegian_elkhound/02929.jpg,norwegian_elkhound,80,train
dataset/train/norwegian_elkhound/03135.jpg,norwegian_elkhound,80,train
dataset/train/norwegian_elkhound/01110.jpg,norwegian_elkhound,80,train
dataset/train/norwegian_elkhound/03767.jpg,norwegian_elkhound,80,train
dataset/train/norwegian_elkhound/03849.jpg,norwegian_elkhound,80,train
dataset/train/norwegian_elkhound/03045.jpg,norwegian_elkhound,80,train
dataset/train/norwegian_elkhound/03205.jpg,norwegian_elkhound,80,train
dataset/train/norwegian_elkhound/00410.jpg,norwegian_elkhound,80,train
dataset/train/norwegian_elkhound/00218.jpg,norwegian_elkhound,80,train
dataset/train/norwegian_elkhound/01655.jpg,norwegian_elkhound,80,train
dataset/train/norwegian_elkhound/02094.jpg,norwegian_elkhound,80,train
dataset/train/norwegian_elkhound/01760.jpg,norwegian_elkhound,80,train
dataset/train/norwegian_elkhound/03160.jpg,norwegian_elkhound,80,train
dataset/train/norwegian_elkhound/03469.jpg,norwegian_elkhound,80,train
dataset/train/norwegian_elkhound/01588.jpg,norwegian_elkhound,80,val
dataset/train/norwegian_elkhound/02343.jpg,norwegian_elkhound,80,val
dataset/train/norwegian_elkhound/02950.jpg,norwegian_elkhound,80,val
dataset/train/norwegian_elkhound/01961.jpg,norwegian_elkhound,80,val
dataset/train/norwegian_elkhound/03993.jpg,norwegian_elkhound,80,val
dataset/train/norwegian_elkhound/01905.jpg,norwegian_elkhound,80,val
dataset/train/norwegian_elkhound/00235.jpg,norwegian_elkhound,80,val
dataset/train/norwegian_elkhound/03157.jpg,norwegian_elkhound,80,val
dataset/train/norwegian_elkhound/01643.jpg,norwegian_elkhound,80,val
dataset/train/norwegian_elkhound/01406.jpg,norwegian_elkhound,80,val
dataset/train/norwegian_elkhound/02366.jpg,norwegian_elkhound,80,val
dataset/train/norwegian_elkhound/02298.jpg,norwegian_elkhound,80,val
dataset/train/norwegian_elkhound/04049.jpg,norwegian_elkhound,80,val
dataset/train/norwegian_elkhound/02646.jpg,norwegian_elkhound,80,val
dataset/train/norwegian_elkhound/03474.jpg,norwegian_elkhound,80,val
dataset/train/norwegian_elkhound/03727.jpg,norwegian_elkhound,80,val
dataset/train/norwegian_elkhound/03556.jpg,norwegian_elkhound,80,val
dataset/train/norwegian_elkhound/01315.jpg,norwegian_elkhound,80,val
dataset/train/norwegian_elkhound/04110.jpg,norwegian_elkhound,80,val
dataset/train/norwegian_elkhound/04294.jpg,norwegian_elkhound,80,val
dataset/train/norwich_terrier/01594.jpg,norwich_terrier,81,train
dataset/train/norwich_terrier/01918.jpg,norwich_terrier,81,train
dataset/train/norwich_terrier/01187.jpg,norwich_terrier,81,train
dataset/train/norwich_terrier/02191.jpg,norwich_terrier,81,train
dataset/train/norwich_terrier/01003.jpg,norwich_terrier,81,train
dataset/train/norwich_terrier/02513.jpg,norwich_terrier,81,train
dataset/train/norwich_terrier/01469.jpg,norwich_terrier,81,train
dataset/train/norwich_terrier/00130.jpg,norwich_terrier,81,train
dataset/train/norwich_terrier/00166.jpg,norwich_terrier,81,train
dataset/train/norwich_terrier/01775.jpg,norwich_terrier,81,train
dataset/train/norwich_terrier/00251.jpg,norwich_terrier,81,train
dataset/train/norwich_terrier/01281.jpg,norwich_terrier,81,train
dataset/train/norwich_terrier/01510.jpg,norwich_terrier,81,train
dataset/train/norwich_terrier/02672.jpg,norwich_terrier,81,train
dataset/train/norwich_terrier/01840.jpg,norwich_terrier,81,train
dataset/train/norwich_terrier/02694.jpg,norwich_terrier,81,train
dataset/train/norwich_terrier/00103.jpg,norwich_terrier,81,train
dataset/train/norwich_terrier/00221.jpg,norwich_terrier,81,train
dataset/train/norwich_terrier/01130.jpg,norwich_terrier,81,train
dataset/train/norwich_terrier/02730.jpg,norwich_terrier,81,train
dataset/train/norwich_terrier/01691.jpg,norwich_terrier,81,train
dataset/train/norwich_terrier/01704.jpg,norwich_terrier,81,train
dataset/train/norwich_terrier/01132.jpg,norwich_terrier,81,train
dataset/train/norwich_terrier/02409.jpg,norwich_terrier,81,train
dataset/train/norwich_terrier/01065.jpg,norwich_terrier,81,train
dataset/train/norwich_terrier/01579.jpg,norwich_terrier,81,train
dataset/train/norwich_terrier/02475.jpg,norwich_terrier,81,train
dataset/train/norwich_terrier/02047.jpg,norwich_terrier,81,train
dataset/train/norwich_terrier/01996.jpg,norwich_terrier,81,train
dataset/train/norwich_terrier/00230.jpg,norwich_terrier,81,train
dataset/train/norwich_terrier/01947.jpg,norwich_terrier,81,train
dataset/train/norwich_terrier/01407.jpg,norwich_terrier,81,train
dataset/train/norwich_terrier/02463.jpg,norwich_terrier,81,train
dataset/train/norwich_terrier/01665.jpg,norwich_terrier,81,train
dataset/train/norwich_terrier/00237.jpg,norwich_terrier,81,train
dataset/train/norwich_terrier/02633.jpg,norwich_terrier,81,train
dataset/train/norwich_terrier/01678.jpg,norwich_terrier,81,train
dataset/train/norwich_terrier/00247.jpg,norwich_terrier,81,train
dataset/train/norwich_terrier/01291.jpg,norwich_terrier,81,train
dataset/train/norwich_terrier/00146.jpg,norwich_terrier,81,train
dataset/train/norwich_terrier/02277.jpg,norwich_terrier,81,train
dataset/train/norwich_terrier/02116.jpg,norwich_terrier,81,train
dataset/train/norwich_terrier/02539.jpg,norwich_terrier,81,train
dataset/train/norwich_terrier/01864.jpg,norwich_terrier,81,train
dataset/train/norwich_terrier/01404.jpg,norwich_terrier,81,train
dataset/train/norwich_terrier/02032.jpg,norwich_terrier,81,train
dataset/train/norwich_terrier/02617.jpg,norwich_terrier,81,train
dataset/train/norwich_terrier/01717.jpg,norwich_terrier,81,train
dataset/train/norwich_terrier/02668.jpg,norwich_terrier,81,train
dataset/train/norwich_terrier/01345.jpg,norwich_terrier,81,train
dataset/train/norwich_terrier/00188.jpg,norwich_terrier,81,train
dataset/train/norwich_terrier/02312.jpg,norwich_terrier,81,train
dataset/train/norwich_terrier/01614.jpg,norwich_terrier,81,train
dataset/train/norwich_terrier/01004.jpg,norwich_terrier,81,train
dataset/train/norwich_terrier/01805.jpg,norwich_terrier,81,train
dataset/train/norwich_terrier/01460.jpg,norwich_terrier,81,train
dataset/train/norwich_terrier/01036.jpg,norwich_terrier,81,train
dataset/train/norwich_terrier/00201.jpg,norwich_terrier,81,train
dataset/train/norwich_terrier/02667.jpg,norwich_terrier,81,train
dataset/train/norwich_terrier/01091.jpg,norwich_terrier,81,train
dataset/train/norwich_terrier/02559.jpg,norwich_terrier,81,train
dataset/train/norwich_terrier/00125.jpg,norwich_terrier,81,train
dataset/train/norwich_terrier/02070.jpg,norwich_terrier,81,train
dataset/train/norwich_terrier/01897.jpg,norwich_terrier,81,train
dataset/train/norwich_terrier/01664.jpg,norwich_terrier,81,train
dataset/train/norwich_terrier/00262.jpg,norwich_terrier,81,train
dataset/train/norwich_terrier/01823.jpg,norwich_terrier,81,train
dataset/train/norwich_terrier/02525.jpg,norwich_terrier,81,train
dataset/train/norwich_terrier/02359.jpg,norwich_terrier,81,train
dataset/train/norwich_terrier/01340.jpg,norwich_terrier,81,train
dataset/train/norwich_terrier/01770.jpg,norwich_terrier,81,train
dataset/train/norwich_terrier/02058.jpg,norwich_terrier,81,train
dataset/train/norwich_terrier/01825.jpg,norwich_terrier,81,train
dataset/train/norwich_terrier/02107.jpg,norwich_terrier,81,train
dataset/train/norwich_terrier/01641.jpg,norwich_terrier,81,train
dataset/train/norwich_terrier/02159.jpg,norwich_terrier,81,train
dataset/train/norwich_terrier/00219.jpg,norwich_terrier,81,train
dataset/train/norwich_terrier/01862.jpg,norwich_terrier,81,train
dataset/train/norwich_terrier/01368.jpg,norwich_terrier,81,train
dataset/train/norwich_terrier/02708.jpg,norwich_terrier,81,train
dataset/train/norwich_terrier/01220.jpg,norwich_terrier,81,val
dataset/train/norwich_terrier/01408.jpg,norwich_terrier,81,val
dataset/train/norwich_terrier/01703.jpg,norwich_terrier,81,val
dataset/train/norwich_terrier/01985.jpg,norwich_terrier,81,val
dataset/train/norwich_terrier/01778.jpg,norwich_terrier,81,val
dataset/train/norwich_terrier/01760.jpg,norwich_terrier,81,val
dataset/train/norwich_terrier/02711.jpg,norwich_terrier,81,val
dataset/train/norwich_terrier/01156.jpg,norwich_terrier,81,val
dataset/train/norwich_terrier/01219.jpg,norwich_terrier,81,val
dataset/train/norwich_terrier/00257.jpg,norwich_terrier,81,val
dataset/train/norwich_terrier/01386.jpg,norwich_terrier,81,val
dataset/train/norwich_terrier/02380.jpg,norwich_terrier,81,val
dataset/train/norwich_terrier/02506.jpg,norwich_terrier,81,val
dataset/train/norwich_terrier/00112.jpg,norwich_terrier,81,val
dataset/train/norwich_terrier/01783.jpg,norwich_terrier,81,val
dataset/train/norwich_terrier/01278.jpg,norwich_terrier,81,val
dataset/train/norwich_terrier/01192.jpg,norwich_terrier,81,val
dataset/train/norwich_terrier/02583.jpg,norwich_terrier,81,val
dataset/train/norwich_terrier/01106.jpg,norwich_terrier,81,val
dataset/train/norwich_terrier/01150.jpg,norwich_terrier,81,val
dataset/train/old_english_sheepdog/10264.jpg,old_english_sheepdog,82,train
dataset/train/old_english_sheepdog/02918.jpg,old_english_sheepdog,82,train
dataset/train/old_english_sheepdog/03499.jpg,old_english_sheepdog,82,train
dataset/train/old_english_sheepdog/11313.jpg,old_english_sheepdog,82,train
dataset/train/old_english_sheepdog/03585.jpg,old_english_sheepdog,82,train
dataset/train/old_english_sheepdog/13779.jpg,old_english_sheepdog,82,train
dataset/train/old_english_sheepdog/01740.jpg,old_english_sheepdog,82,train
dataset/train/old_english_sheepdog/10800.jpg,old_english_sheepdog,82,train
dataset/train/old_english_sheepdog/03543.jpg,old_english_sheepdog,82,train
dataset/train/old_english_sheepdog/01763.jpg,old_english_sheepdog,82,train
dataset/train/old_english_sheepdog/12614.jpg,old_english_sheepdog,82,train
dataset/train/old_english_sheepdog/03364.jpg,old_english_sheepdog,82,train
dataset/train/old_english_sheepdog/13952.jpg,old_english_sheepdog,82,train
dataset/train/old_english_sheepdog/04443.jpg,old_english_sheepdog,82,train
dataset/train/old_english_sheepdog/05057.jpg,old_english_sheepdog,82,train
dataset/train/old_english_sheepdog/02120.jpg,old_english_sheepdog,82,train
dataset/train/old_english_sheepdog/00024.jpg,old_english_sheepdog,82,train
dataset/train/old_english_sheepdog/00313.jpg,old_english_sheepdog,82,train
dataset/train/old_english_sheepdog/10051.jpg,old_english_sheepdog,82,train
dataset/train/old_english_sheepdog/02606.jpg,old_english_sheepdog,82,train
dataset/train/old_english_sheepdog/03331.jpg,old_english_sheepdog,82,train
dataset/train/old_english_sheepdog/05049.jpg,old_english_sheepdog,82,train
dataset/train/old_english_sheepdog/11651.jpg,old_english_sheepdog,82,train
dataset/train/old_english_sheepdog/05017.jpg,old_english_sheepdog,82,train
dataset/train/old_english_sheepdog/11253.jpg,old_english_sheepdog,82,train
dataset/train/old_english_sheepdog/03531.jpg,old_english_sheepdog,82,train
dataset/train/old_english_sheepdog/03800.jpg,old_english_sheepdog,82,train
dataset/train/old_english_sheepdog/04577.jpg,old_english_sheepdog,82,train
dataset/train/old_english_sheepdog/01505.jpg,old_english_sheepdog,82,train
dataset/train/old_english_sheepdog/03540.jpg,old_english_sheepdog,82,train
dataset/train/old_english_sheepdog/10397.jpg,old_english_sheepdog,82,train
dataset/train/old_english_sheepdog/04997.jpg,old_english_sheepdog,82,train
dataset/train/old_english_sheepdog/04805.jpg,old_english_sheepdog,82,train
dataset/train/old_english_sheepdog/14263.jpg,old_english_sheepdog,82,train
dataset/train/old_english_sheepdog/03317.jpg,old_english_sheepdog,82,train
dataset/train/old_english_sheepdog/01153.jpg,old_english_sheepdog,82,train
dataset/train/old_english_sheepdog/04796.jpg,old_english_sheepdog,82,train
dataset/train/old_english_sheepdog/02607.jpg,old_english_sheepdog,82,train
dataset/train/old_english_sheepdog/10100.jpg,old_english_sheepdog,82,train
dataset/train/old_english_sheepdog/10048.jpg,old_english_sheepdog,82,train
dataset/train/old_english_sheepdog/04594.jpg,old_english_sheepdog,82,train
dataset/train/old_english_sheepdog/05305.jpg,old_english_sheepdog,82,train
dataset/train/old_english_sheepdog/03602.jpg,old_english_sheepdog,82,train
dataset/train/old_english_sheepdog/01212.jpg,old_english_sheepdog,82,train
dataset/train/old_english_sheepdog/00126.jpg,old_english_sheepdog,82,train
dataset/train/old_english_sheepdog/13807.jpg,old_english_sheepdog,82,train
dataset/train/old_english_sheepdog/01019.jpg,old_english_sheepdog,82,train
dataset/train/old_english_sheepdog/10188.jpg,old_english_sheepdog,82,train
dataset/train/old_english_sheepdog/02052.jpg,old_english_sheepdog,82,train
dataset/train/old_english_sheepdog/12816.jpg,old_english_sheepdog,82,train
dataset/train/old_english_sheepdog/04677.jpg,old_english_sheepdog,82,train
dataset/train/old_english_sheepdog/00523.jpg,old_english_sheepdog,82,train
dataset/train/old_english_sheepdog/04833.jpg,old_english_sheepdog,82,train
dataset/train/old_english_sheepdog/00285.jpg,old_english_sheepdog,82,train
dataset/train/old_english_sheepdog/01295.jpg,old_english_sheepdog,82,train
dataset/train/old_english_sheepdog/01815.jpg,old_english_sheepdog,82,train
dataset/train/old_english_sheepdog/00309.jpg,old_english_sheepdog,82,train
dataset/train/old_english_sheepdog/04268.jpg,old_english_sheepdog,82,train
dataset/train/old_english_sheepdog/04733.jpg,old_english_sheepdog,82,train
dataset/train/old_english_sheepdog/00169.jpg,old_english_sheepdog,82,train
dataset/train/old_english_sheepdog/01045.jpg,old_english_sheepdog,82,train
dataset/train/old_english_sheepdog/01362.jpg,old_english_sheepdog,82,train
dataset/train/old_english_sheepdog/04150.jpg,old_english_sheepdog,82,train
dataset/train/old_english_sheepdog/01109.jpg,old_english_sheepdog,82,train
dataset/train/old_english_sheepdog/11628.jpg,old_english_sheepdog,82,train
dataset/train/old_english_sheepdog/01845.jpg,old_english_sheepdog,82,train
dataset/train/old_english_sheepdog/12610.jpg,old_english_sheepdog,82,train
dataset/train/old_english_sheepdog/02822.jpg,old_english_sheepdog,82,train
dataset/train/old_english_sheepdog/01921.jpg,old_english_sheepdog,82,train
dataset/train/old_english_sheepdog/12297.jpg,old_english_sheepdog,82,train
dataset/train/old_english_sheepdog/01589.jpg,old_english_sheepdog,82,train
dataset/train/old_english_sheepdog/11694.jpg,old_english_sheepdog,82,train
dataset/train/old_english_sheepdog/01500.jpg,old_english_sheepdog,82,train
dataset/train/old_english_sheepdog/01881.jpg,old_english_sheepdog,82,train
dataset/train/old_english_sheepdog/01411.jpg,old_english_sheepdog,82,train
dataset/train/old_english_sheepdog/12889.jpg,old_english_sheepdog,82,train
dataset/train/old_english_sheepdog/00277.jpg,old_english_sheepdog,82,train
dataset/train/old_english_sheepdog/02750.jpg,old_english_sheepdog,82,train
dataset/train/old_english_sheepdog/11847.jpg,old_english_sheepdog,82,train
dataset/train/old_english_sheepdog/01673.jpg,old_english_sheepdog,82,train
dataset/train/old_english_sheepdog/03724.jpg,old_english_sheepdog,82,val
dataset/train/old_english_sheepdog/01966.jpg,old_english_sheepdog,82,val
dataset/train/old_english_sheepdog/04660.jpg,old_english_sheepdog,82,val
dataset/train/old_english_sheepdog/04751.jpg,old_english_sheepdog,82,val
dataset/train/old_english_sheepdog/10280.jpg,old_english_sheepdog,82,val
dataset/train/old_english_sheepdog/10380.jpg,old_english_sheepdog,82,val
dataset/train/old_english_sheepdog/01855.jpg,old_english_sheepdog,82,val
dataset/train/old_english_sheepdog/01623.jpg,old_english_sheepdog,82,val
dataset/train/old_english_sheepdog/02018.jpg,old_english_sheepdog,82,val
dataset/train/old_english_sheepdog/04975.jpg,old_english_sheepdog,82,val
dataset/train/old_english_sheepdog/11387.jpg,old_english_sheepdog,82,val
dataset/train/old_english_sheepdog/02586.jpg,old_english_sheepdog,82,val
dataset/train/old_english_sheepdog/11695.jpg,old_english_sheepdog,82,val
dataset/train/old_english_sheepdog/01647.jpg,old_english_sheepdog,82,val
dataset/train/old_english_sheepdog/02138.jpg,old_english_sheepdog,82,val
dataset/train/old_english_sheepdog/01618.jpg,old_english_sheepdog,82,val
dataset/train/old_english_sheepdog/10151.jpg,old_english_sheepdog,82,val
dataset/train/old_english_sheepdog/10672.jpg,old_english_sheepdog,82,val
dataset/train/old_english_sheepdog/03723.jpg,old_english_sheepdog,82,val
dataset/train/old_english_sheepdog/02905.jpg,old_english_sheepdog,82,val
dataset/train/otterhound/00142.jpg,otterhound,83,train
dataset/train/otterhound/03521.jpg,otterhound,83,train
dataset/train/otterhound/02464.jpg,otterhound,83,train
dataset/train/otterhound/00002.jpg,otterhound,83,train
dataset/train/otterhound/02068.jpg,otterhound,83,train
dataset/train/otterhound/01302.jpg,otterhound,83,train
dataset/train/otterhound/01840.jpg,otterhound,83,train
dataset/train/otterhound/02958.jpg,otterhound,83,train
dataset/train/otterhound/02287.jpg,otterhound,83,train
dataset/train/otterhound/02725.jpg,otterhound,83,train
dataset/train/otterhound/00192.jpg,otterhound,83,train
dataset/train/otterhound/03199.jpg,otterhound,83,train
dataset/train/otterhound/01372.jpg,otterhound,83,train
dataset/train/otterhound/01058.jpg,otterhound,83,train
dataset/train/otterhound/03552.jpg,otterhound,83,train
dataset/train/otterhound/01417.jpg,otterhound,83,train
dataset/train/otterhound/01726.jpg,otterhound,83,train
dataset/train/otterhound/01621.jpg,otterhound,83,train
dataset/train/otterhound/01396.jpg,otterhound,83,train
dataset/train/otterhound/02586.jpg,otterhound,83,train
dataset/train/otterhound/03393.jpg,otterhound,83,train
dataset/train/otterhound/02603.jpg,otterhound,83,train
dataset/train/otterhound/01671.jpg,otterhound,83,train
dataset/train/otterhound/02114.jpg,otterhound,83,train
dataset/train/otterhound/01234.jpg,otterhound,83,train
dataset/train/otterhound/01408.jpg,otterhound,83,train
dataset/train/otterhound/01357.jpg,otterhound,83,train
dataset/train/otterhound/03409.jpg,otterhound,83,train
dataset/train/otterhound/00335.jpg,otterhound,83,train
dataset/train/otterhound/02183.jpg,otterhound,83,train
dataset/train/otterhound/01606.jpg,otterhound,83,train
dataset/train/otterhound/02018.jpg,otterhound,83,train
dataset/train/otterhound/01311.jpg,otterhound,83,train
dataset/train/otterhound/01147.jpg,otterhound,83,train
dataset/train/otterhound/01329.jpg,otterhound,83,train
dataset/train/otterhound/00215.jpg,otterhound,83,train
dataset/train/otterhound/02305.jpg,otterhound,83,train
dataset/train/otterhound/02594.jpg,otterhound,83,train
dataset/train/otterhound/00239.jpg,otterhound,83,train
dataset/train/otterhound/02867.jpg,otterhound,83,train
dataset/train/otterhound/01706.jpg,otterhound,83,train
dataset/train/otterhound/02948.jpg,otterhound,83,train
dataset/train/otterhound/01337.jpg,otterhound,83,train
dataset/train/otterhound/01240.jpg,otterhound,83,train
dataset/train/otterhound/01177.jpg,otterhound,83,train
dataset/train/otterhound/03475.jpg,otterhound,83,train
dataset/train/otterhound/02312.jpg,otterhound,83,train
dataset/train/otterhound/03048.jpg,otterhound,83,train
dataset/train/otterhound/01879.jpg,otterhound,83,train
dataset/train/otterhound/01151.jpg,otterhound,83,train
dataset/train/otterhound/02221.jpg,otterhound,83,train
dataset/train/otterhound/00134.jpg,otterhound,83,train
dataset/train/otterhound/01319.jpg,otterhound,83,train
dataset/train/otterhound/01808.jpg,otterhound,83,train
dataset/train/otterhound/02120.jpg,otterhound,83,train
dataset/train/otterhound/01043.jpg,otterhound,83,train
dataset/train/otterhound/01333.jpg,otterhound,83,train
dataset/train/otterhound/02067.jpg,otterhound,83,train
dataset/train/otterhound/01590.jpg,otterhound,83,train
dataset/train/otterhound/02014.jpg,otterhound,83,train
dataset/train/otterhound/02569.jpg,otterhound,83,train
dataset/train/otterhound/01367.jpg,otterhound,83,train
dataset/train/otterhound/02084.jpg,otterhound,83,train
dataset/train/otterhound/01612.jpg,otterhound,83,train
dataset/train/otterhound/02761.jpg,otterhound,83,train
dataset/train/otterhound/02112.jpg,otterhound,83,train
dataset/train/otterhound/03548.jpg,otterhound,83,train
dataset/train/otterhound/01860.jpg,otterhound,83,train
dataset/train/otterhound/01164.jpg,otterhound,83,train
dataset/train/otterhound/03661.jpg,otterhound,83,train
dataset/train/otterhound/01634.jpg,otterhound,83,train
dataset/train/otterhound/01083.jpg,otterhound,83,train
dataset/train/otterhound/00220.jpg,otterhound,83,train
dataset/train/otterhound/03479.jpg,otterhound,83,train
dataset/train/otterhound/02584.jpg,otterhound,83,train
dataset/train/otterhound/01580.jpg,otterhound,83,train
dataset/train/otterhound/03466.jpg,otterhound,83,train
dataset/train/otterhound/01766.jpg,otterhound,83,train
dataset/train/otterhound/03586.jpg,otterhound,83,train
dataset/train/otterhound/02277.jpg,otterhound,83,train
dataset/train/otterhound/03435.jpg,otterhound,83,val
dataset/train/otterhound/02482.jpg,otterhound,83,val
dataset/train/otterhound/01492.jpg,otterhound,83,val
dataset/train/otterhound/02089.jpg,otterhound,83,val
dataset/train/otterhound/01102.jpg,otterhound,83,val
dataset/train/otterhound/03072.jpg,otterhound,83,val
dataset/train/otterhound/03379.jpg,otterhound,83,val
dataset/train/otterhound/01340.jpg,otterhound,83,val
dataset/train/otterhound/01568.jpg,otterhound,83,val
dataset/train/otterhound/01266.jpg,otterhound,83,val
dataset/train/otterhound/02887.jpg,otterhound,83,val
dataset/train/otterhound/01192.jpg,otterhound,83,val
dataset/train/otterhound/01489.jpg,otterhound,83,val
dataset/train/otterhound/03118.jpg,otterhound,83,val
dataset/train/otterhound/01664.jpg,otterhound,83,val
dataset/train/otterhound/02377.jpg,otterhound,83,val
dataset/train/otterhound/02011.jpg,otterhound,83,val
dataset/train/otterhound/03503.jpg,otterhound,83,val
dataset/train/otterhound/02766.jpg,otterhound,83,val
dataset/train/otterhound/03615.jpg,otterhound,83,val
dataset/train/papillon/00021.jpg,papillon,84,train
dataset/train/papillon/00399.jpg,papillon,84,train
dataset/train/papillon/01409.jpg,papillon,84,train
dataset/train/papillon/02380.jpg,papillon,84,train
dataset/train/papillon/02188.jpg,papillon,84,train
dataset/train/papillon/04373.jpg,papillon,84,train
dataset/train/papillon/02399.jpg,papillon,84,train
dataset/train/papillon/03924.jpg,papillon,84,train
dataset/train/papillon/02909.jpg,papillon,84,train
dataset/train/papillon/01199.jpg,papillon,84,train
dataset/train/papillon/02900.jpg,papillon,84,train
dataset/train/papillon/02335.jpg,papillon,84,train
dataset/train/papillon/04883.jpg,papillon,84,train
dataset/train/papillon/04514.jpg,papillon,84,train
dataset/train/papillon/02897.jpg,papillon,84,train
dataset/train/papillon/02648.jpg,papillon,84,train
dataset/train/papillon/02035.jpg,papillon,84,train
dataset/train/papillon/04011.jpg,papillon,84,train
dataset/train/papillon/02670.jpg,papillon,84,train
dataset/train/papillon/02084.jpg,papillon,84,train
dataset/train/papillon/00485.jpg,papillon,84,train
dataset/train/papillon/03136.jpg,papillon,84,train
dataset/train/papillon/03991.jpg,papillon,84,train
dataset/train/papillon/04441.jpg,papillon,84,train
dataset/train/papillon/02875.jpg,papillon,84,train
dataset/train/papillon/03338.jpg,papillon,84,train
dataset/train/papillon/04388.jpg,papillon,84,train
dataset/train/papillon/01957.jpg,papillon,84,train
dataset/train/papillon/01052.jpg,papillon,84,train
dataset/train/papillon/04551.jpg,papillon,84,train
dataset/train/papillon/03553.jpg,papillon,84,train
dataset/train/papillon/00026.jpg,papillon,84,train
dataset/train/papillon/00334.jpg,papillon,84,train
dataset/train/papillon/03523.jpg,papillon,84,train
dataset/train/papillon/01729.jpg,papillon,84,train
dataset/train/papillon/03769.jpg,papillon,84,train
dataset/train/papillon/04210.jpg,papillon,84,train
dataset/train/papillon/04623.jpg,papillon,84,train
dataset/train/papillon/03795.jpg,papillon,84,train
dataset/train/papillon/01971.jpg,papillon,84,train
dataset/train/papillon/02454.jpg,papillon,84,train
dataset/train/papillon/02240.jpg,papillon,84,train
dataset/train/papillon/01626.jpg,papillon,84,train
dataset/train/papillon/02724.jpg,papillon,84,train
dataset/train/papillon/01048.jpg,papillon,84,train
dataset/train/papillon/10147.jpg,papillon,84,train
dataset/train/papillon/01826.jpg,papillon,84,train
dataset/train/papillon/03616.jpg,papillon,84,train
dataset/train/papillon/03140.jpg,papillon,84,train
dataset/train/papillon/04182.jpg,papillon,84,train
dataset/train/papillon/01501.jpg,papillon,84,train
dataset/train/papillon/03974.jpg,papillon,84,train
dataset/train/papillon/04505.jpg,papillon,84,train
dataset/train/papillon/02466.jpg,papillon,84,train
dataset/train/papillon/01659.jpg,papillon,84,train
dataset/train/papillon/04518.jpg,papillon,84,train
dataset/train/papillon/10204.jpg,papillon,84,train
dataset/train/papillon/01921.jpg,papillon,84,train
dataset/train/papillon/02455.jpg,papillon,84,train
dataset/train/papillon/03714.jpg,papillon,84,train
dataset/train/papillon/01933.jpg,papillon,84,train
dataset/train/papillon/04330.jpg,papillon,84,train
dataset/train/papillon/04542.jpg,papillon,84,train
dataset/train/papillon/03117.jpg,papillon,84,train
dataset/train/papillon/02999.jpg,papillon,84,train
dataset/train/papillon/02691.jpg,papillon,84,train
dataset/train/papillon/02474.jpg,papillon,84,train
dataset/train/papillon/03020.jpg,papillon,84,train
dataset/train/papillon/02698.jpg,papillon,84,train
dataset/train/papillon/01613.jpg,papillon,84,train
dataset/train/papillon/02994.jpg,papillon,84,train
dataset/train/papillon/00336.jpg,papillon,84,train
dataset/train/papillon/00103.jpg,papillon,84,train
dataset/train/papillon/04609.jpg,papillon,84,train
dataset/train/papillon/04790.jpg,papillon,84,train
dataset/train/papillon/02574.jpg,papillon,84,train
dataset/train/papillon/03633.jpg,papillon,84,train
dataset/train/papillon/02359.jpg,papillon,84,train
dataset/train/papillon/03455.jpg,papillon,84,train
dataset/train/papillon/03320.jpg,papillon,84,train
dataset/train/papillon/01775.jpg,papillon,84,val
dataset/train/papillon/03262.jpg,papillon,84,val
dataset/train/papillon/04607.jpg,papillon,84,val
dataset/train/papillon/02016.jpg,papillon,84,val
dataset/train/papillon/01475.jpg,papillon,84,val
dataset/train/papillon/01449.jpg,papillon,84,val
dataset/train/papillon/02671.jpg,papillon,84,val
dataset/train/papillon/02556.jpg,papillon,84,val
dataset/train/papillon/02168.jpg,papillon,84,val
dataset/train/papillon/03478.jpg,papillon,84,val
dataset/train/papillon/02235.jpg,papillon,84,val
dataset/train/papillon/04296.jpg,papillon,84,val
dataset/train/papillon/04488.jpg,papillon,84,val
dataset/train/papillon/04424.jpg,papillon,84,val
dataset/train/papillon/02550.jpg,papillon,84,val
dataset/train/papillon/01492.jpg,papillon,84,val
dataset/train/papillon/03671.jpg,papillon,84,val
dataset/train/papillon/02579.jpg,papillon,84,val
dataset/train/papillon/02410.jpg,papillon,84,val
dataset/train/papillon/03866.jpg,papillon,84,val
dataset/train/pekinese/14999.jpg,pekinese,85,train
dataset/train/pekinese/17205.jpg,pekinese,85,train
dataset/train/pekinese/18899.jpg,pekinese,85,train
dataset/train/pekinese/02935.jpg,pekinese,85,train
dataset/train/pekinese/11089.jpg,pekinese,85,train
dataset/train/pekinese/00422.jpg,pekinese,85,train
dataset/train/pekinese/13897.jpg,pekinese,85,train
dataset/train/pekinese/02073.jpg,pekinese,85,train
dataset/train/pekinese/16268.jpg,pekinese,85,train
dataset/train/pekinese/16313.jpg,pekinese,85,train
dataset/train/pekinese/10951.jpg,pekinese,85,train
dataset/train/pekinese/00207.jpg,pekinese,85,train
dataset/train/pekinese/14360.jpg,pekinese,85,train
dataset/train/pekinese/02358.jpg,pekinese,85,train
dataset/train/pekinese/17291.jpg,pekinese,85,train
dataset/train/pekinese/01877.jpg,pekinese,85,train
dataset/train/pekinese/04129.jpg,pekinese,85,train
dataset/train/pekinese/22136.jpg,pekinese,85,train
dataset/train/pekinese/14532.jpg,pekinese,85,train
dataset/train/pekinese/16367.jpg,pekinese,85,train
dataset/train/pekinese/00155.jpg,pekinese,85,train
dataset/train/pekinese/15375.jpg,pekinese,85,train
dataset/train/pekinese/10059.jpg,pekinese,85,train
dataset/train/pekinese/11664.jpg,pekinese,85,train
dataset/train/pekinese/03832.jpg,pekinese,85,train
dataset/train/pekinese/12125.jpg,pekinese,85,train
dataset/train/pekinese/10600.jpg,pekinese,85,train
dataset/train/pekinese/02287.jpg,pekinese,85,train
dataset/train/pekinese/17564.jpg,pekinese,85,train
dataset/train/pekinese/20360.jpg,pekinese,85,train
dataset/train/pekinese/15220.jpg,pekinese,85,train
dataset/train/pekinese/02793.jpg,pekinese,85,train
dataset/train/pekinese/17015.jpg,pekinese,85,train
dataset/train/pekinese/10615.jpg,pekinese,85,train
dataset/train/pekinese/16979.jpg,pekinese,85,train
dataset/train/pekinese/12321.jpg,pekinese,85,train
dataset/train/pekinese/15979.jpg,pekinese,85,train
dataset/train/pekinese/04350.jpg,pekinese,85,train
dataset/train/pekinese/02766.jpg,pekinese,85,train
dataset/train/pekinese/11511.jpg,pekinese,85,train
dataset/train/pekinese/10613.jpg,pekinese,85,train
dataset/train/pekinese/00347.jpg,pekinese,85,train
dataset/train/pekinese/11322.jpg,pekinese,85,train
dataset/train/pekinese/10689.jpg,pekinese,85,train
dataset/train/pekinese/21117.jpg,pekinese,85,train
dataset/train/pekinese/11679.jpg,pekinese,85,train
dataset/train/pekinese/13647.jpg,pekinese,85,train
dataset/train/pekinese/01020.jpg,pekinese,85,train
dataset/train/pekinese/04412.jpg,pekinese,85,train
dataset/train/pekinese/19690.jpg,pekinese,85,train
dataset/train/pekinese/22412.jpg,pekinese,85,train
dataset/train/pekinese/01759.jpg,pekinese,85,train
dataset/train/pekinese/03774.jpg,pekinese,85,train
dataset/train/pekinese/11420.jpg,pekinese,85,train
dataset/train/pekinese/15871.jpg,pekinese,85,train
dataset/train/pekinese/17983.jpg,pekinese,85,train
dataset/train/pekinese/00380.jpg,pekinese,85,train
dataset/train/pekinese/04355.jpg,pekinese,85,train
dataset/train/pekinese/10159.jpg,pekinese,85,train
dataset/train/pekinese/03493.jpg,pekinese,85,train
dataset/train/pekinese/14929.jpg,pekinese,85,train
dataset/train/pekinese/01451.jpg,pekinese,85,train
dataset/train/pekinese/17103.jpg,pekinese,85,train
dataset/train/pekinese/20762.jpg,pekinese,85,train
dataset/train/pekinese/03174.jpg,pekinese,85,train
dataset/train/pekinese/11684.jpg,pekinese,85,train
dataset/train/pekinese/10932.jpg,pekinese,85,train
dataset/train/pekinese/10373.jpg,pekinese,85,train
dataset/train/pekinese/16693.jpg,pekinese,85,train
dataset/train/pekinese/02893.jpg,pekinese,85,train
dataset/train/pekinese/21103.jpg,pekinese,85,train
dataset/train/pekinese/17686.jpg,pekinese,85,train
dataset/train/pekinese/14359.jpg,pekinese,85,train
dataset/train/pekinese/14307.jpg,pekinese,85,train
dataset/train/pekinese/10627.jpg,pekinese,85,train
dataset/train/pekinese/03402.jpg,pekinese,85,train
dataset/train/pekinese/17886.jpg,pekinese,85,train
dataset/train/pekinese/18764.jpg,pekinese,85,train
dataset/train/pekinese/01820.jpg,pekinese,85,train
dataset/train/pekinese/14208.jpg,pekinese,85,train
dataset/train/pekinese/14748.jpg,pekinese,85,val
dataset/train/pekinese/15842.jpg,pekinese,85,val
dataset/train/pekinese/00356.jpg,pekinese,85,val
dataset/train/pekinese/02933.jpg,pekinese,85,val
dataset/train/pekinese/10958.jpg,pekinese,85,val
dataset/train/pekinese/00146.jpg,pekinese,85,val
dataset/train/pekinese/10603.jpg,pekinese,85,val
dataset/train/pekinese/03996.jpg,pekinese,85,val
dataset/train/pekinese/10294.jpg,pekinese,85,val
dataset/train/pekinese/23100.jpg,pekinese,85,val
dataset/train/pekinese/21987.jpg,pekinese,85,val
dataset/train/pekinese/02368.jpg,pekinese,85,val
dataset/train/pekinese/10721.jpg,pekinese,85,val
dataset/train/pekinese/02209.jpg,pekinese,85,val
dataset/train/pekinese/03149.jpg,pekinese,85,val
dataset/train/pekinese/19863.jpg,pekinese,85,val
dataset/train/pekinese/13024.jpg,pekinese,85,val
dataset/train/pekinese/00186.jpg,pekinese,85,val
dataset/train/pekinese/01591.jpg,pekinese,85,val
dataset/train/pekinese/11984.jpg,pekinese,85,val
dataset/train/pembroke/02919.jpg,pembroke,86,train
dataset/train/pembroke/12785.jpg,pembroke,86,train
dataset/train/pembroke/16112.jpg,pembroke,86,train
dataset/train/pembroke/02567.jpg,pembroke,86,train
dataset/train/pembroke/14398.jpg,pembroke,86,train
dataset/train/pembroke/04082.jpg,pembroke,86,train
dataset/train/pembroke/03927.jpg,pembroke,86,train
dataset/train/pembroke/15144.jpg,pembroke,86,train
dataset/train/pembroke/02992.jpg,pembroke,86,train
dataset/train/pembroke/02482.jpg,pembroke,86,train
dataset/train/pembroke/04136.jpg,pembroke,86,train
dataset/train/pembroke/15462.jpg,pembroke,86,train
dataset/train/pembroke/03509.jpg,pembroke,86,train
dataset/train/pembroke/01659.jpg,pembroke,86,train
dataset/train/pembroke/13896.jpg,pembroke,86,train
dataset/train/pembroke/01916.jpg,pembroke,86,train
dataset/train/pembroke/13200.jpg,pembroke,86,train
dataset/train/pembroke/01360.jpg,pembroke,86,train
dataset/train/pembroke/01816.jpg,pembroke,86,train
dataset/train/pembroke/01825.jpg,pembroke,86,train
dataset/train/pembroke/04024.jpg,pembroke,86,train
dataset/train/pembroke/02970.jpg,pembroke,86,train
dataset/train/pembroke/15576.jpg,pembroke,86,train
dataset/train/pembroke/00292.jpg,pembroke,86,train
dataset/train/pembroke/01151.jpg,pembroke,86,train
dataset/train/pembroke/01307.jpg,pembroke,86,train
dataset/train/pembroke/01823.jpg,pembroke,86,train
dataset/train/pembroke/03601.jpg,pembroke,86,train
dataset/train/pembroke/03495.jpg,pembroke,86,train
dataset/train/pembroke/11091.jpg,pembroke,86,train
dataset/train/pembroke/01774.jpg,pembroke,86,train
dataset/train/pembroke/02974.jpg,pembroke,86,train
dataset/train/pembroke/02316.jpg,pembroke,86,train
dataset/train/pembroke/03337.jpg,pembroke,86,train
dataset/train/pembroke/01571.jpg,pembroke,86,train
dataset/train/pembroke/14104.jpg,pembroke,86,train
dataset/train/pembroke/03181.jpg,pembroke,86,train
dataset/train/pembroke/03022.jpg,pembroke,86,train
dataset/train/pembroke/10636.jpg,pembroke,86,train
dataset/train/pembroke/04128.jpg,pembroke,86,train
dataset/train/pembroke/03913.jpg,pembroke,86,train
dataset/train/pembroke/11103.jpg,pembroke,86,train
dataset/train/pembroke/03474.jpg,pembroke,86,train
dataset/train/pembroke/03840.jpg,pembroke,86,train
dataset/train/pembroke/01976.jpg,pembroke,86,train
dataset/train/pembroke/01354.jpg,pembroke,86,train
dataset/train/pembroke/03885.jpg,pembroke,86,train
dataset/train/pembroke/01342.jpg,pembroke,86,train
dataset/train/pembroke/01912.jpg,pembroke,86,train
dataset/train/pembroke/13297.jpg,pembroke,86,train
dataset/train/pembroke/03167.jpg,pembroke,86,train
dataset/train/pembroke/01257.jpg,pembroke,86,train
dataset/train/pembroke/02971.jpg,pembroke,86,train
dataset/train/pembroke/03324.jpg,pembroke,86,train
dataset/train/pembroke/01144.jpg,pembroke,86,train
dataset/train/pembroke/02330.jpg,pembroke,86,train
dataset/train/pembroke/02416.jpg,pembroke,86,train
dataset/train/pembroke/01198.jpg,pembroke,86,train
dataset/train/pembroke/01136.jpg,pembroke,86,train
dataset/train/pembroke/00209.jpg,pembroke,86,train
dataset/train/pembroke/15926.jpg,pembroke,86,train
dataset/train/pembroke/00265.jpg,pembroke,86,train
dataset/train/pembroke/01616.jpg,pembroke,86,train
dataset/train/pembroke/04038.jpg,pembroke,86,train
dataset/train/pembroke/12248.jpg,pembroke,86,train
dataset/train/pembroke/02256.jpg,pembroke,86,train
dataset/train/pembroke/02012.jpg,pembroke,86,train
dataset/train/pembroke/00219.jpg,pembroke,86,train
dataset/train/pembroke/01373.jpg,pembroke,86,train
dataset/train/pembroke/02054.jpg,pembroke,86,train
dataset/train/pembroke/01496.jpg,pembroke,86,train
dataset/train/pembroke/01785.jpg,pembroke,86,train
dataset/train/pembroke/00231.jpg,pembroke,86,train
dataset/train/pembroke/11397.jpg,pembroke,86,train
dataset/train/pembroke/03471.jpg,pembroke,86,train
dataset/train/pembroke/03473.jpg,pembroke,86,train
dataset/train/pembroke/04045.jpg,pembroke,86,train
dataset/train/pembroke/03687.jpg,pembroke,86,train
dataset/train/pembroke/03563.jpg,pembroke,86,train
dataset/train/pembroke/02390.jpg,pembroke,86,train
dataset/train/pembroke/01258.jpg,pembroke,86,val
dataset/train/pembroke/10829.jpg,pembroke,86,val
dataset/train/pembroke/12759.jpg,pembroke,86,val
dataset/train/pembroke/01482.jpg,pembroke,86,val
dataset/train/pembroke/04052.jpg,pembroke,86,val
dataset/train/pembroke/04080.jpg,pembroke,86,val
dataset/train/pembroke/01896.jpg,pembroke,86,val
dataset/train/pembroke/02287.jpg,pembroke,86,val
dataset/train/pembroke/03945.jpg,pembroke,86,val
dataset/train/pembroke/03998.jpg,pembroke,86,val
dataset/train/pembroke/03684.jpg,pembroke,86,val
dataset/train/pembroke/04211.jpg,pembroke,86,val
dataset/train/pembroke/12192.jpg,pembroke,86,val
dataset/train/pembroke/02842.jpg,pembroke,86,val
dataset/train/pembroke/14516.jpg,pembroke,86,val
dataset/train/pembroke/14262.jpg,pembroke,86,val
dataset/train/pembroke/15998.jpg,pembroke,86,val
dataset/train/pembroke/01380.jpg,pembroke,86,val
dataset/train/pembroke/00187.jpg,pembroke,86,val
dataset/train/pembroke/00186.jpg,pembroke,86,val
dataset/train/pomeranian/12405.jpg,pomeranian,87,train
dataset/train/pomeranian/02711.jpg,pomeranian,87,train
dataset/train/pomeranian/03302.jpg,pomeranian,87,train
dataset/train/pomeranian/01611.jpg,pomeranian,87,train
dataset/train/pomeranian/11071.jpg,pomeranian,87,train
dataset/train/pomeranian/03427.jpg,pomeranian,87,train
dataset/train/pomeranian/10174.jpg,pomeranian,87,train
dataset/train/pomeranian/10243.jpg,pomeranian,87,train
dataset/train/pomeranian/12020.jpg,pomeranian,87,train
dataset/train/pomeranian/02699.jpg,pomeranian,87,train
dataset/train/pomeranian/12519.jpg,pomeranian,87,train
dataset/train/pomeranian/02314.jpg,pomeranian,87,train
dataset/train/pomeranian/03464.jpg,pomeranian,87,train
dataset/train/pomeranian/12853.jpg,pomeranian,87,train
dataset/train/pomeranian/02991.jpg,pomeranian,87,train
dataset/train/pomeranian/12493.jpg,pomeranian,87,train
dataset/train/pomeranian/01495.jpg,pomeranian,87,train
dataset/train/pomeranian/02614.jpg,pomeranian,87,train
dataset/train/pomeranian/02277.jpg,pomeranian,87,train
dataset/train/pomeranian/14468.jpg,pomeranian,87,train
dataset/train/pomeranian/01463.jpg,pomeranian,87,train
dataset/train/pomeranian/03133.jpg,pomeranian,87,train
dataset/train/pomeranian/14394.jpg,pomeranian,87,train
dataset/train/pomeranian/01705.jpg,pomeranian,87,train
dataset/train/pomeranian/03064.jpg,pomeranian,87,train
dataset/train/pomeranian/13691.jpg,pomeranian,87,train
dataset/train/pomeranian/02590.jpg,pomeranian,87,train
dataset/train/pomeranian/13930.jpg,pomeranian,87,train
dataset/train/pomeranian/10937.jpg,pomeranian,87,train
dataset/train/pomeranian/02728.jpg,pomeranian,87,train
dataset/train/pomeranian/10158.jpg,pomeranian,87,train
dataset/train/pomeranian/02782.jpg,pomeranian,87,train
dataset/train/pomeranian/10309.jpg,pomeranian,87,train
dataset/train/pomeranian/11105.jpg,pomeranian,87,train
dataset/train/pomeranian/01462.jpg,pomeranian,87,train
dataset/train/pomeranian/12513.jpg,pomeranian,87,train
dataset/train/pomeranian/01146.jpg,pomeranian,87,train
dataset/train/pomeranian/00336.jpg,pomeranian,87,train
dataset/train/pomeranian/02271.jpg,pomeranian,87,train
dataset/train/pomeranian/11233.jpg,pomeranian,87,train
dataset/train/pomeranian/01518.jpg,pomeranian,87,train
dataset/train/pomeranian/12953.jpg,pomeranian,87,train
dataset/train/pomeranian/11557.jpg,pomeranian,87,train
dataset/train/pomeranian/02790.jpg,pomeranian,87,train
dataset/train/pomeranian/00150.jpg,pomeranian,87,train
dataset/train/pomeranian/01486.jpg,pomeranian,87,train
dataset/train/pomeranian/13600.jpg,pomeranian,87,train
dataset/train/pomeranian/01584.jpg,pomeranian,87,train
dataset/train/pomeranian/01090.jpg,pomeranian,87,train
dataset/train/pomeranian/00276.jpg,pomeranian,87,train
dataset/train/pomeranian/03033.jpg,pomeranian,87,train
dataset/train/pomeranian/02380.jpg,pomeranian,87,train
dataset/train/pomeranian/10129.jpg,pomeranian,87,train
dataset/train/pomeranian/02821.jpg,pomeranian,87,train
dataset/train/pomeranian/02691.jpg,pomeranian,87,train
dataset/train/pomeranian/01158.jpg,pomeranian,87,train
dataset/train/pomeranian/03203.jpg,pomeranian,87,train
dataset/train/pomeranian/02207.jpg,pomeranian,87,train
dataset/train/pomeranian/13636.jpg,pomeranian,87,train
dataset/train/pomeranian/01348.jpg,pomeranian,87,train
dataset/train/pomeranian/02846.jpg,pomeranian,87,train
dataset/train/pomeranian/02483.jpg,pomeranian,87,train
dataset/train/pomeranian/12750.jpg,pomeranian,87,train
dataset/train/pomeranian/03090.jpg,pomeranian,87,train
dataset/train/pomeranian/03126.jpg,pomeranian,87,train
dataset/train/pomeranian/01325.jpg,pomeranian,87,train
dataset/train/pomeranian/02255.jpg,pomeranian,87,train
dataset/train/pomeranian/00290.jpg,pomeranian,87,train
dataset/train/pomeranian/02811.jpg,pomeranian,87,train
dataset/train/pomeranian/12137.jpg,pomeranian,87,train
dataset/train/pomeranian/02336.jpg,pomeranian,87,train
dataset/train/pomeranian/11641.jpg,pomeranian,87,train
dataset/train/pomeranian/02931.jpg,pomeranian,87,train
dataset/train/pomeranian/01556.jpg,pomeranian,87,train
dataset/train/pomeranian/01621.jpg,pomeranian,87,train
dataset/train/pomeranian/14482.jpg,pomeranian,87,train
dataset/train/pomeranian/01929.jpg,pomeranian,87,train
dataset/train/pomeranian/14257.jpg,pomeranian,87,train
dataset/train/pomeranian/01339.jpg,pomeranian,87,train
dataset/train/pomeranian/02288.jpg,pomeranian,87,train
dataset/train/pomeranian/03504.jpg,pomeranian,87,val
dataset/train/pomeranian/02218.jpg,pomeranian,87,val
dataset/train/pomeranian/01561.jpg,pomeranian,87,val
dataset/train/pomeranian/13581.jpg,pomeranian,87,val
dataset/train/pomeranian/01816.jpg,pomeranian,87,val
dataset/train/pomeranian/01577.jpg,pomeranian,87,val
dataset/train/pomeranian/00161.jpg,pomeranian,87,val
dataset/train/pomeranian/12586.jpg,pomeranian,87,val
dataset/train/pomeranian/02896.jpg,pomeranian,87,val
dataset/train/pomeranian/01317.jpg,pomeranian,87,val
dataset/train/pomeranian/03097.jpg,pomeranian,87,val
dataset/train/pomeranian/02154.jpg,pomeranian,87,val
dataset/train/pomeranian/01659.jpg,pomeranian,87,val
dataset/train/pomeranian/01380.jpg,pomeranian,87,val
dataset/train/pomeranian/01954.jpg,pomeranian,87,val
dataset/train/pomeranian/02786.jpg,pomeranian,87,val
dataset/train/pomeranian/03494.jpg,pomeranian,87,val
dataset/train/pomeranian/01389.jpg,pomeranian,87,val
dataset/train/pomeranian/00249.jpg,pomeranian,87,val
dataset/train/pomeranian/01612.jpg,pomeranian,87,val
dataset/train/pug/12781.jpg,pug,88,train
dataset/train/pug/12860.jpg,pug,88,train
dataset/train/pug/13993.jpg,pug,88,train
dataset/train/pug/13469.jpg,pug,88,train
dataset/train/pug/10378.jpg,pug,88,train
dataset/train/pug/14111.jpg,pug,88,train
dataset/train/pug/13560.jpg,pug,88,train
dataset/train/pug/11632.jpg,pug,88,train
dataset/train/pug/14647.jpg,pug,88,train
dataset/train/pug/11256.jpg,pug,88,train
dataset/train/pug/13812.jpg,pug,88,train
dataset/train/pug/13597.jpg,pug,88,train
dataset/train/pug/11725.jpg,pug,88,train
dataset/train/pug/13263.jpg,pug,88,train
dataset/train/pug/12224.jpg,pug,88,train
dataset/train/pug/13023.jpg,pug,88,train
dataset/train/pug/00010.jpg,pug,88,train
dataset/train/pug/01108.jpg,pug,88,train
dataset/train/pug/12611.jpg,pug,88,train
dataset/train/pug/13042.jpg,pug,88,train
dataset/train/pug/11870.jpg,pug,88,train
dataset/train/pug/13930.jpg,pug,88,train
dataset/train/pug/14984.jpg,pug,88,train
dataset/train/pug/11825.jpg,pug,88,train
dataset/train/pug/14179.jpg,pug,88,train
dataset/train/pug/14017.jpg,pug,88,train
dataset/train/pug/12350.jpg,pug,88,train
dataset/train/pug/10842.jpg,pug,88,train
dataset/train/pug/10193.jpg,pug,88,train
dataset/train/pug/14594.jpg,pug,88,train
dataset/train/pug/12589.jpg,pug,88,train
dataset/train/pug/15129.jpg,pug,88,train
dataset/train/pug/14449.jpg,pug,88,train
dataset/train/pug/13455.jpg,pug,88,train
dataset/train/pug/14265.jpg,pug,88,train
dataset/train/pug/12819.jpg,pug,88,train
dataset/train/pug/11288.jpg,pug,88,train
dataset/train/pug/12807.jpg,pug,88,train
dataset/train/pug/11979.jpg,pug,88,train
dataset/train/pug/12808.jpg,pug,88,train
dataset/train/pug/11732.jpg,pug,88,train
dataset/train/pug/14563.jpg,pug,88,train
dataset/train/pug/11194.jpg,pug,88,train
dataset/train/pug/13439.jpg,pug,88,train
dataset/train/pug/15171.jpg,pug,88,train
dataset/train/pug/11239.jpg,pug,88,train
dataset/train/pug/15015.jpg,pug,88,train
dataset/train/pug/12934.jpg,pug,88,train
dataset/train/pug/12149.jpg,pug,88,train
dataset/train/pug/13342.jpg,pug,88,train
dataset/train/pug/12130.jpg,pug,88,train
dataset/train/pug/12260.jpg,pug,88,train
dataset/train/pug/12447.jpg,pug,88,train
dataset/train/pug/10186.jpg,pug,88,train
dataset/train/pug/11675.jpg,pug,88,train
dataset/train/pug/13224.jpg,pug,88,train
dataset/train/pug/11958.jpg,pug,88,train
dataset/train/pug/13256.jpg,pug,88,train
dataset/train/pug/14768.jpg,pug,88,train
dataset/train/pug/14683.jpg,pug,88,train
dataset/train/pug/12080.jpg,pug,88,train
dataset/train/pug/14154.jpg,pug,88,train
dataset/train/pug/14832.jpg,pug,88,train
dataset/train/pug/15120.jpg,pug,88,train
dataset/train/pug/11458.jpg,pug,88,train
dataset/train/pug/13002.jpg,pug,88,train
dataset/train/pug/14996.jpg,pug,88,train
dataset/train/pug/12432.jpg,pug,88,train
dataset/train/pug/12275.jpg,pug,88,train
dataset/train/pug/11977.jpg,pug,88,train
dataset/train/pug/12025.jpg,pug,88,train
dataset/train/pug/12120.jpg,pug,88,train
dataset/train/pug/11359.jpg,pug,88,train
dataset/train/pug/13506.jpg,pug,88,train
dataset/train/pug/14654.jpg,pug,88,train
dataset/train/pug/13364.jpg,pug,88,train
dataset/train/pug/13276.jpg,pug,88,train
dataset/train/pug/13721.jpg,pug,88,train
dataset/train/pug/14927.jpg,pug,88,train
dataset/train/pug/00152.jpg,pug,88,train
dataset/train/pug/11083.jpg,pug,88,val
dataset/train/pug/13340.jpg,pug,88,val
dataset/train/pug/11261.jpg,pug,88,val
dataset/train/pug/15014.jpg,pug,88,val
dataset/train/pug/13794.jpg,pug,88,val
dataset/train/pug/13391.jpg,pug,88,val
dataset/train/pug/11209.jpg,pug,88,val
dataset/train/pug/14311.jpg,pug,88,val
dataset/train/pug/12625.jpg,pug,88,val
dataset/train/pug/14549.jpg,pug,88,val
dataset/train/pug/14142.jpg,pug,88,val
dataset/train/pug/12761.jpg,pug,88,val
dataset/train/pug/13051.jpg,pug,88,val
dataset/train/pug/14536.jpg,pug,88,val
dataset/train/pug/12128.jpg,pug,88,val
dataset/train/pug/14711.jpg,pug,88,val
dataset/train/pug/13995.jpg,pug,88,val
dataset/train/pug/15130.jpg,pug,88,val
dataset/train/pug/11306.jpg,pug,88,val
dataset/train/pug/13581.jpg,pug,88,val
dataset/train/redbone/02149.jpg,redbone,89,train
dataset/train/redbone/02335.jpg,redbone,89,train
dataset/train/redbone/03372.jpg,redbone,89,train
dataset/train/redbone/00364.jpg,redbone,89,train
dataset/train/redbone/03445.jpg,redbone,89,train
dataset/train/redbone/04402.jpg,redbone,89,train
dataset/train/redbone/02934.jpg,redbone,89,train
dataset/train/redbone/02280.jpg,redbone,89,train
dataset/train/redbone/00433.jpg,redbone,89,train
dataset/train/redbone/03996.jpg,redbone,89,train
dataset/train/redbone/02003.jpg,redbone,89,train
dataset/train/redbone/03943.jpg,redbone,89,train
dataset/train/redbone/01630.jpg,redbone,89,train
dataset/train/redbone/03427.jpg,redbone,89,train
dataset/train/redbone/03109.jpg,redbone,89,train
dataset/train/redbone/00243.jpg,redbone,89,train
dataset/train/redbone/04423.jpg,redbone,89,train
dataset/train/redbone/04278.jpg,redbone,89,train
dataset/train/redbone/01799.jpg,redbone,89,train
dataset/train/redbone/01379.jpg,redbone,89,train
dataset/train/redbone/04632.jpg,redbone,89,train
dataset/train/redbone/01670.jpg,redbone,89,train
dataset/train/redbone/03556.jpg,redbone,89,train
dataset/train/redbone/02720.jpg,redbone,89,train
dataset/train/redbone/03865.jpg,redbone,89,train
dataset/train/redbone/00223.jpg,redbone,89,train
dataset/train/redbone/02584.jpg,redbone,89,train
dataset/train/redbone/03768.jpg,redbone,89,train
dataset/train/redbone/02114.jpg,redbone,89,train
dataset/train/redbone/02307.jpg,redbone,89,train
dataset/train/redbone/02083.jpg,redbone,89,train
dataset/train/redbone/01401.jpg,redbone,89,train
dataset/train/redbone/01821.jpg,redbone,89,train
dataset/train/redbone/02463.jpg,redbone,89,train
dataset/train/redbone/01345.jpg,redbone,89,train
dataset/train/redbone/02836.jpg,redbone,89,train
dataset/train/redbone/01346.jpg,redbone,89,train
dataset/train/redbone/03410.jpg,redbone,89,train
dataset/train/redbone/03738.jpg,redbone,89,train
dataset/train/redbone/01359.jpg,redbone,89,train
dataset/train/redbone/03711.jpg,redbone,89,train
dataset/train/redbone/01489.jpg,redbone,89,train
dataset/train/redbone/01199.jpg,redbone,89,train
dataset/train/redbone/01414.jpg,redbone,89,train
dataset/train/redbone/03734.jpg,redbone,89,train
dataset/train/redbone/04334.jpg,redbone,89,train
dataset/train/redbone/03116.jpg,redbone,89,train
dataset/train/redbone/04388.jpg,redbone,89,train
dataset/train/redbone/02420.jpg,redbone,89,train
dataset/train/redbone/04271.jpg,redbone,89,train
dataset/train/redbone/01020.jpg,redbone,89,train
dataset/train/redbone/03320.jpg,redbone,89,train
dataset/train/redbone/01360.jpg,redbone,89,train
dataset/train/redbone/04426.jpg,redbone,89,train
dataset/train/redbone/03131.jpg,redbone,89,train
dataset/train/redbone/01448.jpg,redbone,89,train
dataset/train/redbone/04609.jpg,redbone,89,train
dataset/train/redbone/03263.jpg,redbone,89,train
dataset/train/redbone/01006.jpg,redbone,89,train
dataset/train/redbone/01515.jpg,redbone,89,train
dataset/train/redbone/01754.jpg,redbone,89,train
dataset/train/redbone/04324.jpg,redbone,89,train
dataset/train/redbone/04381.jpg,redbone,89,train
dataset/train/redbone/01542.jpg,redbone,89,train
dataset/train/redbone/01102.jpg,redbone,89,train
dataset/train/redbone/03042.jpg,redbone,89,train
dataset/train/redbone/04054.jpg,redbone,89,train
dataset/train/redbone/04150.jpg,redbone,89,train
dataset/train/redbone/03721.jpg,redbone,89,train
dataset/train/redbone/01438.jpg,redbone,89,train
dataset/train/redbone/03300.jpg,redbone,89,train
dataset/train/redbone/04453.jpg,redbone,89,train
dataset/train/redbone/01476.jpg,redbone,89,train
dataset/train/redbone/03011.jpg,redbone,89,train
dataset/train/redbone/02206.jpg,redbone,89,train
dataset/train/redbone/03415.jpg,redbone,89,train
dataset/train/redbone/04643.jpg,redbone,89,train
dataset/train/redbone/04611.jpg,redbone,89,train
dataset/train/redbone/03899.jpg,redbone,89,train
dataset/train/redbone/01964.jpg,redbone,89,train
dataset/train/redbone/03844.jpg,redbone,89,val
dataset/train/redbone/01759.jpg,redbone,89,val
dataset/train/redbone/01348.jpg,redbone,89,val
dataset/train/redbone/02771.jpg,redbone,89,val
dataset/train/redbone/04138.jpg,redbone,89,val
dataset/train/redbone/02621.jpg,redbone,89,val
dataset/train/redbone/02453.jpg,redbone,89,val
dataset/train/redbone/02733.jpg,redbone,89,val
dataset/train/redbone/01736.jpg,redbone,89,val
dataset/train/redbone/02126.jpg,redbone,89,val
dataset/train/redbone/04561.jpg,redbone,89,val
dataset/train/redbone/03881.jpg,redbone,89,val
dataset/train/redbone/02410.jpg,redbone,89,val
dataset/train/redbone/01292.jpg,redbone,89,val
dataset/train/redbone/01382.jpg,redbone,89,val
dataset/train/redbone/02066.jpg,redbone,89,val
dataset/train/redbone/01698.jpg,redbone,89,val
dataset/train/redbone/04146.jpg,redbone,89,val
dataset/train/redbone/01272.jpg,redbone,89,val
dataset/train/redbone/03291.jpg,redbone,89,val
dataset/train/rhodesian_ridgeback/01706.jpg,rhodesian_ridgeback,90,train
dataset/train/rhodesian_ridgeback/00101.jpg,rhodesian_ridgeback,90,train
dataset/train/rhodesian_ridgeback/10014.jpg,rhodesian_ridgeback,90,train
dataset/train/rhodesian_ridgeback/03159.jpg,rhodesian_ridgeback,90,train
dataset/train/rhodesian_ridgeback/01161.jpg,rhodesian_ridgeback,90,train
dataset/train/rhodesian_ridgeback/06863.jpg,rhodesian_ridgeback,90,train
dataset/train/rhodesian_ridgeback/00514.jpg,rhodesian_ridgeback,90,train
dataset/train/rhodesian_ridgeback/11116.jpg,rhodesian_ridgeback,90,train
dataset/train/rhodesian_ridgeback/04410.jpg,rhodesian_ridgeback,90,train
dataset/train/rhodesian_ridgeback/02364.jpg,rhodesian_ridgeback,90,train
dataset/train/rhodesian_ridgeback/04364.jpg,rhodesian_ridgeback,90,train
dataset/train/rhodesian_ridgeback/00531.jpg,rhodesian_ridgeback,90,train
dataset/train/rhodesian_ridgeback/03619.jpg,rhodesian_ridgeback,90,train
dataset/train/rhodesian_ridgeback/10418.jpg,rhodesian_ridgeback,90,train
dataset/train/rhodesian_ridgeback/11238.jpg,rhodesian_ridgeback,90,train
dataset/train/rhodesian_ridgeback/05806.jpg,rhodesian_ridgeback,90,train
dataset/train/rhodesian_ridgeback/04602.jpg,rhodesian_ridgeback,90,train
dataset/train/rhodesian_ridgeback/16736.jpg,rhodesian_ridgeback,90,train
dataset/train/rhodesian_ridgeback/01722.jpg,rhodesian_ridgeback,90,train
dataset/train/rhodesian_ridgeback/06993.jpg,rhodesian_ridgeback,90,train
dataset/train/rhodesian_ridgeback/06382.jpg,rhodesian_ridgeback,90,train
dataset/train/rhodesian_ridgeback/11713.jpg,rhodesian_ridgeback,90,train
dataset/train/rhodesian_ridgeback/05945.jpg,rhodesian_ridgeback,90,train
dataset/train/rhodesian_ridgeback/03015.jpg,rhodesian_ridgeback,90,train
dataset/train/rhodesian_ridgeback/02972.jpg,rhodesian_ridgeback,90,train
dataset/train/rhodesian_ridgeback/00613.jpg,rhodesian_ridgeback,90,train
dataset/train/rhodesian_ridgeback/06506.jpg,rhodesian_ridgeback,90,train
dataset/train/rhodesian_ridgeback/03795.jpg,rhodesian_ridgeback,90,train
dataset/train/rhodesian_ridgeback/03314.jpg,rhodesian_ridgeback,90,train
dataset/train/rhodesian_ridgeback/01274.jpg,rhodesian_ridgeback,90,train
dataset/train/rhodesian_ridgeback/03458.jpg,rhodesian_ridgeback,90,train
dataset/train/rhodesian_ridgeback/02427.jpg,rhodesian_ridgeback,90,train
dataset/train/rhodesian_ridgeback/01874.jpg,rhodesian_ridgeback,90,train
dataset/train/rhodesian_ridgeback/11442.jpg,rhodesian_ridgeback,90,train
dataset/train/rhodesian_ridgeback/11139.jpg,rhodesian_ridgeback,90,train
dataset/train/rhodesian_ridgeback/00330.jpg,rhodesian_ridgeback,90,train
dataset/train/rhodesian_ridgeback/04681.jpg,rhodesian_ridgeback,90,train
dataset/train/rhodesian_ridgeback/03311.jpg,rhodesian_ridgeback,90,train
dataset/train/rhodesian_ridgeback/02324.jpg,rhodesian_ridgeback,90,train
dataset/train/rhodesian_ridgeback/05474.jpg,rhodesian_ridgeback,90,train
dataset/train/rhodesian_ridgeback/11718.jpg,rhodesian_ridgeback,90,train
dataset/train/rhodesian_ridgeback/01963.jpg,rhodesian_ridgeback,90,train
dataset/train/rhodesian_ridgeback/10591.jpg,rhodesian_ridgeback,90,train
dataset/train/rhodesian_ridgeback/06371.jpg,rhodesian_ridgeback,90,train
dataset/train/rhodesian_ridgeback/11149.jpg,rhodesian_ridgeback,90,train
dataset/train/rhodesian_ridgeback/04443.jpg,rhodesian_ridgeback,90,train
dataset/train/rhodesian_ridgeback/03048.jpg,rhodesian_ridgeback,90,train
dataset/train/rhodesian_ridgeback/04761.jpg,rhodesian_ridgeback,90,train
dataset/train/rhodesian_ridgeback/10683.jpg,rhodesian_ridgeback,90,train
dataset/train/rhodesian_ridgeback/04603.jpg,rhodesian_ridgeback,90,train
dataset/train/rhodesian_ridgeback/07008.jpg,rhodesian_ridgeback,90,train
dataset/train/rhodesian_ridgeback/02253.jpg,rhodesian_ridgeback,90,train
dataset/train/rhodesian_ridgeback/05552.jpg,rhodesian_ridgeback,90,train
dataset/train/rhodesian_ridgeback/03663.jpg,rhodesian_ridgeback,90,train
dataset/train/rhodesian_ridgeback/01137.jpg,rhodesian_ridgeback,90,train
dataset/train/rhodesian_ridgeback/03515.jpg,rhodesian_ridgeback,90,train
dataset/train/rhodesian_ridgeback/01352.jpg,rhodesian_ridgeback,90,train
dataset/train/rhodesian_ridgeback/03275.jpg,rhodesian_ridgeback,90,train
dataset/train/rhodesian_ridgeback/04459.jpg,rhodesian_ridgeback,90,train
dataset/train/rhodesian_ridgeback/05044.jpg,rhodesian_ridgeback,90,train
dataset/train/rhodesian_ridgeback/03256.jpg,rhodesian_ridgeback,90,train
dataset/train/rhodesian_ridgeback/01336.jpg,rhodesian_ridgeback,90,train
dataset/train/rhodesian_ridgeback/01729.jpg,rhodesian_ridgeback,90,train
dataset/train/rhodesian_ridgeback/10351.jpg,rhodesian_ridgeback,90,train
dataset/train/rhodesian_ridgeback/03139.jpg,rhodesian_ridgeback,90,train
dataset/train/rhodesian_ridgeback/11174.jpg,rhodesian_ridgeback,90,train
dataset/train/rhodesian_ridgeback/03677.jpg,rhodesian_ridgeback,90,train
dataset/train/rhodesian_ridgeback/01743.jpg,rhodesian_ridgeback,90,train
dataset/train/rhodesian_ridgeback/02319.jpg,rhodesian_ridgeback,90,train
dataset/train/rhodesian_ridgeback/00138.jpg,rhodesian_ridgeback,90,train
dataset/train/rhodesian_ridgeback/11710.jpg,rhodesian_ridgeback,90,train
dataset/train/rhodesian_ridgeback/11541.jpg,rhodesian_ridgeback,90,train
dataset/train/rhodesian_ridgeback/02445.jpg,rhodesian_ridgeback,90,train
dataset/train/rhodesian_ridgeback/01925.jpg,rhodesian_ridgeback,90,train
dataset/train/rhodesian_ridgeback/02990.jpg,rhodesian_ridgeback,90,train
dataset/train/rhodesian_ridgeback/04147.jpg,rhodesian_ridgeback,90,train
dataset/train/rhodesian_ridgeback/01099.jpg,rhodesian_ridgeback,90,train
dataset/train/rhodesian_ridgeback/03673.jpg,rhodesian_ridgeback,90,train
dataset/train/rhodesian_ridgeback/06884.jpg,rhodesian_ridgeback,90,train
dataset/train/rhodesian_ridgeback/06039.jpg,rhodesian_ridgeback,90,train
dataset/train/rhodesian_ridgeback/03450.jpg,rhodesian_ridgeback,90,val
dataset/train/rhodesian_ridgeback/10238.jpg,rhodesian_ridgeback,90,val
dataset/train/rhodesian_ridgeback/10939.jpg,rhodesian_ridgeback,90,val
dataset/train/rhodesian_ridgeback/03477.jpg,rhodesian_ridgeback,90,val
dataset/train/rhodesian_ridgeback/05859.jpg,rhodesian_ridgeback,90,val
dataset/train/rhodesian_ridgeback/00036.jpg,rhodesian_ridgeback,90,val
dataset/train/rhodesian_ridgeback/06495.jpg,rhodesian_ridgeback,90,val
dataset/train/rhodesian_ridgeback/04741.jpg,rhodesian_ridgeback,90,val
dataset/train/rhodesian_ridgeback/03072.jpg,rhodesian_ridgeback,90,val
dataset/train/rhodesian_ridgeback/00310.jpg,rhodesian_ridgeback,90,val
dataset/train/rhodesian_ridgeback/04931.jpg,rhodesian_ridgeback,90,val
dataset/train/rhodesian_ridgeback/00681.jpg,rhodesian_ridgeback,90,val
dataset/train/rhodesian_ridgeback/10588.jpg,rhodesian_ridgeback,90,val
dataset/train/rhodesian_ridgeback/11337.jpg,rhodesian_ridgeback,90,val
dataset/train/rhodesian_ridgeback/00381.jpg,rhodesian_ridgeback,90,val
dataset/train/rhodesian_ridgeback/01964.jpg,rhodesian_ridgeback,90,val
dataset/train/rhodesian_ridgeback/00261.jpg,rhodesian_ridgeback,90,val
dataset/train/rhodesian_ridgeback/06050.jpg,rhodesian_ridgeback,90,val
dataset/train/rhodesian_ridgeback/05578.jpg,rhodesian_ridgeback,90,val
dataset/train/rhodesian_ridgeback/05161.jpg,rhodesian_ridgeback,90,val
dataset/train/rottweiler/03524.jpg,rottweiler,91,train
dataset/train/rottweiler/04039.jpg,rottweiler,91,train
dataset/train/rottweiler/03610.jpg,rottweiler,91,train
dataset/train/rottweiler/12424.jpg,rottweiler,91,train
dataset/train/rottweiler/11203.jpg,rottweiler,91,train
dataset/train/rottweiler/13226.jpg,rottweiler,91,train
dataset/train/rottweiler/11693.jpg,rottweiler,91,train
dataset/train/rottweiler/01033.jpg,rottweiler,91,train
dataset/train/rottweiler/04129.jpg,rottweiler,91,train
dataset/train/rottweiler/00208.jpg,rottweiler,91,train
dataset/train/rottweiler/10048.jpg,rottweiler,91,train
dataset/train/rottweiler/04191.jpg,rottweiler,91,train
dataset/train/rottweiler/04955.jpg,rottweiler,91,train
dataset/train/rottweiler/04254.jpg,rottweiler,91,train
dataset/train/rottweiler/03931.jpg,rottweiler,91,train
dataset/train/rottweiler/10481.jpg,rottweiler,91,train
dataset/train/rottweiler/11433.jpg,rottweiler,91,train
dataset/train/rottweiler/04920.jpg,rottweiler,91,train
dataset/train/rottweiler/04072.jpg,rottweiler,91,train
dataset/train/rottweiler/11728.jpg,rottweiler,91,train
dataset/train/rottweiler/02082.jpg,rottweiler,91,train
dataset/train/rottweiler/10588.jpg,rottweiler,91,train
dataset/train/rottweiler/01567.jpg,rottweiler,91,train
dataset/train/rottweiler/04239.jpg,rottweiler,91,train
dataset/train/rottweiler/03969.jpg,rottweiler,91,train
dataset/train/rottweiler/11903.jpg,rottweiler,91,train
dataset/train/rottweiler/04962.jpg,rottweiler,91,train
dataset/train/rottweiler/12073.jpg,rottweiler,91,train
dataset/train/rottweiler/10635.jpg,rottweiler,91,train
dataset/train/rottweiler/11176.jpg,rottweiler,91,train
dataset/train/rottweiler/01366.jpg,rottweiler,91,train
dataset/train/rottweiler/01889.jpg,rottweiler,91,train
dataset/train/rottweiler/11323.jpg,rottweiler,91,train
dataset/train/rottweiler/10375.jpg,rottweiler,91,train
dataset/train/rottweiler/01388.jpg,rottweiler,91,train
dataset/train/rottweiler/12948.jpg,rottweiler,91,train
dataset/train/rottweiler/02725.jpg,rottweiler,91,train
dataset/train/rottweiler/10966.jpg,rottweiler,91,train
dataset/train/rottweiler/03528.jpg,rottweiler,91,train
dataset/train/rottweiler/12642.jpg,rottweiler,91,train
dataset/train/rottweiler/10952.jpg,rottweiler,91,train
dataset/train/rottweiler/11823.jpg,rottweiler,91,train
dataset/train/rottweiler/04397.jpg,rottweiler,91,train
dataset/train/rottweiler/04910.jpg,rottweiler,91,train
dataset/train/rottweiler/12438.jpg,rottweiler,91,train
dataset/train/rottweiler/10706.jpg,rottweiler,91,train
dataset/train/rottweiler/05028.jpg,rottweiler,91,train
dataset/train/rottweiler/12160.jpg,rottweiler,91,train
dataset/train/rottweiler/10651.jpg,rottweiler,91,train
dataset/train/rottweiler/02862.jpg,rottweiler,91,train
dataset/train/rottweiler/00148.jpg,rottweiler,91,train
dataset/train/rottweiler/02052.jpg,rottweiler,91,train
dataset/train/rottweiler/13034.jpg,rottweiler,91,train
dataset/train/rottweiler/00107.jpg,rottweiler,91,train
dataset/train/rottweiler/00193.jpg,rottweiler,91,train
dataset/train/rottweiler/11097.jpg,rottweiler,91,train
dataset/train/rottweiler/10478.jpg,rottweiler,91,train
dataset/train/rottweiler/01974.jpg,rottweiler,91,train
dataset/train/rottweiler/12129.jpg,rottweiler,91,train
dataset/train/rottweiler/11444.jpg,rottweiler,91,train
dataset/train/rottweiler/12828.jpg,rottweiler,91,train
dataset/train/rottweiler/11762.jpg,rottweiler,91,train
dataset/train/rottweiler/03886.jpg,rottweiler,91,train
dataset/train/rottweiler/13213.jpg,rottweiler,91,train
dataset/train/rottweiler/04339.jpg,rottweiler,91,train
dataset/train/rottweiler/04063.jpg,rottweiler,91,train
dataset/train/rottweiler/11543.jpg,rottweiler,91,train
dataset/train/rottweiler/10552.jpg,rottweiler,91,train
dataset/train/rottweiler/11870.jpg,rottweiler,91,train
dataset/train/rottweiler/10555.jpg,rottweiler,91,train
dataset/train/rottweiler/11415.jpg,rottweiler,91,train
dataset/train/rottweiler/04217.jpg,rottweiler,91,train
dataset/train/rottweiler/04150.jpg,rottweiler,91,train
dataset/train/rottweiler/12409.jpg,rottweiler,91,train
dataset/train/rottweiler/10222.jpg,rottweiler,91,train
dataset/train/rottweiler/01591.jpg,rottweiler,91,train
dataset/train/rottweiler/01260.jpg,rottweiler,91,train
dataset/train/rottweiler/04987.jpg,rottweiler,91,train
dataset/train/rottweiler/03313.jpg,rottweiler,91,train
dataset/train/rottweiler/03237.jpg,rottweiler,91,train
dataset/train/rottweiler/10714.jpg,rottweiler,91,val
dataset/train/rottweiler/01742.jpg,rottweiler,91,val
dataset/train/rottweiler/11002.jpg,rottweiler,91,val
dataset/train/rottweiler/11354.jpg,rottweiler,91,val
dataset/train/rottweiler/12760.jpg,rottweiler,91,val
dataset/train/rottweiler/03993.jpg,rottweiler,91,val
dataset/train/rottweiler/04785.jpg,rottweiler,91,val
dataset/train/rottweiler/04079.jpg,rottweiler,91,val
dataset/train/rottweiler/02197.jpg,rottweiler,91,val
dataset/train/rottweiler/02301.jpg,rottweiler,91,val
dataset/train/rottweiler/11564.jpg,rottweiler,91,val
dataset/train/rottweiler/10709.jpg,rottweiler,91,val
dataset/train/rottweiler/02832.jpg,rottweiler,91,val
dataset/train/rottweiler/03930.jpg,rottweiler,91,val
dataset/train/rottweiler/11105.jpg,rottweiler,91,val
dataset/train/rottweiler/04138.jpg,rottweiler,91,val
dataset/train/rottweiler/11465.jpg,rottweiler,91,val
dataset/train/rottweiler/01323.jpg,rottweiler,91,val
dataset/train/rottweiler/11244.jpg,rottweiler,91,val
dataset/train/rottweiler/02323.jpg,rottweiler,91,val
dataset/train/saint_bernard/02035.jpg,saint_bernard,92,train
dataset/train/saint_bernard/10063.jpg,saint_bernard,92,train
dataset/train/saint_bernard/16284.jpg,saint_bernard,92,train
dataset/train/saint_bernard/10032.jpg,saint_bernard,92,train
dataset/train/saint_bernard/15506.jpg,saint_bernard,92,train
dataset/train/saint_bernard/16100.jpg,saint_bernard,92,train
dataset/train/saint_bernard/12604.jpg,saint_bernard,92,train
dataset/train/saint_bernard/00243.jpg,saint_bernard,92,train
dataset/train/saint_bernard/01100.jpg,saint_bernard,92,train
dataset/train/saint_bernard/02104.jpg,saint_bernard,92,train
dataset/train/saint_bernard/10805.jpg,saint_bernard,92,train
dataset/train/saint_bernard/02008.jpg,saint_bernard,92,train
dataset/train/saint_bernard/02369.jpg,saint_bernard,92,train
dataset/train/saint_bernard/13906.jpg,saint_bernard,92,train
dataset/train/saint_bernard/13356.jpg,saint_bernard,92,train
dataset/train/saint_bernard/01575.jpg,saint_bernard,92,train
dataset/train/saint_bernard/10446.jpg,saint_bernard,92,train
dataset/train/saint_bernard/12041.jpg,saint_bernard,92,train
dataset/train/saint_bernard/01880.jpg,saint_bernard,92,train
dataset/train/saint_bernard/01864.jpg,saint_bernard,92,train
dataset/train/saint_bernard/17291.jpg,saint_bernard,92,train
dataset/train/saint_bernard/12155.jpg,saint_bernard,92,train
dataset/train/saint_bernard/11444.jpg,saint_bernard,92,train
dataset/train/saint_bernard/01502.jpg,saint_bernard,92,train
dataset/train/saint_bernard/13794.jpg,saint_bernard,92,train
dataset/train/saint_bernard/15746.jpg,saint_bernard,92,train
dataset/train/saint_bernard/01902.jpg,saint_bernard,92,train
dataset/train/saint_bernard/11155.jpg,saint_bernard,92,train
dataset/train/saint_bernard/01843.jpg,saint_bernard,92,train
dataset/train/saint_bernard/10417.jpg,saint_bernard,92,train
dataset/train/saint_bernard/12272.jpg,saint_bernard,92,train
dataset/train/saint_bernard/10146.jpg,saint_bernard,92,train
dataset/train/saint_bernard/11747.jpg,saint_bernard,92,train
dataset/train/saint_bernard/11285.jpg,saint_bernard,92,train
dataset/train/saint_bernard/13655.jpg,saint_bernard,92,train
dataset/train/saint_bernard/15376.jpg,saint_bernard,92,train
dataset/train/saint_bernard/10297.jpg,saint_bernard,92,train
dataset/train/saint_bernard/13812.jpg,saint_bernard,92,train
dataset/train/saint_bernard/11465.jpg,saint_bernard,92,train
dataset/train/saint_bernard/11732.jpg,saint_bernard,92,train
dataset/train/saint_bernard/02248.jpg,saint_bernard,92,train
dataset/train/saint_bernard/13780.jpg,saint_bernard,92,train
dataset/train/saint_bernard/15579.jpg,saint_bernard,92,train
dataset/train/saint_bernard/13154.jpg,saint_bernard,92,train
dataset/train/saint_bernard/11445.jpg,saint_bernard,92,train
dataset/train/saint_bernard/10332.jpg,saint_bernard,92,train
dataset/train/saint_bernard/13580.jpg,saint_bernard,92,train
dataset/train/saint_bernard/16981.jpg,saint_bernard,92,train
dataset/train/saint_bernard/12875.jpg,saint_bernard,92,train
dataset/train/saint_bernard/14676.jpg,saint_bernard,92,train
dataset/train/saint_bernard/15029.jpg,saint_bernard,92,train
dataset/train/saint_bernard/10215.jpg,saint_bernard,92,train
dataset/train/saint_bernard/10908.jpg,saint_bernard,92,train
dataset/train/saint_bernard/02385.jpg,saint_bernard,92,train
dataset/train/saint_bernard/16346.jpg,saint_bernard,92,train
dataset/train/saint_bernard/12736.jpg,saint_bernard,92,train
dataset/train/saint_bernard/12937.jpg,saint_bernard,92,train
dataset/train/saint_bernard/11452.jpg,saint_bernard,92,train
dataset/train/saint_bernard/13420.jpg,saint_bernard,92,train
dataset/train/saint_bernard/01972.jpg,saint_bernard,92,train
dataset/train/saint_bernard/13230.jpg,saint_bernard,92,train
dataset/train/saint_bernard/12610.jpg,saint_bernard,92,train
dataset/train/saint_bernard/10792.jpg,saint_bernard,92,train
dataset/train/saint_bernard/01717.jpg,saint_bernard,92,train
dataset/train/saint_bernard/13804.jpg,saint_bernard,92,train
dataset/train/saint_bernard/11274.jpg,saint_bernard,92,train
dataset/train/saint_bernard/13988.jpg,saint_bernard,92,train
dataset/train/saint_bernard/12641.jpg,saint_bernard,92,train
dataset/train/saint_bernard/01271.jpg,saint_bernard,92,train
dataset/train/saint_bernard/13702.jpg,saint_bernard,92,train
dataset/train/saint_bernard/01624.jpg,saint_bernard,92,train
dataset/train/saint_bernard/10374.jpg,saint_bernard,92,train
dataset/train/saint_bernard/18685.jpg,saint_bernard,92,train
dataset/train/saint_bernard/16215.jpg,saint_bernard,92,train
dataset/train/saint_bernard/14774.jpg,saint_bernard,92,train
dataset/train/saint_bernard/17025.jpg,saint_bernard,92,train
dataset/train/saint_bernard/14249.jpg,saint_bernard,92,train
dataset/train/saint_bernard/13627.jpg,saint_bernard,92,train
dataset/train/saint_bernard/13410.jpg,saint_bernard,92,train
dataset/train/saint_bernard/12392.jpg,saint_bernard,92,train
dataset/train/saint_bernard/10992.jpg,saint_bernard,92,val
dataset/train/saint_bernard/16485.jpg,saint_bernard,92,val
dataset/train/saint_bernard/14297.jpg,saint_bernard,92,val
dataset/train/saint_bernard/14999.jpg,saint_bernard,92,val
dataset/train/saint_bernard/10321.jpg,saint_bernard,92,val
dataset/train/saint_bernard/13146.jpg,saint_bernard,92,val
dataset/train/saint_bernard/18136.jpg,saint_bernard,92,val
dataset/train/saint_bernard/18948.jpg,saint_bernard,92,val
dataset/train/saint_bernard/01480.jpg,saint_bernard,92,val
dataset/train/saint_bernard/16487.jpg,saint_bernard,92,val
dataset/train/saint_bernard/17140.jpg,saint_bernard,92,val
dataset/train/saint_bernard/10251.jpg,saint_bernard,92,val
dataset/train/saint_bernard/10545.jpg,saint_bernard,92,val
dataset/train/saint_bernard/10743.jpg,saint_bernard,92,val
dataset/train/saint_bernard/01741.jpg,saint_bernard,92,val
dataset/train/saint_bernard/01314.jpg,saint_bernard,92,val
dataset/train/saint_bernard/17182.jpg,saint_bernard,92,val
dataset/train/saint_bernard/10960.jpg,saint_bernard,92,val
dataset/train/saint_bernard/14198.jpg,saint_bernard,92,val
dataset/train/saint_bernard/18371.jpg,saint_bernard,92,val
dataset/train/saluki/11021.jpg,saluki,93,train
dataset/train/saluki/11553.jpg,saluki,93,train
dataset/train/saluki/13486.jpg,saluki,93,train
dataset/train/saluki/10803.jpg,saluki,93,train
dataset/train/saluki/11498.jpg,saluki,93,train
dataset/train/saluki/12653.jpg,saluki,93,train
dataset/train/saluki/03400.jpg,saluki,93,train
dataset/train/saluki/01852.jpg,saluki,93,train
dataset/train/saluki/10733.jpg,saluki,93,train
dataset/train/saluki/02288.jpg,saluki,93,train
dataset/train/saluki/03254.jpg,saluki,93,train
dataset/train/saluki/03339.jpg,saluki,93,train
dataset/train/saluki/00346.jpg,saluki,93,train
dataset/train/saluki/02606.jpg,saluki,93,train
dataset/train/saluki/03430.jpg,saluki,93,train
dataset/train/saluki/03052.jpg,saluki,93,train
dataset/train/saluki/02232.jpg,saluki,93,train
dataset/train/saluki/00213.jpg,saluki,93,train
dataset/train/saluki/03067.jpg,saluki,93,train
dataset/train/saluki/02995.jpg,saluki,93,train
dataset/train/saluki/02245.jpg,saluki,93,train
dataset/train/saluki/03061.jpg,saluki,93,train
dataset/train/saluki/10639.jpg,saluki,93,train
dataset/train/saluki/02108.jpg,saluki,93,train
dataset/train/saluki/01110.jpg,saluki,93,train
dataset/train/saluki/13566.jpg,saluki,93,train
dataset/train/saluki/03108.jpg,saluki,93,train
dataset/train/saluki/02338.jpg,saluki,93,train
dataset/train/saluki/03042.jpg,saluki,93,train
dataset/train/saluki/03594.jpg,saluki,93,train
dataset/train/saluki/01118.jpg,saluki,93,train
dataset/train/saluki/13935.jpg,saluki,93,train
dataset/train/saluki/10593.jpg,saluki,93,train
dataset/train/saluki/02638.jpg,saluki,93,train
dataset/train/saluki/13640.jpg,saluki,93,train
dataset/train/saluki/11224.jpg,saluki,93,train
dataset/train/saluki/03038.jpg,saluki,93,train
dataset/train/saluki/02911.jpg,saluki,93,train
dataset/train/saluki/01801.jpg,saluki,93,train
dataset/train/saluki/10576.jpg,saluki,93,train
dataset/train/saluki/12945.jpg,saluki,93,train
dataset/train/saluki/01182.jpg,saluki,93,train
dataset/train/saluki/02315.jpg,saluki,93,train
dataset/train/saluki/02391.jpg,saluki,93,train
dataset/train/saluki/02858.jpg,saluki,93,train
dataset/train/saluki/03242.jpg,saluki,93,train
dataset/train/saluki/02290.jpg,saluki,93,train
dataset/train/saluki/00151.jpg,saluki,93,train
dataset/train/saluki/03064.jpg,saluki,93,train
dataset/train/saluki/10823.jpg,saluki,93,train
dataset/train/saluki/02076.jpg,saluki,93,train
dataset/train/saluki/11421.jpg,saluki,93,train
dataset/train/saluki/01563.jpg,saluki,93,train
dataset/train/saluki/02838.jpg,saluki,93,train
dataset/train/saluki/11177.jpg,saluki,93,train
dataset/train/saluki/01594.jpg,saluki,93,train
dataset/train/saluki/01400.jpg,saluki,93,train
dataset/train/saluki/03310.jpg,saluki,93,train
dataset/train/saluki/12881.jpg,saluki,93,train
dataset/train/saluki/13767.jpg,saluki,93,train
dataset/train/saluki/02586.jpg,saluki,93,train
dataset/train/saluki/01623.jpg,saluki,93,train
dataset/train/saluki/02962.jpg,saluki,93,train
dataset/train/saluki/02094.jpg,saluki,93,train
dataset/train/saluki/01507.jpg,saluki,93,train
dataset/train/saluki/10978.jpg,saluki,93,train
dataset/train/saluki/01696.jpg,saluki,93,train
dataset/train/saluki/13361.jpg,saluki,93,train
dataset/train/saluki/03334.jpg,saluki,93,train
dataset/train/saluki/00351.jpg,saluki,93,train
dataset/train/saluki/10290.jpg,saluki,93,train
dataset/train/saluki/13536.jpg,saluki,93,train
dataset/train/saluki/13507.jpg,saluki,93,train
dataset/train/saluki/10822.jpg,saluki,93,train
dataset/train/saluki/01439.jpg,saluki,93,train
dataset/train/saluki/01495.jpg,saluki,93,train
dataset/train/saluki/03222.jpg,saluki,93,train
dataset/train/saluki/03152.jpg,saluki,93,train
dataset/train/saluki/00355.jpg,saluki,93,train
dataset/train/saluki/13354.jpg,saluki,93,train
dataset/train/saluki/10215.jpg,saluki,93,val
dataset/train/saluki/00304.jpg,saluki,93,val
dataset/train/saluki/01036.jpg,saluki,93,val
dataset/train/saluki/03238.jpg,saluki,93,val
dataset/train/saluki/03054.jpg,saluki,93,val
dataset/train/saluki/00256.jpg,saluki,93,val
dataset/train/saluki/02344.jpg,saluki,93,val
dataset/train/saluki/02592.jpg,saluki,93,val
dataset/train/saluki/02779.jpg,saluki,93,val
dataset/train/saluki/10722.jpg,saluki,93,val
dataset/train/saluki/02880.jpg,saluki,93,val
dataset/train/saluki/01387.jpg,saluki,93,val
dataset/train/saluki/03433.jpg,saluki,93,val
dataset/train/saluki/03180.jpg,saluki,93,val
dataset/train/saluki/13774.jpg,saluki,93,val
dataset/train/saluki/02362.jpg,saluki,93,val
dataset/train/saluki/01512.jpg,saluki,93,val
dataset/train/saluki/01730.jpg,saluki,93,val
dataset/train/saluki/01565.jpg,saluki,93,val
dataset/train/saluki/03300.jpg,saluki,93,val
dataset/train/samoyed/01402.jpg,samoyed,94,train
dataset/train/samoyed/15995.jpg,samoyed,94,train
dataset/train/samoyed/13772.jpg,samoyed,94,train
dataset/train/samoyed/10206.jpg,samoyed,94,train
dataset/train/samoyed/13924.jpg,samoyed,94,train
dataset/train/samoyed/12045.jpg,samoyed,94,train
dataset/train/samoyed/01145.jpg,samoyed,94,train
dataset/train/samoyed/12073.jpg,samoyed,94,train
dataset/train/samoyed/16676.jpg,samoyed,94,train
dataset/train/samoyed/16090.jpg,samoyed,94,train
dataset/train/samoyed/16334.jpg,samoyed,94,train
dataset/train/samoyed/15299.jpg,samoyed,94,train
dataset/train/samoyed/01739.jpg,samoyed,94,train
dataset/train/samoyed/01264.jpg,samoyed,94,train
dataset/train/samoyed/01472.jpg,samoyed,94,train
dataset/train/samoyed/11502.jpg,samoyed,94,train
dataset/train/samoyed/10950.jpg,samoyed,94,train
dataset/train/samoyed/01421.jpg,samoyed,94,train
dataset/train/samoyed/02028.jpg,samoyed,94,train
dataset/train/samoyed/02544.jpg,samoyed,94,train
dataset/train/samoyed/02083.jpg,samoyed,94,train
dataset/train/samoyed/01438.jpg,samoyed,94,train
dataset/train/samoyed/01714.jpg,samoyed,94,train
dataset/train/samoyed/01951.jpg,samoyed,94,train
dataset/train/samoyed/00001.jpg,samoyed,94,train
dataset/train/samoyed/14413.jpg,samoyed,94,train
dataset/train/samoyed/01485.jpg,samoyed,94,train
dataset/train/samoyed/01937.jpg,samoyed,94,train
dataset/train/samoyed/02835.jpg,samoyed,94,train
dataset/train/samoyed/02366.jpg,samoyed,94,train
dataset/train/samoyed/02677.jpg,samoyed,94,train
dataset/train/samoyed/10987.jpg,samoyed,94,train
dataset/train/samoyed/11729.jpg,samoyed,94,train
dataset/train/samoyed/01716.jpg,samoyed,94,train
dataset/train/samoyed/12037.jpg,samoyed,94,train
dataset/train/samoyed/02361.jpg,samoyed,94,train
dataset/train/samoyed/15038.jpg,samoyed,94,train
dataset/train/samoyed/01735.jpg,samoyed,94,train
dataset/train/samoyed/10059.jpg,samoyed,94,train
dataset/train/samoyed/12771.jpg,samoyed,94,train
dataset/train/samoyed/02650.jpg,samoyed,94,train
dataset/train/samoyed/01255.jpg,samoyed,94,train
dataset/train/samoyed/01994.jpg,samoyed,94,train
dataset/train/samoyed/10084.jpg,samoyed,94,train
dataset/train/samoyed/16116.jpg,samoyed,94,train
dataset/train/samoyed/01968.jpg,samoyed,94,train
dataset/train/samoyed/01995.jpg,samoyed,94,train
dataset/train/samoyed/00195.jpg,samoyed,94,train
dataset/train/samoyed/00108.jpg,samoyed,94,train
dataset/train/samoyed/01532.jpg,samoyed,94,train
dataset/train/samoyed/02425.jpg,samoyed,94,train
dataset/train/samoyed/17211.jpg,samoyed,94,train
dataset/train/samoyed/02186.jpg,samoyed,94,train
dataset/train/samoyed/13281.jpg,samoyed,94,train
dataset/train/samoyed/12171.jpg,samoyed,94,train
dataset/train/samoyed/01363.jpg,samoyed,94,train
dataset/train/samoyed/01918.jpg,samoyed,94,train
dataset/train/samoyed/02030.jpg,samoyed,94,train
dataset/train/samoyed/17383.jpg,samoyed,94,train
dataset/train/samoyed/12529.jpg,samoyed,94,train
dataset/train/samoyed/01444.jpg,samoyed,94,train
dataset/train/samoyed/02789.jpg,samoyed,94,train
dataset/train/samoyed/02410.jpg,samoyed,94,train
dataset/train/samoyed/12811.jpg,samoyed,94,train
dataset/train/samoyed/01019.jpg,samoyed,94,train
dataset/train/samoyed/01340.jpg,samoyed,94,train
dataset/train/samoyed/02136.jpg,samoyed,94,train
dataset/train/samoyed/01762.jpg,samoyed,94,train
dataset/train/samoyed/02820.jpg,samoyed,94,train
dataset/train/samoyed/17192.jpg,samoyed,94,train
dataset/train/samoyed/02476.jpg,samoyed,94,train
dataset/train/samoyed/16414.jpg,samoyed,94,train
dataset/train/samoyed/10324.jpg,samoyed,94,train
dataset/train/samoyed/15388.jpg,samoyed,94,train
dataset/train/samoyed/17368.jpg,samoyed,94,train
dataset/train/samoyed/15020.jpg,samoyed,94,train
dataset/train/samoyed/12976.jpg,samoyed,94,train
dataset/train/samoyed/01772.jpg,samoyed,94,train
dataset/train/samoyed/15376.jpg,samoyed,94,train
dataset/train/samoyed/10734.jpg,samoyed,94,train
dataset/train/samoyed/16434.jpg,samoyed,94,val
dataset/train/samoyed/01984.jpg,samoyed,94,val
dataset/train/samoyed/01314.jpg,samoyed,94,val
dataset/train/samoyed/16283.jpg,samoyed,94,val
dataset/train/samoyed/13603.jpg,samoyed,94,val
dataset/train/samoyed/13737.jpg,samoyed,94,val
dataset/train/samoyed/17626.jpg,samoyed,94,val
dataset/train/samoyed/17532.jpg,samoyed,94,val
dataset/train/samoyed/01020.jpg,samoyed,94,val
dataset/train/samoyed/02667.jpg,samoyed,94,val
dataset/train/samoyed/01374.jpg,samoyed,94,val
dataset/train/samoyed/13657.jpg,samoyed,94,val
dataset/train/samoyed/02801.jpg,samoyed,94,val
dataset/train/samoyed/01451.jpg,samoyed,94,val
dataset/train/samoyed/17827.jpg,samoyed,94,val
dataset/train/samoyed/02029.jpg,samoyed,94,val
dataset/train/samoyed/00018.jpg,samoyed,94,val
dataset/train/samoyed/14064.jpg,samoyed,94,val
dataset/train/samoyed/16666.jpg,samoyed,94,val
dataset/train/samoyed/14746.jpg,samoyed,94,val
dataset/train/schipperke/00725.jpg,schipperke,95,train
dataset/train/schipperke/02978.jpg,schipperke,95,train
dataset/train/schipperke/02263.jpg,schipperke,95,train
dataset/train/schipperke/03826.jpg,schipperke,95,train
dataset/train/schipperke/10247.jpg,schipperke,95,train
dataset/train/schipperke/03587.jpg,schipperke,95,train
dataset/train/schipperke/07065.jpg,schipperke,95,train
dataset/train/schipperke/07377.jpg,schipperke,95,train
dataset/train/schipperke/07641.jpg,schipperke,95,train
dataset/train/schipperke/05551.jpg,schipperke,95,train
dataset/train/schipperke/03649.jpg,schipperke,95,train
dataset/train/schipperke/00663.jpg,schipperke,95,train
dataset/train/schipperke/04190.jpg,schipperke,95,train
dataset/train/schipperke/02092.jpg,schipperke,95,train
dataset/train/schipperke/01841.jpg,schipperke,95,train
dataset/train/schipperke/02940.jpg,schipperke,95,train
dataset/train/schipperke/06354.jpg,schipperke,95,train
dataset/train/schipperke/03963.jpg,schipperke,95,train
dataset/train/schipperke/02981.jpg,schipperke,95,train
dataset/train/schipperke/10393.jpg,schipperke,95,train
dataset/train/schipperke/00330.jpg,schipperke,95,train
dataset/train/schipperke/07381.jpg,schipperke,95,train
dataset/train/schipperke/01852.jpg,schipperke,95,train
dataset/train/schipperke/03950.jpg,schipperke,95,train
dataset/train/schipperke/00518.jpg,schipperke,95,train
dataset/train/schipperke/00067.jpg,schipperke,95,train
dataset/train/schipperke/07409.jpg,schipperke,95,train
dataset/train/schipperke/06647.jpg,schipperke,95,train
dataset/train/schipperke/00729.jpg,schipperke,95,train
dataset/train/schipperke/01104.jpg,schipperke,95,train
dataset/train/schipperke/06601.jpg,schipperke,95,train
dataset/train/schipperke/10514.jpg,schipperke,95,train
dataset/train/schipperke/00427.jpg,schipperke,95,train
dataset/train/schipperke/02424.jpg,schipperke,95,train
dataset/train/schipperke/06927.jpg,schipperke,95,train
dataset/train/schipperke/10634.jpg,schipperke,95,train
dataset/train/schipperke/06527.jpg,schipperke,95,train
dataset/train/schipperke/00675.jpg,schipperke,95,train
dataset/train/schipperke/06291.jpg,schipperke,95,train
dataset/train/schipperke/00169.jpg,schipperke,95,train
dataset/train/schipperke/03383.jpg,schipperke,95,train
dataset/train/schipperke/10252.jpg,schipperke,95,train
dataset/train/schipperke/07546.jpg,schipperke,95,train
dataset/train/schipperke/07629.jpg,schipperke,95,train
dataset/train/schipperke/04258.jpg,schipperke,95,train
dataset/train/schipperke/07368.jpg,schipperke,95,train
dataset/train/schipperke/07018.jpg,schipperke,95,train
dataset/train/schipperke/01822.jpg,schipperke,95,train
dataset/train/schipperke/06732.jpg,schipperke,95,train
dataset/train/schipperke/00481.jpg,schipperke,95,train
dataset/train/schipperke/04107.jpg,schipperke,95,train
dataset/train/schipperke/07366.jpg,schipperke,95,train
dataset/train/schipperke/07301.jpg,schipperke,95,train
dataset/train/schipperke/01151.jpg,schipperke,95,train
dataset/train/schipperke/06384.jpg,schipperke,95,train
dataset/train/schipperke/07518.jpg,schipperke,95,train
dataset/train/schipperke/06131.jpg,schipperke,95,train
dataset/train/schipperke/06930.jpg,schipperke,95,train
dataset/train/schipperke/10282.jpg,schipperke,95,train
dataset/train/schipperke/00465.jpg,schipperke,95,train
dataset/train/schipperke/06575.jpg,schipperke,95,train
dataset/train/schipperke/07643.jpg,schipperke,95,train
dataset/train/schipperke/02435.jpg,schipperke,95,train
dataset/train/schipperke/01158.jpg,schipperke,95,train
dataset/train/schipperke/06755.jpg,schipperke,95,train
dataset/train/schipperke/06693.jpg,schipperke,95,train
dataset/train/schipperke/10139.jpg,schipperke,95,train
dataset/train/schipperke/06529.jpg,schipperke,95,train
dataset/train/schipperke/10399.jpg,schipperke,95,train
dataset/train/schipperke/01166.jpg,schipperke,95,train
dataset/train/schipperke/06667.jpg,schipperke,95,train
dataset/train/schipperke/01325.jpg,schipperke,95,train
dataset/train/schipperke/01837.jpg,schipperke,95,train
dataset/train/schipperke/06395.jpg,schipperke,95,train
dataset/train/schipperke/10319.jpg,schipperke,95,train
dataset/train/schipperke/06625.jpg,schipperke,95,train
dataset/train/schipperke/10071.jpg,schipperke,95,train
dataset/train/schipperke/06498.jpg,schipperke,95,train
dataset/train/schipperke/06428.jpg,schipperke,95,train
dataset/train/schipperke/07431.jpg,schipperke,95,train
dataset/train/schipperke/06489.jpg,schipperke,95,val
dataset/train/schipperke/00482.jpg,schipperke,95,val
dataset/train/schipperke/07158.jpg,schipperke,95,val
dataset/train/schipperke/06140.jpg,schipperke,95,val
dataset/train/schipperke/10598.jpg,schipperke,95,val
dataset/train/schipperke/06798.jpg,schipperke,95,val
dataset/train/schipperke/05670.jpg,schipperke,95,val
dataset/train/schipperke/10606.jpg,schipperke,95,val
dataset/train/schipperke/06551.jpg,schipperke,95,val
dataset/train/schipperke/02031.jpg,schipperke,95,val
dataset/train/schipperke/05740.jpg,schipperke,95,val
dataset/train/schipperke/07501.jpg,schipperke,95,val
dataset/train/schipperke/05967.jpg,schipperke,95,val
dataset/train/schipperke/05970.jpg,schipperke,95,val
dataset/train/schipperke/06800.jpg,schipperke,95,val
dataset/train/schipperke/01292.jpg,schipperke,95,val
dataset/train/schipperke/05781.jpg,schipperke,95,val
dataset/train/schipperke/00740.jpg,schipperke,95,val
dataset/train/schipperke/06199.jpg,schipperke,95,val
dataset/train/schipperke/05411.jpg,schipperke,95,val
dataset/train/scotch_terrier/10676.jpg,scotch_terrier,96,train
dataset/train/scotch_terrier/02792.jpg,scotch_terrier,96,train
dataset/train/scotch_terrier/04882.jpg,scotch_terrier,96,train
dataset/train/scotch_terrier/02863.jpg,scotch_terrier,96,train
dataset/train/scotch_terrier/04126.jpg,scotch_terrier,96,train
dataset/train/scotch_terrier/02722.jpg,scotch_terrier,96,train
dataset/train/scotch_terrier/04628.jpg,scotch_terrier,96,train
dataset/train/scotch_terrier/03483.jpg,scotch_terrier,96,train
dataset/train/scotch_terrier/02420.jpg,scotch_terrier,96,train
dataset/train/scotch_terrier/02583.jpg,scotch_terrier,96,train
dataset/train/scotch_terrier/01007.jpg,scotch_terrier,96,train
dataset/train/scotch_terrier/03611.jpg,scotch_terrier,96,train
dataset/train/scotch_terrier/06732.jpg,scotch_terrier,96,train
dataset/train/scotch_terrier/03516.jpg,scotch_terrier,96,train
dataset/train/scotch_terrier/12063.jpg,scotch_terrier,96,train
dataset/train/scotch_terrier/02998.jpg,scotch_terrier,96,train
dataset/train/scotch_terrier/04092.jpg,scotch_terrier,96,train
dataset/train/scotch_terrier/06077.jpg,scotch_terrier,96,train
dataset/train/scotch_terrier/03521.jpg,scotch_terrier,96,train
dataset/train/scotch_terrier/03301.jpg,scotch_terrier,96,train
dataset/train/scotch_terrier/00065.jpg,scotch_terrier,96,train
dataset/train/scotch_terrier/04701.jpg,scotch_terrier,96,train
dataset/train/scotch_terrier/01941.jpg,scotch_terrier,96,train
dataset/train/scotch_terrier/02868.jpg,scotch_terrier,96,train
dataset/train/scotch_terrier/11133.jpg,scotch_terrier,96,train
dataset/train/scotch_terrier/06383.jpg,scotch_terrier,96,train
dataset/train/scotch_terrier/06462.jpg,scotch_terrier,96,train
dataset/train/scotch_terrier/14092.jpg,scotch_terrier,96,train
dataset/train/scotch_terrier/01790.jpg,scotch_terrier,96,train
dataset/train/scotch_terrier/03641.jpg,scotch_terrier,96,train
dataset/train/scotch_terrier/11346.jpg,scotch_terrier,96,train
dataset/train/scotch_terrier/03522.jpg,scotch_terrier,96,train
dataset/train/scotch_terrier/04485.jpg,scotch_terrier,96,train
dataset/train/scotch_terrier/00508.jpg,scotch_terrier,96,train
dataset/train/scotch_terrier/00378.jpg,scotch_terrier,96,train
dataset/train/scotch_terrier/01451.jpg,scotch_terrier,96,train
dataset/train/scotch_terrier/06313.jpg,scotch_terrier,96,train
dataset/train/scotch_terrier/02609.jpg,scotch_terrier,96,train
dataset/train/scotch_terrier/13186.jpg,scotch_terrier,96,train
dataset/train/scotch_terrier/00256.jpg,scotch_terrier,96,train
dataset/train/scotch_terrier/15251.jpg,scotch_terrier,96,train
dataset/train/scotch_terrier/01327.jpg,scotch_terrier,96,train
dataset/train/scotch_terrier/11702.jpg,scotch_terrier,96,train
dataset/train/scotch_terrier/02957.jpg,scotch_terrier,96,train
dataset/train/scotch_terrier/00161.jpg,scotch_terrier,96,train
dataset/train/scotch_terrier/03618.jpg,scotch_terrier,96,train
dataset/train/scotch_terrier/16738.jpg,scotch_terrier,96,train
dataset/train/scotch_terrier/03780.jpg,scotch_terrier,96,train
dataset/train/scotch_terrier/03238.jpg,scotch_terrier,96,train
dataset/train/scotch_terrier/06740.jpg,scotch_terrier,96,train
dataset/train/scotch_terrier/04565.jpg,scotch_terrier,96,train
dataset/train/scotch_terrier/00200.jpg,scotch_terrier,96,train
dataset/train/scotch_terrier/03589.jpg,scotch_terrier,96,train
dataset/train/scotch_terrier/02976.jpg,scotch_terrier,96,train
dataset/train/scotch_terrier/06863.jpg,scotch_terrier,96,train
dataset/train/scotch_terrier/15174.jpg,scotch_terrier,96,train
dataset/train/scotch_terrier/03968.jpg,scotch_terrier,96,train
dataset/train/scotch_terrier/06276.jpg,scotch_terrier,96,train
dataset/train/scotch_terrier/02492.jpg,scotch_terrier,96,train
dataset/train/scotch_terrier/02279.jpg,scotch_terrier,96,train
dataset/train/scotch_terrier/02671.jpg,scotch_terrier,96,train
dataset/train/scotch_terrier/10965.jpg,scotch_terrier,96,train
dataset/train/scotch_terrier/02135.jpg,scotch_terrier,96,train
dataset/train/scotch_terrier/04909.jpg,scotch_terrier,96,train
dataset/train/scotch_terrier/06980.jpg,scotch_terrier,96,train
dataset/train/scotch_terrier/01319.jpg,scotch_terrier,96,train
dataset/train/scotch_terrier/00132.jpg,scotch_terrier,96,train
dataset/train/scotch_terrier/04640.jpg,scotch_terrier,96,train
dataset/train/scotch_terrier/04162.jpg,scotch_terrier,96,train
dataset/train/scotch_terrier/15004.jpg,scotch_terrier,96,train
dataset/train/scotch_terrier/04872.jpg,scotch_terrier,96,train
dataset/train/scotch_terrier/06110.jpg,scotch_terrier,96,train
dataset/train/scotch_terrier/00231.jpg,scotch_terrier,96,train
dataset/train/scotch_terrier/06261.jpg,scotch_terrier,96,train
dataset/train/scotch_terrier/05074.jpg,scotch_terrier,96,train
dataset/train/scotch_terrier/06681.jpg,scotch_terrier,96,train
dataset/train/scotch_terrier/02184.jpg,scotch_terrier,96,train
dataset/train/scotch_terrier/00432.jpg,scotch_terrier,96,train
dataset/train/scotch_terrier/06084.jpg,scotch_terrier,96,train
dataset/train/scotch_terrier/06781.jpg,scotch_terrier,96,train
dataset/train/scotch_terrier/14007.jpg,scotch_terrier,96,val
dataset/train/scotch_terrier/03342.jpg,scotch_terrier,96,val
dataset/train/scotch_terrier/00195.jpg,scotch_terrier,96,val
dataset/train/scotch_terrier/13452.jpg,scotch_terrier,96,val
dataset/train/scotch_terrier/04020.jpg,scotch_terrier,96,val
dataset/train/scotch_terrier/01152.jpg,scotch_terrier,96,val
dataset/train/scotch_terrier/02132.jpg,scotch_terrier,96,val
dataset/train/scotch_terrier/01315.jpg,scotch_terrier,96,val
dataset/train/scotch_terrier/01410.jpg,scotch_terrier,96,val
dataset/train/scotch_terrier/02443.jpg,scotch_terrier,96,val
dataset/train/scotch_terrier/02227.jpg,scotch_terrier,96,val
dataset/train/scotch_terrier/02500.jpg,scotch_terrier,96,val
dataset/train/scotch_terrier/02083.jpg,scotch_terrier,96,val
dataset/train/scotch_terrier/03579.jpg,scotch_terrier,96,val
dataset/train/scotch_terrier/00039.jpg,scotch_terrier,96,val
dataset/train/scotch_terrier/00344.jpg,scotch_terrier,96,val
dataset/train/scotch_terrier/02287.jpg,scotch_terrier,96,val
dataset/train/scotch_terrier/02468.jpg,scotch_terrier,96,val
dataset/train/scotch_terrier/12001.jpg,scotch_terrier,96,val
dataset/train/scotch_terrier/06474.jpg,scotch_terrier,96,val
dataset/train/scottish_deerhound/03271.jpg,scottish_deerhound,97,train
dataset/train/scottish_deerhound/02294.jpg,scottish_deerhound,97,train
dataset/train/scottish_deerhound/01564.jpg,scottish_deerhound,97,train
dataset/train/scottish_deerhound/14771.jpg,scottish_deerhound,97,train
dataset/train/scottish_deerhound/12544.jpg,scottish_deerhound,97,train
dataset/train/scottish_deerhound/13159.jpg,scottish_deerhound,97,train
dataset/train/scottish_deerhound/15096.jpg,scottish_deerhound,97,train
dataset/train/scottish_deerhound/12595.jpg,scottish_deerhound,97,train
dataset/train/scottish_deerhound/03314.jpg,scottish_deerhound,97,train
dataset/train/scottish_deerhound/01551.jpg,scottish_deerhound,97,train
dataset/train/scottish_deerhound/01767.jpg,scottish_deerhound,97,train
dataset/train/scottish_deerhound/00109.jpg,scottish_deerhound,97,train
dataset/train/scottish_deerhound/02590.jpg,scottish_deerhound,97,train
dataset/train/scottish_deerhound/01693.jpg,scottish_deerhound,97,train
dataset/train/scottish_deerhound/11428.jpg,scottish_deerhound,97,train
dataset/train/scottish_deerhound/02217.jpg,scottish_deerhound,97,train
dataset/train/scottish_deerhound/13380.jpg,scottish_deerhound,97,train
dataset/train/scottish_deerhound/01200.jpg,scottish_deerhound,97,train
dataset/train/scottish_deerhound/02558.jpg,scottish_deerhound,97,train
dataset/train/scottish_deerhound/01646.jpg,scottish_deerhound,97,train
dataset/train/scottish_deerhound/15165.jpg,scottish_deerhound,97,train
dataset/train/scottish_deerhound/02129.jpg,scottish_deerhound,97,train
dataset/train/scottish_deerhound/12414.jpg,scottish_deerhound,97,train
dataset/train/scottish_deerhound/02257.jpg,scottish_deerhound,97,train
dataset/train/scottish_deerhound/01439.jpg,scottish_deerhound,97,train
dataset/train/scottish_deerhound/14858.jpg,scottish_deerhound,97,train
dataset/train/scottish_deerhound/02097.jpg,scottish_deerhound,97,train
dataset/train/scottish_deerhound/01153.jpg,scottish_deerhound,97,train
dataset/train/scottish_deerhound/11088.jpg,scottish_deerhound,97,train
dataset/train/scottish_deerhound/01253.jpg,scottish_deerhound,97,train
dataset/train/scottish_deerhound/01890.jpg,scottish_deerhound,97,train
dataset/train/scottish_deerhound/02311.jpg,scottish_deerhound,97,train
dataset/train/scottish_deerhound/00305.jpg,scottish_deerhound,97,train
dataset/train/scottish_deerhound/13372.jpg,scottish_deerhound,97,train
dataset/train/scottish_deerhound/11105.jpg,scottish_deerhound,97,train
dataset/train/scottish_deerhound/01592.jpg,scottish_deerhound,97,train
dataset/train/scottish_deerhound/10911.jpg,scottish_deerhound,97,train
dataset/train/scottish_deerhound/01438.jpg,scottish_deerhound,97,train
dataset/train/scottish_deerhound/00198.jpg,scottish_deerhound,97,train
dataset/train/scottish_deerhound/14825.jpg,scottish_deerhound,97,train
dataset/train/scottish_deerhound/14369.jpg,scottish_deerhound,97,train
dataset/train/scottish_deerhound/14540.jpg,scottish_deerhound,97,train
dataset/train/scottish_deerhound/14917.jpg,scottish_deerhound,97,train
dataset/train/scottish_deerhound/12977.jpg,scottish_deerhound,97,train
dataset/train/scottish_deerhound/01937.jpg,scottish_deerhound,97,train
dataset/train/scottish_deerhound/01608.jpg,scottish_deerhound,97,train
dataset/train/scottish_deerhound/02269.jpg,scottish_deerhound,97,train
dataset/train/scottish_deerhound/02448.jpg,scottish_deerhound,97,train
dataset/train/scottish_deerhound/01730.jpg,scottish_deerhound,97,train
dataset/train/scottish_deerhound/01828.jpg,scottish_deerhound,97,train
dataset/train/scottish_deerhound/10693.jpg,scottish_deerhound,97,train
dataset/train/scottish_deerhound/00296.jpg,scottish_deerhound,97,train
dataset/train/scottish_deerhound/12828.jpg,scottish_deerhound,97,train
dataset/train/scottish_deerhound/15198.jpg,scottish_deerhound,97,train
dataset/train/scottish_deerhound/01962.jpg,scottish_deerhound,97,train
dataset/train/scottish_deerhound/03343.jpg,scottish_deerhound,97,train
dataset/train/scottish_deerhound/00003.jpg,scottish_deerhound,97,train
dataset/train/scottish_deerhound/00228.jpg,scottish_deerhound,97,train
dataset/train/scottish_deerhound/15010.jpg,scottish_deerhound,97,train
dataset/train/scottish_deerhound/15342.jpg,scottish_deerhound,97,train
dataset/train/scottish_deerhound/02859.jpg,scottish_deerhound,97,train
dataset/train/scottish_deerhound/11245.jpg,scottish_deerhound,97,train
dataset/train/scottish_deerhound/15354.jpg,scottish_deerhound,97,train
dataset/train/scottish_deerhound/01451.jpg,scottish_deerhound,97,train
dataset/train/scottish_deerhound/11390.jpg,scottish_deerhound,97,train
dataset/train/scottish_deerhound/02372.jpg,scottish_deerhound,97,train
dataset/train/scottish_deerhound/01339.jpg,scottish_deerhound,97,train
dataset/train/scottish_deerhound/01601.jpg,scottish_deerhound,97,train
dataset/train/scottish_deerhound/11087.jpg,scottish_deerhound,97,train
dataset/train/scottish_deerhound/13565.jpg,scottish_deerhound,97,train
dataset/train/scottish_deerhound/01086.jpg,scottish_deerhound,97,train
dataset/train/scottish_deerhound/03301.jpg,scottish_deerhound,97,train
dataset/train/scottish_deerhound/02723.jpg,scottish_deerhound,97,train
dataset/train/scottish_deerhound/12394.jpg,scottish_deerhound,97,train
dataset/train/scottish_deerhound/02008.jpg,scottish_deerhound,97,train
dataset/train/scottish_deerhound/01242.jpg,scottish_deerhound,97,train
dataset/train/scottish_deerhound/14315.jpg,scottish_deerhound,97,train
dataset/train/scottish_deerhound/11459.jpg,scottish_deerhound,97,train
dataset/train/scottish_deerhound/15215.jpg,scottish_deerhound,97,train
dataset/train/scottish_deerhound/01727.jpg,scottish_deerhound,97,train
dataset/train/scottish_deerhound/11131.jpg,scottish_deerhound,97,val
dataset/train/scottish_deerhound/01029.jpg,scottish_deerhound,97,val
dataset/train/scottish_deerhound/01170.jpg,scottish_deerhound,97,val
dataset/train/scottish_deerhound/00293.jpg,scottish_deerhound,97,val
dataset/train/scottish_deerhound/02666.jpg,scottish_deerhound,97,val
dataset/train/scottish_deerhound/00149.jpg,scottish_deerhound,97,val
dataset/train/scottish_deerhound/14567.jpg,scottish_deerhound,97,val
dataset/train/scottish_deerhound/01130.jpg,scottish_deerhound,97,val
dataset/train/scottish_deerhound/02851.jpg,scottish_deerhound,97,val
dataset/train/scottish_deerhound/01698.jpg,scottish_deerhound,97,val
dataset/train/scottish_deerhound/15064.jpg,scottish_deerhound,97,val
dataset/train/scottish_deerhound/14102.jpg,scottish_deerhound,97,val
dataset/train/scottish_deerhound/02981.jpg,scottish_deerhound,97,val
dataset/train/scottish_deerhound/10699.jpg,scottish_deerhound,97,val
dataset/train/scottish_deerhound/02184.jpg,scottish_deerhound,97,val
dataset/train/scottish_deerhound/00120.jpg,scottish_deerhound,97,val
dataset/train/scottish_deerhound/01147.jpg,scottish_deerhound,97,val
dataset/train/scottish_deerhound/01583.jpg,scottish_deerhound,97,val
dataset/train/scottish_deerhound/15112.jpg,scottish_deerhound,97,val
dataset/train/scottish_deerhound/10060.jpg,scottish_deerhound,97,val
dataset/train/sealyham_terrier/02204.jpg,sealyham_terrier,98,train
dataset/train/sealyham_terrier/01208.jpg,sealyham_terrier,98,train
dataset/train/sealyham_terrier/01348.jpg,sealyham_terrier,98,train
dataset/train/sealyham_terrier/02031.jpg,sealyham_terrier,98,train
dataset/train/sealyham_terrier/02542.jpg,sealyham_terrier,98,train
dataset/train/sealyham_terrier/01794.jpg,sealyham_terrier,98,train
dataset/train/sealyham_terrier/03159.jpg,sealyham_terrier,98,train
dataset/train/sealyham_terrier/03799.jpg,sealyham_terrier,98,train
dataset/train/sealyham_terrier/02134.jpg,sealyham_terrier,98,train
dataset/train/sealyham_terrier/01736.jpg,sealyham_terrier,98,train
dataset/train/sealyham_terrier/02532.jpg,sealyham_terrier,98,train
dataset/train/sealyham_terrier/00231.jpg,sealyham_terrier,98,train
dataset/train/sealyham_terrier/02019.jpg,sealyham_terrier,98,train
dataset/train/sealyham_terrier/02873.jpg,sealyham_terrier,98,train
dataset/train/sealyham_terrier/02363.jpg,sealyham_terrier,98,train
dataset/train/sealyham_terrier/01120.jpg,sealyham_terrier,98,train
dataset/train/sealyham_terrier/00136.jpg,sealyham_terrier,98,train
dataset/train/sealyham_terrier/01290.jpg,sealyham_terrier,98,train
dataset/train/sealyham_terrier/02861.jpg,sealyham_terrier,98,train
dataset/train/sealyham_terrier/02955.jpg,sealyham_terrier,98,train
dataset/train/sealyham_terrier/02733.jpg,sealyham_terrier,98,train
dataset/train/sealyham_terrier/03651.jpg,sealyham_terrier,98,train
dataset/train/sealyham_terrier/01723.jpg,sealyham_terrier,98,train
dataset/train/sealyham_terrier/01458.jpg,sealyham_terrier,98,train
dataset/train/sealyham_terrier/03788.jpg,sealyham_terrier,98,train
dataset/train/sealyham_terrier/01847.jpg,sealyham_terrier,98,train
dataset/train/sealyham_terrier/03642.jpg,sealyham_terrier,98,train
dataset/train/sealyham_terrier/01820.jpg,sealyham_terrier,98,train
dataset/train/sealyham_terrier/00341.jpg,sealyham_terrier,98,train
dataset/train/sealyham_terrier/01003.jpg,sealyham_terrier,98,train
dataset/train/sealyham_terrier/02847.jpg,sealyham_terrier,98,train
dataset/train/sealyham_terrier/02927.jpg,sealyham_terrier,98,train
dataset/train/sealyham_terrier/01445.jpg,sealyham_terrier,98,train
dataset/train/sealyham_terrier/02769.jpg,sealyham_terrier,98,train
dataset/train/sealyham_terrier/02138.jpg,sealyham_terrier,98,train
dataset/train/sealyham_terrier/01544.jpg,sealyham_terrier,98,train
dataset/train/sealyham_terrier/00396.jpg,sealyham_terrier,98,train
dataset/train/sealyham_terrier/02340.jpg,sealyham_terrier,98,train
dataset/train/sealyham_terrier/02395.jpg,sealyham_terrier,98,train
dataset/train/sealyham_terrier/03734.jpg,sealyham_terrier,98,train
dataset/train/sealyham_terrier/00270.jpg,sealyham_terrier,98,train
dataset/train/sealyham_terrier/01582.jpg,sealyham_terrier,98,train
dataset/train/sealyham_terrier/02925.jpg,sealyham_terrier,98,train
dataset/train/sealyham_terrier/01175.jpg,sealyham_terrier,98,train
dataset/train/sealyham_terrier/03354.jpg,sealyham_terrier,98,train
dataset/train/sealyham_terrier/01145.jpg,sealyham_terrier,98,train
dataset/train/sealyham_terrier/02883.jpg,sealyham_terrier,98,train
dataset/train/sealyham_terrier/02512.jpg,sealyham_terrier,98,train
dataset/train/sealyham_terrier/02897.jpg,sealyham_terrier,98,train
dataset/train/sealyham_terrier/00353.jpg,sealyham_terrier,98,train
dataset/train/sealyham_terrier/02025.jpg,sealyham_terrier,98,train
dataset/train/sealyham_terrier/01241.jpg,sealyham_terrier,98,train
dataset/train/sealyham_terrier/00010.jpg,sealyham_terrier,98,train
dataset/train/sealyham_terrier/01255.jpg,sealyham_terrier,98,train
dataset/train/sealyham_terrier/03150.jpg,sealyham_terrier,98,train
dataset/train/sealyham_terrier/03497.jpg,sealyham_terrier,98,train
dataset/train/sealyham_terrier/00151.jpg,sealyham_terrier,98,train
dataset/train/sealyham_terrier/01886.jpg,sealyham_terrier,98,train
dataset/train/sealyham_terrier/02471.jpg,sealyham_terrier,98,train
dataset/train/sealyham_terrier/01323.jpg,sealyham_terrier,98,train
dataset/train/sealyham_terrier/03610.jpg,sealyham_terrier,98,train
dataset/train/sealyham_terrier/01677.jpg,sealyham_terrier,98,train
dataset/train/sealyham_terrier/02977.jpg,sealyham_terrier,98,train
dataset/train/sealyham_terrier/02944.jpg,sealyham_terrier,98,train
dataset/train/sealyham_terrier/00310.jpg,sealyham_terrier,98,train
dataset/train/sealyham_terrier/03694.jpg,sealyham_terrier,98,train
dataset/train/sealyham_terrier/01854.jpg,sealyham_terrier,98,train
dataset/train/sealyham_terrier/03493.jpg,sealyham_terrier,98,train
dataset/train/sealyham_terrier/01476.jpg,sealyham_terrier,98,train
dataset/train/sealyham_terrier/00107.jpg,sealyham_terrier,98,train
dataset/train/sealyham_terrier/01313.jpg,sealyham_terrier,98,train
dataset/train/sealyham_terrier/03904.jpg,sealyham_terrier,98,train
dataset/train/sealyham_terrier/02187.jpg,sealyham_terrier,98,train
dataset/train/sealyham_terrier/01213.jpg,sealyham_terrier,98,train
dataset/train/sealyham_terrier/01914.jpg,sealyham_terrier,98,train
dataset/train/sealyham_terrier/02319.jpg,sealyham_terrier,98,train
dataset/train/sealyham_terrier/00371.jpg,sealyham_terrier,98,train
dataset/train/sealyham_terrier/00025.jpg,sealyham_terrier,98,train
dataset/train/sealyham_terrier/03522.jpg,sealyham_terrier,98,train
dataset/train/sealyham_terrier/03926.jpg,sealyham_terrier,98,train
dataset/train/sealyham_terrier/02539.jpg,sealyham_terrier,98,val
dataset/train/sealyham_terrier/03964.jpg,sealyham_terrier,98,val
dataset/train/sealyham_terrier/01724.jpg,sealyham_terrier,98,val
dataset/train/sealyham_terrier/02299.jpg,sealyham_terrier,98,val
dataset/train/sealyham_terrier/01916.jpg,sealyham_terrier,98,val
dataset/train/sealyham_terrier/02074.jpg,sealyham_terrier,98,val
dataset/train/sealyham_terrier/02851.jpg,sealyham_terrier,98,val
dataset/train/sealyham_terrier/01019.jpg,sealyham_terrier,98,val
dataset/train/sealyham_terrier/01044.jpg,sealyham_terrier,98,val
dataset/train/sealyham_terrier/03364.jpg,sealyham_terrier,98,val
dataset/train/sealyham_terrier/00293.jpg,sealyham_terrier,98,val
dataset/train/sealyham_terrier/01328.jpg,sealyham_terrier,98,val
dataset/train/sealyham_terrier/00173.jpg,sealyham_terrier,98,val
dataset/train/sealyham_terrier/02162.jpg,sealyham_terrier,98,val
dataset/train/sealyham_terrier/00199.jpg,sealyham_terrier,98,val
dataset/train/sealyham_terrier/03047.jpg,sealyham_terrier,98,val
dataset/train/sealyham_terrier/00298.jpg,sealyham_terrier,98,val
dataset/train/sealyham_terrier/03110.jpg,sealyham_terrier,98,val
dataset/train/sealyham_terrier/01397.jpg,sealyham_terrier,98,val
dataset/train/sealyham_terrier/00347.jpg,sealyham_terrier,98,val
dataset/train/shetland_sheepdog/11445.jpg,shetland_sheepdog,99,train
dataset/train/shetland_sheepdog/15263.jpg,shetland_sheepdog,99,train
dataset/train/shetland_sheepdog/17893.jpg,shetland_sheepdog,99,train
dataset/train/shetland_sheepdog/13348.jpg,shetland_sheepdog,99,train
dataset/train/shetland_sheepdog/14653.jpg,shetland_sheepdog,99,train
dataset/train/shetland_sheepdog/00190.jpg,shetland_sheepdog,99,train
dataset/train/shetland_sheepdog/11668.jpg,shetland_sheepdog,99,train
dataset/train/shetland_sheepdog/15724.jpg,shetland_sheepdog,99,train
dataset/train/shetland_sheepdog/13876.jpg,shetland_sheepdog,99,train
dataset/train/shetland_sheepdog/17107.jpg,shetland_sheepdog,99,train
dataset/train/shetland_sheepdog/14781.jpg,shetland_sheepdog,99,train
dataset/train/shetland_sheepdog/18564.jpg,shetland_sheepdog,99,train
dataset/train/shetland_sheepdog/13311.jpg,shetland_sheepdog,99,train
dataset/train/shetland_sheepdog/13071.jpg,shetland_sheepdog,99,train
dataset/train/shetland_sheepdog/15820.jpg,shetland_sheepdog,99,train
dataset/train/shetland_sheepdog/00154.jpg,shetland_sheepdog,99,train
dataset/train/shetland_sheepdog/11529.jpg,shetland_sheepdog,99,train
dataset/train/shetland_sheepdog/14297.jpg,shetland_sheepdog,99,train
dataset/train/shetland_sheepdog/15506.jpg,shetland_sheepdog,99,train
dataset/train/shetland_sheepdog/13482.jpg,shetland_sheepdog,99,train
dataset/train/shetland_sheepdog/14594.jpg,shetland_sheepdog,99,train
dataset/train/shetland_sheepdog/12631.jpg,shetland_sheepdog,99,train
dataset/train/shetland_sheepdog/00142.jpg,shetland_sheepdog,99,train
dataset/train/shetland_sheepdog/15961.jpg,shetland_sheepdog,99,train
dataset/train/shetland_sheepdog/17300.jpg,shetland_sheepdog,99,train
dataset/train/shetland_sheepdog/13382.jpg,shetland_sheepdog,99,train
dataset/train/shetland_sheepdog/10619.jpg,shetland_sheepdog,99,train
dataset/train/shetland_sheepdog/12412.jpg,shetland_sheepdog,99,train
dataset/train/shetland_sheepdog/19204.jpg,shetland_sheepdog,99,train
dataset/train/shetland_sheepdog/16893.jpg,shetland_sheepdog,99,train
dataset/train/shetland_sheepdog/12087.jpg,shetland_sheepdog,99,train
dataset/train/shetland_sheepdog/11955.jpg,shetland_sheepdog,99,train
dataset/train/shetland_sheepdog/11061.jpg,shetland_sheepdog,99,train
dataset/train/shetland_sheepdog/19002.jpg,shetland_sheepdog,99,train
dataset/train/shetland_sheepdog/13256.jpg,shetland_sheepdog,99,train
dataset/train/shetland_sheepdog/18782.jpg,shetland_sheepdog,99,train
dataset/train/shetland_sheepdog/17517.jpg,shetland_sheepdog,99,train
dataset/train/shetland_sheepdog/17401.jpg,shetland_sheepdog,99,train
dataset/train/shetland_sheepdog/16072.jpg,shetland_sheepdog,99,train
dataset/train/shetland_sheepdog/12455.jpg,shetland_sheepdog,99,train
dataset/train/shetland_sheepdog/15911.jpg,shetland_sheepdog,99,train
dataset/train/shetland_sheepdog/13407.jpg,shetland_sheepdog,99,train
dataset/train/shetland_sheepdog/11166.jpg,shetland_sheepdog,99,train
dataset/train/shetland_sheepdog/15828.jpg,shetland_sheepdog,99,train
dataset/train/shetland_sheepdog/17070.jpg,shetland_sheepdog,99,train
dataset/train/shetland_sheepdog/16145.jpg,shetland_sheepdog,99,train
dataset/train/shetland_sheepdog/10729.jpg,shetland_sheepdog,99,train
dataset/train/shetland_sheepdog/19944.jpg,shetland_sheepdog,99,train
dataset/train/shetland_sheepdog/13457.jpg,shetland_sheepdog,99,train
dataset/train/shetland_sheepdog/14126.jpg,shetland_sheepdog,99,train
dataset/train/shetland_sheepdog/01791.jpg,shetland_sheepdog,99,train
dataset/train/shetland_sheepdog/02039.jpg,shetland_sheepdog,99,train
dataset/train/shetland_sheepdog/10095.jpg,shetland_sheepdog,99,train
dataset/train/shetland_sheepdog/10636.jpg,shetland_sheepdog,99,train
dataset/train/shetland_sheepdog/15233.jpg,shetland_sheepdog,99,train
dataset/train/shetland_sheepdog/19616.jpg,shetland_sheepdog,99,train
dataset/train/shetland_sheepdog/15196.jpg,shetland_sheepdog,99,train
dataset/train/shetland_sheepdog/16951.jpg,shetland_sheepdog,99,train
dataset/train/shetland_sheepdog/02172.jpg,shetland_sheepdog,99,train
dataset/train/shetland_sheepdog/17706.jpg,shetland_sheepdog,99,train
dataset/train/shetland_sheepdog/15856.jpg,shetland_sheepdog,99,train
dataset/train/shetland_sheepdog/18443.jpg,shetland_sheepdog,99,train
dataset/train/shetland_sheepdog/01963.jpg,shetland_sheepdog,99,train
dataset/train/shetland_sheepdog/13611.jpg,shetland_sheepdog,99,train
dataset/train/shetland_sheepdog/12801.jpg,shetland_sheepdog,99,train
dataset/train/shetland_sheepdog/15524.jpg,shetland_sheepdog,99,train
dataset/train/shetland_sheepdog/10608.jpg,shetland_sheepdog,99,train
dataset/train/shetland_sheepdog/12990.jpg,shetland_sheepdog,99,train
dataset/train/shetland_sheepdog/13039.jpg,shetland_sheepdog,99,train
dataset/train/shetland_sheepdog/13586.jpg,shetland_sheepdog,99,train
dataset/train/shetland_sheepdog/19782.jpg,shetland_sheepdog,99,train
dataset/train/shetland_sheepdog/16948.jpg,shetland_sheepdog,99,train
dataset/train/shetland_sheepdog/19486.jpg,shetland_sheepdog,99,train
dataset/train/shetland_sheepdog/15067.jpg,shetland_sheepdog,99,train
dataset/train/shetland_sheepdog/15602.jpg,shetland_sheepdog,99,train
dataset/train/shetland_sheepdog/01013.jpg,shetland_sheepdog,99,train
dataset/train/shetland_sheepdog/10167.jpg,shetland_sheepdog,99,train
dataset/train/shetland_sheepdog/19926.jpg,shetland_sheepdog,99,train
dataset/train/shetland_sheepdog/17258.jpg,shetland_sheepdog,99,train
dataset/train/shetland_sheepdog/02094.jpg,shetland_sheepdog,99,train
dataset/train/shetland_sheepdog/18288.jpg,shetland_sheepdog,99,val
dataset/train/shetland_sheepdog/11876.jpg,shetland_sheepdog,99,val
dataset/train/shetland_sheepdog/01816.jpg,shetland_sheepdog,99,val
dataset/train/shetland_sheepdog/16556.jpg,shetland_sheepdog,99,val
dataset/train/shetland_sheepdog/18293.jpg,shetland_sheepdog,99,val
dataset/train/shetland_sheepdog/13955.jpg,shetland_sheepdog,99,val
dataset/train/shetland_sheepdog/14868.jpg,shetland_sheepdog,99,val
dataset/train/shetland_sheepdog/14081.jpg,shetland_sheepdog,99,val
dataset/train/shetland_sheepdog/12556.jpg,shetland_sheepdog,99,val
dataset/train/shetland_sheepdog/14052.jpg,shetland_sheepdog,99,val
dataset/train/shetland_sheepdog/13090.jpg,shetland_sheepdog,99,val
dataset/train/shetland_sheepdog/14509.jpg,shetland_sheepdog,99,val
dataset/train/shetland_sheepdog/15776.jpg,shetland_sheepdog,99,val
dataset/train/shetland_sheepdog/17096.jpg,shetland_sheepdog,99,val
dataset/train/shetland_sheepdog/10995.jpg,shetland_sheepdog,99,val
dataset/train/shetland_sheepdog/16567.jpg,shetland_sheepdog,99,val
dataset/train/shetland_sheepdog/18141.jpg,shetland_sheepdog,99,val
dataset/train/shetland_sheepdog/10112.jpg,shetland_sheepdog,99,val
dataset/train/shetland_sheepdog/15882.jpg,shetland_sheepdog,99,val
dataset/train/shetland_sheepdog/18496.jpg,shetland_sheepdog,99,val
dataset/train/shih_tzu/01687.jpg,shih_tzu,100,train
dataset/train/shih_tzu/01770.jpg,shih_tzu,100,train
dataset/train/shih_tzu/02417.jpg,shih_tzu,100,train
dataset/train/shih_tzu/11959.jpg,shih_tzu,100,train
dataset/train/shih_tzu/01725.jpg,shih_tzu,100,train
dataset/train/shih_tzu/03558.jpg,shih_tzu,100,train
dataset/train/shih_tzu/03862.jpg,shih_tzu,100,train
dataset/train/shih_tzu/03814.jpg,shih_tzu,100,train
dataset/train/shih_tzu/03489.jpg,shih_tzu,100,train
dataset/train/shih_tzu/03424.jpg,shih_tzu,100,train
dataset/train/shih_tzu/12480.jpg,shih_tzu,100,train
dataset/train/shih_tzu/11539.jpg,shih_tzu,100,train
dataset/train/shih_tzu/00306.jpg,shih_tzu,100,train
dataset/train/shih_tzu/11139.jpg,shih_tzu,100,train
dataset/train/shih_tzu/11692.jpg,shih_tzu,100,train
dataset/train/shih_tzu/01259.jpg,shih_tzu,100,train
dataset/train/shih_tzu/00134.jpg,shih_tzu,100,train
dataset/train/shih_tzu/02335.jpg,shih_tzu,100,train
dataset/train/shih_tzu/01267.jpg,shih_tzu,100,train
dataset/train/shih_tzu/04127.jpg,shih_tzu,100,train
dataset/train/shih_tzu/00415.jpg,shih_tzu,100,train
dataset/train/shih_tzu/12650.jpg,shih_tzu,100,train
dataset/train/shih_tzu/11766.jpg,shih_tzu,100,train
dataset/train/shih_tzu/04252.jpg,shih_tzu,100,train
dataset/train/shih_tzu/01249.jpg,shih_tzu,100,train
dataset/train/shih_tzu/11085.jpg,shih_tzu,100,train
dataset/train/shih_tzu/01078.jpg,shih_tzu,100,train
dataset/train/shih_tzu/01016.jpg,shih_tzu,100,train
dataset/train/shih_tzu/12314.jpg,shih_tzu,100,train
dataset/train/shih_tzu/03254.jpg,shih_tzu,100,train
dataset/train/shih_tzu/02710.jpg,shih_tzu,100,train
dataset/train/shih_tzu/12057.jpg,shih_tzu,100,train
dataset/train/shih_tzu/03094.jpg,shih_tzu,100,train
dataset/train/shih_tzu/01874.jpg,shih_tzu,100,train
dataset/train/shih_tzu/00030.jpg,shih_tzu,100,train
dataset/train/shih_tzu/01059.jpg,shih_tzu,100,train
dataset/train/shih_tzu/01665.jpg,shih_tzu,100,train
dataset/train/shih_tzu/00110.jpg,shih_tzu,100,train
dataset/train/shih_tzu/03186.jpg,shih_tzu,100,train
dataset/train/shih_tzu/02526.jpg,shih_tzu,100,train
dataset/train/shih_tzu/03137.jpg,shih_tzu,100,train
dataset/train/shih_tzu/01602.jpg,shih_tzu,100,train
dataset/train/shih_tzu/04190.jpg,shih_tzu,100,train
dataset/train/shih_tzu/01215.jpg,shih_tzu,100,train
dataset/train/shih_tzu/03719.jpg,shih_tzu,100,train
dataset/train/shih_tzu/02961.jpg,shih_tzu,100,train
dataset/train/shih_tzu/01856.jpg,shih_tzu,100,train
dataset/train/shih_tzu/03738.jpg,shih_tzu,100,train
dataset/train/shih_tzu/01958.jpg,shih_tzu,100,train
dataset/train/shih_tzu/03217.jpg,shih_tzu,100,train
dataset/train/shih_tzu/12315.jpg,shih_tzu,100,train
dataset/train/shih_tzu/01295.jpg,shih_tzu,100,train
dataset/train/shih_tzu/12003.jpg,shih_tzu,100,train
dataset/train/shih_tzu/00272.jpg,shih_tzu,100,train
dataset/train/shih_tzu/11551.jpg,shih_tzu,100,train
dataset/train/shih_tzu/03983.jpg,shih_tzu,100,train
dataset/train/shih_tzu/01333.jpg,shih_tzu,100,train
dataset/train/shih_tzu/02077.jpg,shih_tzu,100,train
dataset/train/shih_tzu/03050.jpg,shih_tzu,100,train
dataset/train/shih_tzu/00254.jpg,shih_tzu,100,train
dataset/train/shih_tzu/03827.jpg,shih_tzu,100,train
dataset/train/shih_tzu/03493.jpg,shih_tzu,100,train
dataset/train/shih_tzu/01621.jpg,shih_tzu,100,train
dataset/train/shih_tzu/00271.jpg,shih_tzu,100,train
dataset/train/shih_tzu/12342.jpg,shih_tzu,100,train
dataset/train/shih_tzu/11420.jpg,shih_tzu,100,train
dataset/train/shih_tzu/03979.jpg,shih_tzu,100,train
dataset/train/shih_tzu/03582.jpg,shih_tzu,100,train
dataset/train/shih_tzu/00034.jpg,shih_tzu,100,train
dataset/train/shih_tzu/02254.jpg,shih_tzu,100,train
dataset/train/shih_tzu/01843.jpg,shih_tzu,100,train
dataset/train/shih_tzu/02003.jpg,shih_tzu,100,train
dataset/train/shih_tzu/04013.jpg,shih_tzu,100,train
dataset/train/shih_tzu/12796.jpg,shih_tzu,100,train
dataset/train/shih_tzu/03227.jpg,shih_tzu,100,train
dataset/train/shih_tzu/12348.jpg,shih_tzu,100,train
dataset/train/shih_tzu/01170.jpg,shih_tzu,100,train
dataset/train/shih_tzu/03802.jpg,shih_tzu,100,train
dataset/train/shih_tzu/03961.jpg,shih_tzu,100,train
dataset/train/shih_tzu/01859.jpg,shih_tzu,100,train
dataset/train/shih_tzu/01370.jpg,shih_tzu,100,val
dataset/train/shih_tzu/01082.jpg,shih_tzu,100,val
dataset/train/shih_tzu/02113.jpg,shih_tzu,100,val
dataset/train/shih_tzu/02211.jpg,shih_tzu,100,val
dataset/train/shih_tzu/01366.jpg,shih_tzu,100,val
dataset/train/shih_tzu/02705.jpg,shih_tzu,100,val
dataset/train/shih_tzu/01445.jpg,shih_tzu,100,val
dataset/train/shih_tzu/01779.jpg,shih_tzu,100,val
dataset/train/shih_tzu/01927.jpg,shih_tzu,100,val
dataset/train/shih_tzu/11622.jpg,shih_tzu,100,val
dataset/train/shih_tzu/01011.jpg,shih_tzu,100,val
dataset/train/shih_tzu/03175.jpg,shih_tzu,100,val
dataset/train/shih_tzu/00126.jpg,shih_tzu,100,val
dataset/train/shih_tzu/01142.jpg,shih_tzu,100,val
dataset/train/shih_tzu/10785.jpg,shih_tzu,100,val
dataset/train/shih_tzu/00323.jpg,shih_tzu,100,val
dataset/train/shih_tzu/01205.jpg,shih_tzu,100,val
dataset/train/shih_tzu/03921.jpg,shih_tzu,100,val
dataset/train/shih_tzu/01690.jpg,shih_tzu,100,val
dataset/train/shih_tzu/00135.jpg,shih_tzu,100,val
dataset/train/siberian_husky/15063.jpg,siberian_husky,101,train
dataset/train/siberian_husky/11635.jpg,siberian_husky,101,train
dataset/train/siberian_husky/13942.jpg,siberian_husky,101,train
dataset/train/siberian_husky/10597.jpg,siberian_husky,101,train
dataset/train/siberian_husky/13282.jpg,siberian_husky,101,train
dataset/train/siberian_husky/01338.jpg,siberian_husky,101,train
dataset/train/siberian_husky/14479.jpg,siberian_husky,101,train
dataset/train/siberian_husky/10047.jpg,siberian_husky,101,train
dataset/train/siberian_husky/01178.jpg,siberian_husky,101,train
dataset/train/siberian_husky/02672.jpg,siberian_husky,101,train
dataset/train/siberian_husky/10902.jpg,siberian_husky,101,train
dataset/train/siberian_husky/01469.jpg,siberian_husky,101,train
dataset/train/siberian_husky/01511.jpg,siberian_husky,101,train
dataset/train/siberian_husky/01497.jpg,siberian_husky,101,train
dataset/train/siberian_husky/00248.jpg,siberian_husky,101,train
dataset/train/siberian_husky/02604.jpg,siberian_husky,101,train
dataset/train/siberian_husky/01552.jpg,siberian_husky,101,train
dataset/train/siberian_husky/11396.jpg,siberian_husky,101,train
dataset/train/siberian_husky/11783.jpg,siberian_husky,101,train
dataset/train/siberian_husky/11580.jpg,siberian_husky,101,train
dataset/train/siberian_husky/10844.jpg,siberian_husky,101,train
dataset/train/siberian_husky/14289.jpg,siberian_husky,101,train
dataset/train/siberian_husky/01748.jpg,siberian_husky,101,train
dataset/train/siberian_husky/01446.jpg,siberian_husky,101,train
dataset/train/siberian_husky/02728.jpg,siberian_husky,101,train
dataset/train/siberian_husky/03039.jpg,siberian_husky,101,train
dataset/train/siberian_husky/12678.jpg,siberian_husky,101,train
dataset/train/siberian_husky/02446.jpg,siberian_husky,101,train
dataset/train/siberian_husky/11131.jpg,siberian_husky,101,train
dataset/train/siberian_husky/10967.jpg,siberian_husky,101,train
dataset/train/siberian_husky/12478.jpg,siberian_husky,101,train
dataset/train/siberian_husky/13434.jpg,siberian_husky,101,train
dataset/train/siberian_husky/12748.jpg,siberian_husky,101,train
dataset/train/siberian_husky/02941.jpg,siberian_husky,101,train
dataset/train/siberian_husky/01439.jpg,siberian_husky,101,train
dataset/train/siberian_husky/01066.jpg,siberian_husky,101,train
dataset/train/siberian_husky/14906.jpg,siberian_husky,101,train
dataset/train/siberian_husky/10273.jpg,siberian_husky,101,train
dataset/train/siberian_husky/11626.jpg,siberian_husky,101,train
dataset/train/siberian_husky/14650.jpg,siberian_husky,101,train
dataset/train/siberian_husky/10955.jpg,siberian_husky,101,train
dataset/train/siberian_husky/13127.jpg,siberian_husky,101,train
dataset/train/siberian_husky/10849.jpg,siberian_husky,101,train
dataset/train/siberian_husky/15019.jpg,siberian_husky,101,train
dataset/train/siberian_husky/11636.jpg,siberian_husky,101,train
dataset/train/siberian_husky/14560.jpg,siberian_husky,101,train
dataset/train/siberian_husky/03302.jpg,siberian_husky,101,train
dataset/train/siberian_husky/01164.jpg,siberian_husky,101,train
dataset/train/siberian_husky/13158.jpg,siberian_husky,101,train
dataset/train/siberian_husky/10175.jpg,siberian_husky,101,train
dataset/train/siberian_husky/01614.jpg,siberian_husky,101,train
dataset/train/siberian_husky/03406.jpg,siberian_husky,101,train
dataset/train/siberian_husky/13704.jpg,siberian_husky,101,train
dataset/train/siberian_husky/13794.jpg,siberian_husky,101,train
dataset/train/siberian_husky/01130.jpg,siberian_husky,101,train
dataset/train/siberian_husky/02820.jpg,siberian_husky,101,train
dataset/train/siberian_husky/11138.jpg,siberian_husky,101,train
dataset/train/siberian_husky/13187.jpg,siberian_husky,101,train
dataset/train/siberian_husky/10171.jpg,siberian_husky,101,train
dataset/train/siberian_husky/14594.jpg,siberian_husky,101,train
dataset/train/siberian_husky/10898.jpg,siberian_husky,101,train
dataset/train/siberian_husky/12441.jpg,siberian_husky,101,train
dataset/train/siberian_husky/13821.jpg,siberian_husky,101,train
dataset/train/siberian_husky/02593.jpg,siberian_husky,101,train
dataset/train/siberian_husky/01534.jpg,siberian_husky,101,train
dataset/train/siberian_husky/01598.jpg,siberian_husky,101,train
dataset/train/siberian_husky/01532.jpg,siberian_husky,101,train
dataset/train/siberian_husky/01289.jpg,siberian_husky,101,train
dataset/train/siberian_husky/11287.jpg,siberian_husky,101,train
dataset/train/siberian_husky/13423.jpg,siberian_husky,101,train
dataset/train/siberian_husky/12380.jpg,siberian_husky,101,train
dataset/train/siberian_husky/01794.jpg,siberian_husky,101,train
dataset/train/siberian_husky/13855.jpg,siberian_husky,101,train
dataset/train/siberian_husky/14597.jpg,siberian_husky,101,train
dataset/train/siberian_husky/10875.jpg,siberian_husky,101,train
dataset/train/siberian_husky/02736.jpg,siberian_husky,101,train
dataset/train/siberian_husky/11445.jpg,siberian_husky,101,train
dataset/train/siberian_husky/10116.jpg,siberian_husky,101,train
dataset/train/siberian_husky/02614.jpg,siberian_husky,101,train
dataset/train/siberian_husky/10360.jpg,siberian_husky,101,train
dataset/train/siberian_husky/14766.jpg,siberian_husky,101,val
dataset/train/siberian_husky/11409.jpg,siberian_husky,101,val
dataset/train/siberian_husky/00184.jpg,siberian_husky,101,val
dataset/train/siberian_husky/13197.jpg,siberian_husky,101,val
dataset/train/siberian_husky/14056.jpg,siberian_husky,101,val
dataset/train/siberian_husky/11773.jpg,siberian_husky,101,val
dataset/train/siberian_husky/12656.jpg,siberian_husky,101,val
dataset/train/siberian_husky/11114.jpg,siberian_husky,101,val
dataset/train/siberian_husky/00120.jpg,siberian_husky,101,val
dataset/train/siberian_husky/12120.jpg,siberian_husky,101,val
dataset/train/siberian_husky/00353.jpg,siberian_husky,101,val
dataset/train/siberian_husky/14523.jpg,siberian_husky,101,val
dataset/train/siberian_husky/12498.jpg,siberian_husky,101,val
dataset/train/siberian_husky/02701.jpg,siberian_husky,101,val
dataset/train/siberian_husky/11841.jpg,siberian_husky,101,val
dataset/train/siberian_husky/02368.jpg,siberian_husky,101,val
dataset/train/siberian_husky/14283.jpg,siberian_husky,101,val
dataset/train/siberian_husky/03291.jpg,siberian_husky,101,val
dataset/train/siberian_husky/03328.jpg,siberian_husky,101,val
dataset/train/siberian_husky/14061.jpg,siberian_husky,101,val
dataset/train/silky_terrier/11363.jpg,silky_terrier,102,train
dataset/train/silky_terrier/01154.jpg,silky_terrier,102,train
dataset/train/silky_terrier/01307.jpg,silky_terrier,102,train
dataset/train/silky_terrier/11313.jpg,silky_terrier,102,train
dataset/train/silky_terrier/11235.jpg,silky_terrier,102,train
dataset/train/silky_terrier/01503.jpg,silky_terrier,102,train
dataset/train/silky_terrier/00237.jpg,silky_terrier,102,train
dataset/train/silky_terrier/10020.jpg,silky_terrier,102,train
dataset/train/silky_terrier/00141.jpg,silky_terrier,102,train
dataset/train/silky_terrier/01616.jpg,silky_terrier,102,train
dataset/train/silky_terrier/03407.jpg,silky_terrier,102,train
dataset/train/silky_terrier/02523.jpg,silky_terrier,102,train
dataset/train/silky_terrier/03345.jpg,silky_terrier,102,train
dataset/train/silky_terrier/10289.jpg,silky_terrier,102,train
dataset/train/silky_terrier/02919.jpg,silky_terrier,102,train
dataset/train/silky_terrier/01793.jpg,silky_terrier,102,train
dataset/train/silky_terrier/00366.jpg,silky_terrier,102,train
dataset/train/silky_terrier/02173.jpg,silky_terrier,102,train
dataset/train/silky_terrier/00414.jpg,silky_terrier,102,train
dataset/train/silky_terrier/10567.jpg,silky_terrier,102,train
dataset/train/silky_terrier/03117.jpg,silky_terrier,102,train
dataset/train/silky_terrier/02330.jpg,silky_terrier,102,train
dataset/train/silky_terrier/02087.jpg,silky_terrier,102,train
dataset/train/silky_terrier/01270.jpg,silky_terrier,102,train
dataset/train/silky_terrier/02048.jpg,silky_terrier,102,train
dataset/train/silky_terrier/01693.jpg,silky_terrier,102,train
dataset/train/silky_terrier/03693.jpg,silky_terrier,102,train
dataset/train/silky_terrier/02114.jpg,silky_terrier,102,train
dataset/train/silky_terrier/02535.jpg,silky_terrier,102,train
dataset/train/silky_terrier/10654.jpg,silky_terrier,102,train
dataset/train/silky_terrier/01039.jpg,silky_terrier,102,train
dataset/train/silky_terrier/01065.jpg,silky_terrier,102,train
dataset/train/silky_terrier/02012.jpg,silky_terrier,102,train
dataset/train/silky_terrier/00026.jpg,silky_terrier,102,train
dataset/train/silky_terrier/01013.jpg,silky_terrier,102,train
dataset/train/silky_terrier/11020.jpg,silky_terrier,102,train
dataset/train/silky_terrier/11242.jpg,silky_terrier,102,train
dataset/train/silky_terrier/02182.jpg,silky_terrier,102,train
dataset/train/silky_terrier/10997.jpg,silky_terrier,102,train
dataset/train/silky_terrier/02051.jpg,silky_terrier,102,train
dataset/train/silky_terrier/00277.jpg,silky_terrier,102,train
dataset/train/silky_terrier/03571.jpg,silky_terrier,102,train
dataset/train/silky_terrier/04081.jpg,silky_terrier,102,train
dataset/train/silky_terrier/01112.jpg,silky_terrier,102,train
dataset/train/silky_terrier/03396.jpg,silky_terrier,102,train
dataset/train/silky_terrier/01567.jpg,silky_terrier,102,train
dataset/train/silky_terrier/01326.jpg,silky_terrier,102,train
dataset/train/silky_terrier/02824.jpg,silky_terrier,102,train
dataset/train/silky_terrier/02766.jpg,silky_terrier,102,train
dataset/train/silky_terrier/01789.jpg,silky_terrier,102,train
dataset/train/silky_terrier/01137.jpg,silky_terrier,102,train
dataset/train/silky_terrier/03484.jpg,silky_terrier,102,train
dataset/train/silky_terrier/00188.jpg,silky_terrier,102,train
dataset/train/silky_terrier/01910.jpg,silky_terrier,102,train
dataset/train/silky_terrier/04201.jpg,silky_terrier,102,train
dataset/train/silky_terrier/00422.jpg,silky_terrier,102,train
dataset/train/silky_terrier/00349.jpg,silky_terrier,102,train
dataset/train/silky_terrier/10559.jpg,silky_terrier,102,train
dataset/train/silky_terrier/01473.jpg,silky_terrier,102,train
dataset/train/silky_terrier/03947.jpg,silky_terrier,102,train
dataset/train/silky_terrier/02665.jpg,silky_terrier,102,train
dataset/train/silky_terrier/02329.jpg,silky_terrier,102,train
dataset/train/silky_terrier/02271.jpg,silky_terrier,102,train
dataset/train/silky_terrier/01516.jpg,silky_terrier,102,train
dataset/train/silky_terrier/00319.jpg,silky_terrier,102,train
dataset/train/silky_terrier/01868.jpg,silky_terrier,102,train
dataset/train/silky_terrier/00292.jpg,silky_terrier,102,train
dataset/train/silky_terrier/03639.jpg,silky_terrier,102,train
dataset/train/silky_terrier/01356.jpg,silky_terrier,102,train
dataset/train/silky_terrier/01227.jpg,silky_terrier,102,train
dataset/train/silky_terrier/02069.jpg,silky_terrier,102,train
dataset/train/silky_terrier/01100.jpg,silky_terrier,102,train
dataset/train/silky_terrier/00171.jpg,silky_terrier,102,train
dataset/train/silky_terrier/01997.jpg,silky_terrier,102,train
dataset/train/silky_terrier/01469.jpg,silky_terrier,102,train
dataset/train/silky_terrier/01690.jpg,silky_terrier,102,train
dataset/train/silky_terrier/02224.jpg,silky_terrier,102,train
dataset/train/silky_terrier/01917.jpg,silky_terrier,102,train
dataset/train/silky_terrier/02041.jpg,silky_terrier,102,train
dataset/train/silky_terrier/02054.jpg,silky_terrier,102,train
dataset/train/silky_terrier/01163.jpg,silky_terrier,102,val
dataset/train/silky_terrier/01098.jpg,silky_terrier,102,val
dataset/train/silky_terrier/03207.jpg,silky_terrier,102,val
dataset/train/silky_terrier/02117.jpg,silky_terrier,102,val
dataset/train/silky_terrier/02035.jpg,silky_terrier,102,val
dataset/train/silky_terrier/10854.jpg,silky_terrier,102,val
dataset/train/silky_terrier/00129.jpg,silky_terrier,102,val
dataset/train/silky_terrier/02143.jpg,silky_terrier,102,val
dataset/train/silky_terrier/00214.jpg,silky_terrier,102,val
dataset/train/silky_terrier/00271.jpg,silky_terrier,102,val
dataset/train/silky_terrier/02022.jpg,silky_terrier,102,val
dataset/train/silky_terrier/03140.jpg,silky_terrier,102,val
dataset/train/silky_terrier/01198.jpg,silky_terrier,102,val
dataset/train/silky_terrier/01106.jpg,silky_terrier,102,val
dataset/train/silky_terrier/11118.jpg,silky_terrier,102,val
dataset/train/silky_terrier/02882.jpg,silky_terrier,102,val
dataset/train/silky_terrier/00329.jpg,silky_terrier,102,val
dataset/train/silky_terrier/01797.jpg,silky_terrier,102,val
dataset/train/silky_terrier/01018.jpg,silky_terrier,102,val
dataset/train/silky_terrier/01086.jpg,silky_terrier,102,val
dataset/train/soft_coated_wheaten_terrier/01089.jpg,soft_coated_wheaten_terrier,103,train
dataset/train/soft_coated_wheaten_terrier/00244.jpg,soft_coated_wheaten_terrier,103,train
dataset/train/soft_coated_wheaten_terrier/01434.jpg,soft_coated_wheaten_terrier,103,train
dataset/train/soft_coated_wheaten_terrier/00321.jpg,soft_coated_wheaten_terrier,103,train
dataset/train/soft_coated_wheaten_terrier/02063.jpg,soft_coated_wheaten_terrier,103,train
dataset/train/soft_coated_wheaten_terrier/01386.jpg,soft_coated_wheaten_terrier,103,train
dataset/train/soft_coated_wheaten_terrier/00214.jpg,soft_coated_wheaten_terrier,103,train
dataset/train/soft_coated_wheaten_terrier/01078.jpg,soft_coated_wheaten_terrier,103,train
dataset/train/soft_coated_wheaten_terrier/02404.jpg,soft_coated_wheaten_terrier,103,train
dataset/train/soft_coated_wheaten_terrier/02394.jpg,soft_coated_wheaten_terrier,103,train
dataset/train/soft_coated_wheaten_terrier/01565.jpg,soft_coated_wheaten_terrier,103,train
dataset/train/soft_coated_wheaten_terrier/01234.jpg,soft_coated_wheaten_terrier,103,train
dataset/train/soft_coated_wheaten_terrier/02945.jpg,soft_coated_wheaten_terrier,103,train
dataset/train/soft_coated_wheaten_terrier/01419.jpg,soft_coated_wheaten_terrier,103,train
dataset/train/soft_coated_wheaten_terrier/03245.jpg,soft_coated_wheaten_terrier,103,train
dataset/train/soft_coated_wheaten_terrier/02297.jpg,soft_coated_wheaten_terrier,103,train
dataset/train/soft_coated_wheaten_terrier/02472.jpg,soft_coated_wheaten_terrier,103,train
dataset/train/soft_coated_wheaten_terrier/02001.jpg,soft_coated_wheaten_terrier,103,train
dataset/train/soft_coated_wheaten_terrier/01321.jpg,soft_coated_wheaten_terrier,103,train
dataset/train/soft_coated_wheaten_terrier/01664.jpg,soft_coated_wheaten_terrier,103,train
dataset/train/soft_coated_wheaten_terrier/01405.jpg,soft_coated_wheaten_terrier,103,train
dataset/train/soft_coated_wheaten_terrier/02157.jpg,soft_coated_wheaten_terrier,103,train
dataset/train/soft_coated_wheaten_terrier/00257.jpg,soft_coated_wheaten_terrier,103,train
dataset/train/soft_coated_wheaten_terrier/01777.jpg,soft_coated_wheaten_terrier,103,train
dataset/train/soft_coated_wheaten_terrier/02194.jpg,soft_coated_wheaten_terrier,103,train
dataset/train/soft_coated_wheaten_terrier/02725.jpg,soft_coated_wheaten_terrier,103,train
dataset/train/soft_coated_wheaten_terrier/01152.jpg,soft_coated_wheaten_terrier,103,train
dataset/train/soft_coated_wheaten_terrier/01009.jpg,soft_coated_wheaten_terrier,103,train
dataset/train/soft_coated_wheaten_terrier/00100.jpg,soft_coated_wheaten_terrier,103,train
dataset/train/soft_coated_wheaten_terrier/02004.jpg,soft_coated_wheaten_terrier,103,train
dataset/train/soft_coated_wheaten_terrier/02214.jpg,soft_coated_wheaten_terrier,103,train
dataset/train/soft_coated_wheaten_terrier/02256.jpg,soft_coated_wheaten_terrier,103,train
dataset/train/soft_coated_wheaten_terrier/01306.jpg,soft_coated_wheaten_terrier,103,train
dataset/train/soft_coated_wheaten_terrier/02490.jpg,soft_coated_wheaten_terrier,103,train
dataset/train/soft_coated_wheaten_terrier/01396.jpg,soft_coated_wheaten_terrier,103,train
dataset/train/soft_coated_wheaten_terrier/02460.jpg,soft_coated_wheaten_terrier,103,train
dataset/train/soft_coated_wheaten_terrier/02078.jpg,soft_coated_wheaten_terrier,103,train
dataset/train/soft_coated_wheaten_terrier/01067.jpg,soft_coated_wheaten_terrier,103,train
dataset/train/soft_coated_wheaten_terrier/02399.jpg,soft_coated_wheaten_terrier,103,train
dataset/train/soft_coated_wheaten_terrier/01092.jpg,soft_coated_wheaten_terrier,103,train
dataset/train/soft_coated_wheaten_terrier/02474.jpg,soft_coated_wheaten_terrier,103,train
dataset/train/soft_coated_wheaten_terrier/02138.jpg,soft_coated_wheaten_terrier,103,train
dataset/train/soft_coated_wheaten_terrier/02074.jpg,soft_coated_wheaten_terrier,103,train
dataset/train/soft_coated_wheaten_terrier/02550.jpg,soft_coated_wheaten_terrier,103,train
dataset/train/soft_coated_wheaten_terrier/01213.jpg,soft_coated_wheaten_terrier,103,train
dataset/train/soft_coated_wheaten_terrier/01199.jpg,soft_coated_wheaten_terrier,103,train
dataset/train/soft_coated_wheaten_terrier/00196.jpg,soft_coated_wheaten_terrier,103,train
dataset/train/soft_coated_wheaten_terrier/02143.jpg,soft_coated_wheaten_terrier,103,train
dataset/train/soft_coated_wheaten_terrier/03069.jpg,soft_coated_wheaten_terrier,103,train
dataset/train/soft_coated_wheaten_terrier/01190.jpg,soft_coated_wheaten_terrier,103,train
dataset/train/soft_coated_wheaten_terrier/02846.jpg,soft_coated_wheaten_terrier,103,train
dataset/train/soft_coated_wheaten_terrier/01155.jpg,soft_coated_wheaten_terrier,103,train
dataset/train/soft_coated_wheaten_terrier/01024.jpg,soft_coated_wheaten_terrier,103,train
dataset/train/soft_coated_wheaten_terrier/01564.jpg,soft_coated_wheaten_terrier,103,train
dataset/train/soft_coated_wheaten_terrier/02066.jpg,soft_coated_wheaten_terrier,103,train
dataset/train/soft_coated_wheaten_terrier/02897.jpg,soft_coated_wheaten_terrier,103,train
dataset/train/soft_coated_wheaten_terrier/02942.jpg,soft_coated_wheaten_terrier,103,train
dataset/train/soft_coated_wheaten_terrier/01066.jpg,soft_coated_wheaten_terrier,103,train
dataset/train/soft_coated_wheaten_terrier/02103.jpg,soft_coated_wheaten_terrier,103,train
dataset/train/soft_coated_wheaten_terrier/01204.jpg,soft_coated_wheaten_terrier,103,train
dataset/train/soft_coated_wheaten_terrier/01791.jpg,soft_coated_wheaten_terrier,103,train
dataset/train/soft_coated_wheaten_terrier/02378.jpg,soft_coated_wheaten_terrier,103,train
dataset/train/soft_coated_wheaten_terrier/00285.jpg,soft_coated_wheaten_terrier,103,train
dataset/train/soft_coated_wheaten_terrier/02757.jpg,soft_coated_wheaten_terrier,103,train
dataset/train/soft_coated_wheaten_terrier/01228.jpg,soft_coated_wheaten_terrier,103,train
dataset/train/soft_coated_wheaten_terrier/01789.jpg,soft_coated_wheaten_terrier,103,train
dataset/train/soft_coated_wheaten_terrier/01837.jpg,soft_coated_wheaten_terrier,103,train
dataset/train/soft_coated_wheaten_terrier/02455.jpg,soft_coated_wheaten_terrier,103,train
dataset/train/soft_coated_wheaten_terrier/02872.jpg,soft_coated_wheaten_terrier,103,train
dataset/train/soft_coated_wheaten_terrier/02462.jpg,soft_coated_wheaten_terrier,103,train
dataset/train/soft_coated_wheaten_terrier/02477.jpg,soft_coated_wheaten_terrier,103,train
dataset/train/soft_coated_wheaten_terrier/03136.jpg,soft_coated_wheaten_terrier,103,train
dataset/train/soft_coated_wheaten_terrier/01588.jpg,soft_coated_wheaten_terrier,103,train
dataset/train/soft_coated_wheaten_terrier/01139.jpg,soft_coated_wheaten_terrier,103,train
dataset/train/soft_coated_wheaten_terrier/01090.jpg,soft_coated_wheaten_terrier,103,train
dataset/train/soft_coated_wheaten_terrier/00205.jpg,soft_coated_wheaten_terrier,103,train
dataset/train/soft_coated_wheaten_terrier/02435.jpg,soft_coated_wheaten_terrier,103,train
dataset/train/soft_coated_wheaten_terrier/00190.jpg,soft_coated_wheaten_terrier,103,train
dataset/train/soft_coated_wheaten_terrier/02458.jpg,soft_coated_wheaten_terrier,103,train
dataset/train/soft_coated_wheaten_terrier/01583.jpg,soft_coated_wheaten_terrier,103,train
dataset/train/soft_coated_wheaten_terrier/02873.jpg,soft_coated_wheaten_terrier,103,val
dataset/train/soft_coated_wheaten_terrier/03163.jpg,soft_coated_wheaten_terrier,103,val
dataset/train/soft_coated_wheaten_terrier/03142.jpg,soft_coated_wheaten_terrier,103,val
dataset/train/soft_coated_wheaten_terrier/01743.jpg,soft_coated_wheaten_terrier,103,val
dataset/train/soft_coated_wheaten_terrier/01355.jpg,soft_coated_wheaten_terrier,103,val
dataset/train/soft_coated_wheaten_terrier/01062.jpg,soft_coated_wheaten_terrier,103,val
dataset/train/soft_coated_wheaten_terrier/01615.jpg,soft_coated_wheaten_terrier,103,val
dataset/train/soft_coated_wheaten_terrier/01627.jpg,soft_coated_wheaten_terrier,103,val
dataset/train/soft_coated_wheaten_terrier/02842.jpg,soft_coated_wheaten_terrier,103,val
dataset/train/soft_coated_wheaten_terrier/01998.jpg,soft_coated_wheaten_terrier,103,val
dataset/train/soft_coated_wheaten_terrier/01944.jpg,soft_coated_wheaten_terrier,103,val
dataset/train/soft_coated_wheaten_terrier/02639.jpg,soft_coated_wheaten_terrier,103,val
dataset/train/soft_coated_wheaten_terrier/03048.jpg,soft_coated_wheaten_terrier,103,val
dataset/train/soft_coated_wheaten_terrier/00162.jpg,soft_coated_wheaten_terrier,103,val
dataset/train/soft_coated_wheaten_terrier/02031.jpg,soft_coated_wheaten_terrier,103,val
dataset/train/soft_coated_wheaten_terrier/01532.jpg,soft_coated_wheaten_terrier,103,val
dataset/train/soft_coated_wheaten_terrier/02744.jpg,soft_coated_wheaten_terrier,103,val
dataset/train/soft_coated_wheaten_terrier/01242.jpg,soft_coated_wheaten_terrier,103,val
dataset/train/soft_coated_wheaten_terrier/01578.jpg,soft_coated_wheaten_terrier,103,val
dataset/train/soft_coated_wheaten_terrier/02456.jpg,soft_coated_wheaten_terrier,103,val
dataset/train/staffordshire_bullterrier/00272.jpg,staffordshire_bullterrier,104,train
dataset/train/staffordshire_bullterrier/01549.jpg,staffordshire_bullterrier,104,train
dataset/train/staffordshire_bullterrier/04058.jpg,staffordshire_bullterrier,104,train
dataset/train/staffordshire_bullterrier/11023.jpg,staffordshire_bullterrier,104,train
dataset/train/staffordshire_bullterrier/03595.jpg,staffordshire_bullterrier,104,train
dataset/train/staffordshire_bullterrier/13419.jpg,staffordshire_bullterrier,104,train
dataset/train/staffordshire_bullterrier/03872.jpg,staffordshire_bullterrier,104,train
dataset/train/staffordshire_bullterrier/04452.jpg,staffordshire_bullterrier,104,train
dataset/train/staffordshire_bullterrier/02416.jpg,staffordshire_bullterrier,104,train
dataset/train/staffordshire_bullterrier/01384.jpg,staffordshire_bullterrier,104,train
dataset/train/staffordshire_bullterrier/11820.jpg,staffordshire_bullterrier,104,train
dataset/train/staffordshire_bullterrier/04374.jpg,staffordshire_bullterrier,104,train
dataset/train/staffordshire_bullterrier/13858.jpg,staffordshire_bullterrier,104,train
dataset/train/staffordshire_bullterrier/14522.jpg,staffordshire_bullterrier,104,train
dataset/train/staffordshire_bullterrier/14933.jpg,staffordshire_bullterrier,104,train
dataset/train/staffordshire_bullterrier/11836.jpg,staffordshire_bullterrier,104,train
dataset/train/staffordshire_bullterrier/03297.jpg,staffordshire_bullterrier,104,train
dataset/train/staffordshire_bullterrier/04658.jpg,staffordshire_bullterrier,104,train
dataset/train/staffordshire_bullterrier/04997.jpg,staffordshire_bullterrier,104,train
dataset/train/staffordshire_bullterrier/01132.jpg,staffordshire_bullterrier,104,train
dataset/train/staffordshire_bullterrier/03762.jpg,staffordshire_bullterrier,104,train
dataset/train/staffordshire_bullterrier/00225.jpg,staffordshire_bullterrier,104,train
dataset/train/staffordshire_bullterrier/03582.jpg,staffordshire_bullterrier,104,train
dataset/train/staffordshire_bullterrier/02987.jpg,staffordshire_bullterrier,104,train
dataset/train/staffordshire_bullterrier/04972.jpg,staffordshire_bullterrier,104,train
dataset/train/staffordshire_bullterrier/01757.jpg,staffordshire_bullterrier,104,train
dataset/train/staffordshire_bullterrier/01638.jpg,staffordshire_bullterrier,104,train
dataset/train/staffordshire_bullterrier/01745.jpg,staffordshire_bullterrier,104,train
dataset/train/staffordshire_bullterrier/11732.jpg,staffordshire_bullterrier,104,train
dataset/train/staffordshire_bullterrier/04007.jpg,staffordshire_bullterrier,104,train
dataset/train/staffordshire_bullterrier/02817.jpg,staffordshire_bullterrier,104,train
dataset/train/staffordshire_bullterrier/14608.jpg,staffordshire_bullterrier,104,train
dataset/train/staffordshire_bullterrier/02748.jpg,staffordshire_bullterrier,104,train
dataset/train/staffordshire_bullterrier/00291.jpg,staffordshire_bullterrier,104,train
dataset/train/staffordshire_bullterrier/00264.jpg,staffordshire_bullterrier,104,train
dataset/train/staffordshire_bullterrier/01939.jpg,staffordshire_bullterrier,104,train
dataset/train/staffordshire_bullterrier/00269.jpg,staffordshire_bullterrier,104,train
dataset/train/staffordshire_bullterrier/02405.jpg,staffordshire_bullterrier,104,train
dataset/train/staffordshire_bullterrier/03941.jpg,staffordshire_bullterrier,104,train
dataset/train/staffordshire_bullterrier/01489.jpg,staffordshire_bullterrier,104,train
dataset/train/staffordshire_bullterrier/01272.jpg,staffordshire_bullterrier,104,train
dataset/train/staffordshire_bullterrier/01923.jpg,staffordshire_bullterrier,104,train
dataset/train/staffordshire_bullterrier/01826.jpg,staffordshire_bullterrier,104,train
dataset/train/staffordshire_bullterrier/02763.jpg,staffordshire_bullterrier,104,train
dataset/train/staffordshire_bullterrier/03906.jpg,staffordshire_bullterrier,104,train
dataset/train/staffordshire_bullterrier/01371.jpg,staffordshire_bullterrier,104,train
dataset/train/staffordshire_bullterrier/01183.jpg,staffordshire_bullterrier,104,train
dataset/train/staffordshire_bullterrier/03190.jpg,staffordshire_bullterrier,104,train
dataset/train/staffordshire_bullterrier/01487.jpg,staffordshire_bullterrier,104,train
dataset/train/staffordshire_bullterrier/03353.jpg,staffordshire_bullterrier,104,train
dataset/train/staffordshire_bullterrier/03877.jpg,staffordshire_bullterrier,104,train
dataset/train/staffordshire_bullterrier/01854.jpg,staffordshire_bullterrier,104,train
dataset/train/staffordshire_bullterrier/01134.jpg,staffordshire_bullterrier,104,train
dataset/train/staffordshire_bullterrier/02678.jpg,staffordshire_bullterrier,104,train
dataset/train/staffordshire_bullterrier/04022.jpg,staffordshire_bullterrier,104,train
dataset/train/staffordshire_bullterrier/02542.jpg,staffordshire_bullterrier,104,train
dataset/train/staffordshire_bullterrier/01602.jpg,staffordshire_bullterrier,104,train
dataset/train/staffordshire_bullterrier/02073.jpg,staffordshire_bullterrier,104,train
dataset/train/staffordshire_bullterrier/00367.jpg,staffordshire_bullterrier,104,train
dataset/train/staffordshire_bullterrier/13267.jpg,staffordshire_bullterrier,104,train
dataset/train/staffordshire_bullterrier/01309.jpg,staffordshire_bullterrier,104,train
dataset/train/staffordshire_bullterrier/04245.jpg,staffordshire_bullterrier,104,train
dataset/train/staffordshire_bullterrier/01727.jpg,staffordshire_bullterrier,104,train
dataset/train/staffordshire_bullterrier/03306.jpg,staffordshire_bullterrier,104,train
dataset/train/staffordshire_bullterrier/14807.jpg,staffordshire_bullterrier,104,train
dataset/train/staffordshire_bullterrier/03529.jpg,staffordshire_bullterrier,104,train
dataset/train/staffordshire_bullterrier/04888.jpg,staffordshire_bullterrier,104,train
dataset/train/staffordshire_bullterrier/12347.jpg,staffordshire_bullterrier,104,train
dataset/train/staffordshire_bullterrier/02353.jpg,staffordshire_bullterrier,104,train
dataset/train/staffordshire_bullterrier/03378.jpg,staffordshire_bullterrier,104,train
dataset/train/staffordshire_bullterrier/01643.jpg,staffordshire_bullterrier,104,train
dataset/train/staffordshire_bullterrier/04874.jpg,staffordshire_bullterrier,104,train
dataset/train/staffordshire_bullterrier/03323.jpg,staffordshire_bullterrier,104,train
dataset/train/staffordshire_bullterrier/02711.jpg,staffordshire_bullterrier,104,train
dataset/train/staffordshire_bullterrier/12785.jpg,staffordshire_bullterrier,104,train
dataset/train/staffordshire_bullterrier/12174.jpg,staffordshire_bullterrier,104,train
dataset/train/staffordshire_bullterrier/02975.jpg,staffordshire_bullterrier,104,train
dataset/train/staffordshire_bullterrier/03614.jpg,staffordshire_bullterrier,104,train
dataset/train/staffordshire_bullterrier/10078.jpg,staffordshire_bullterrier,104,train
dataset/train/staffordshire_bullterrier/02557.jpg,staffordshire_bullterrier,104,train
dataset/train/staffordshire_bullterrier/01546.jpg,staffordshire_bullterrier,104,val
dataset/train/staffordshire_bullterrier/01505.jpg,staffordshire_bullterrier,104,val
dataset/train/staffordshire_bullterrier/00417.jpg,staffordshire_bullterrier,104,val
dataset/train/staffordshire_bullterrier/01275.jpg,staffordshire_bullterrier,104,val
dataset/train/staffordshire_bullterrier/04090.jpg,staffordshire_bullterrier,104,val
dataset/train/staffordshire_bullterrier/02513.jpg,staffordshire_bullterrier,104,val
dataset/train/staffordshire_bullterrier/11806.jpg,staffordshire_bullterrier,104,val
dataset/train/staffordshire_bullterrier/02737.jpg,staffordshire_bullterrier,104,val
dataset/train/staffordshire_bullterrier/02780.jpg,staffordshire_bullterrier,104,val
dataset/train/staffordshire_bullterrier/03812.jpg,staffordshire_bullterrier,104,val
dataset/train/staffordshire_bullterrier/11569.jpg,staffordshire_bullterrier,104,val
dataset/train/staffordshire_bullterrier/04678.jpg,staffordshire_bullterrier,104,val
dataset/train/staffordshire_bullterrier/04036.jpg,staffordshire_bullterrier,104,val
dataset/train/staffordshire_bullterrier/03799.jpg,staffordshire_bullterrier,104,val
dataset/train/staffordshire_bullterrier/03462.jpg,staffordshire_bullterrier,104,val
dataset/train/staffordshire_bullterrier/03113.jpg,staffordshire_bullterrier,104,val
dataset/train/staffordshire_bullterrier/03325.jpg,staffordshire_bullterrier,104,val
dataset/train/staffordshire_bullterrier/04263.jpg,staffordshire_bullterrier,104,val
dataset/train/staffordshire_bullterrier/03994.jpg,staffordshire_bullterrier,104,val
dataset/train/staffordshire_bullterrier/14914.jpg,staffordshire_bullterrier,104,val
dataset/train/standard_poodle/02292.jpg,standard_poodle,105,train
dataset/train/standard_poodle/02648.jpg,standard_poodle,105,train
dataset/train/standard_poodle/00448.jpg,standard_poodle,105,train
dataset/train/standard_poodle/01144.jpg,standard_poodle,105,train
dataset/train/standard_poodle/01646.jpg,standard_poodle,105,train
dataset/train/standard_poodle/00311.jpg,standard_poodle,105,train
dataset/train/standard_poodle/01572.jpg,standard_poodle,105,train
dataset/train/standard_poodle/01906.jpg,standard_poodle,105,train
dataset/train/standard_poodle/02426.jpg,standard_poodle,105,train
dataset/train/standard_poodle/02729.jpg,standard_poodle,105,train
dataset/train/standard_poodle/02600.jpg,standard_poodle,105,train
dataset/train/standard_poodle/01316.jpg,standard_poodle,105,train
dataset/train/standard_poodle/01121.jpg,standard_poodle,105,train
dataset/train/standard_poodle/00254.jpg,standard_poodle,105,train
dataset/train/standard_poodle/02814.jpg,standard_poodle,105,train
dataset/train/standard_poodle/01474.jpg,standard_poodle,105,train
dataset/train/standard_poodle/01922.jpg,standard_poodle,105,train
dataset/train/standard_poodle/02478.jpg,standard_poodle,105,train
dataset/train/standard_poodle/01743.jpg,standard_poodle,105,train
dataset/train/standard_poodle/02504.jpg,standard_poodle,105,train
dataset/train/standard_poodle/02017.jpg,standard_poodle,105,train
dataset/train/standard_poodle/03278.jpg,standard_poodle,105,train
dataset/train/standard_poodle/02733.jpg,standard_poodle,105,train
dataset/train/standard_poodle/02187.jpg,standard_poodle,105,train
dataset/train/standard_poodle/01207.jpg,standard_poodle,105,train
dataset/train/standard_poodle/02291.jpg,standard_poodle,105,train
dataset/train/standard_poodle/02280.jpg,standard_poodle,105,train
dataset/train/standard_poodle/00447.jpg,standard_poodle,105,train
dataset/train/standard_poodle/00298.jpg,standard_poodle,105,train
dataset/train/standard_poodle/01439.jpg,standard_poodle,105,train
dataset/train/standard_poodle/04454.jpg,standard_poodle,105,train
dataset/train/standard_poodle/01539.jpg,standard_poodle,105,train
dataset/train/standard_poodle/04248.jpg,standard_poodle,105,train
dataset/train/standard_poodle/03978.jpg,standard_poodle,105,train
dataset/train/standard_poodle/04499.jpg,standard_poodle,105,train
dataset/train/standard_poodle/01728.jpg,standard_poodle,105,train
dataset/train/standard_poodle/01568.jpg,standard_poodle,105,train
dataset/train/standard_poodle/02248.jpg,standard_poodle,105,train
dataset/train/standard_poodle/01155.jpg,standard_poodle,105,train
dataset/train/standard_poodle/02043.jpg,standard_poodle,105,train
dataset/train/standard_poodle/04491.jpg,standard_poodle,105,train
dataset/train/standard_poodle/01536.jpg,standard_poodle,105,train
dataset/train/standard_poodle/01395.jpg,standard_poodle,105,train
dataset/train/standard_poodle/00273.jpg,standard_poodle,105,train
dataset/train/standard_poodle/02369.jpg,standard_poodle,105,train
dataset/train/standard_poodle/01183.jpg,standard_poodle,105,train
dataset/train/standard_poodle/00341.jpg,standard_poodle,105,train
dataset/train/standard_poodle/01444.jpg,standard_poodle,105,train
dataset/train/standard_poodle/00300.jpg,standard_poodle,105,train
dataset/train/standard_poodle/01328.jpg,standard_poodle,105,train
dataset/train/standard_poodle/01798.jpg,standard_poodle,105,train
dataset/train/standard_poodle/00156.jpg,standard_poodle,105,train
dataset/train/standard_poodle/00253.jpg,standard_poodle,105,train
dataset/train/standard_poodle/02068.jpg,standard_poodle,105,train
dataset/train/standard_poodle/00204.jpg,standard_poodle,105,train
dataset/train/standard_poodle/00336.jpg,standard_poodle,105,train
dataset/train/standard_poodle/03054.jpg,standard_poodle,105,train
dataset/train/standard_poodle/01518.jpg,standard_poodle,105,train
dataset/train/standard_poodle/01962.jpg,standard_poodle,105,train
dataset/train/standard_poodle/01532.jpg,standard_poodle,105,train
dataset/train/standard_poodle/01344.jpg,standard_poodle,105,train
dataset/train/standard_poodle/01976.jpg,standard_poodle,105,train
dataset/train/standard_poodle/03695.jpg,standard_poodle,105,train
dataset/train/standard_poodle/00153.jpg,standard_poodle,105,train
dataset/train/standard_poodle/02746.jpg,standard_poodle,105,train
dataset/train/standard_poodle/04604.jpg,standard_poodle,105,train
dataset/train/standard_poodle/04740.jpg,standard_poodle,105,train
dataset/train/standard_poodle/01727.jpg,standard_poodle,105,train
dataset/train/standard_poodle/04046.jpg,standard_poodle,105,train
dataset/train/standard_poodle/01980.jpg,standard_poodle,105,train
dataset/train/standard_poodle/00419.jpg,standard_poodle,105,train
dataset/train/standard_poodle/04458.jpg,standard_poodle,105,train
dataset/train/standard_poodle/04448.jpg,standard_poodle,105,train
dataset/train/standard_poodle/03356.jpg,standard_poodle,105,train
dataset/train/standard_poodle/03098.jpg,standard_poodle,105,train
dataset/train/standard_poodle/02401.jpg,standard_poodle,105,train
dataset/train/standard_poodle/03055.jpg,standard_poodle,105,train
dataset/train/standard_poodle/00283.jpg,standard_poodle,105,train
dataset/train/standard_poodle/04143.jpg,standard_poodle,105,train
dataset/train/standard_poodle/02139.jpg,standard_poodle,105,train
dataset/train/standard_poodle/02650.jpg,standard_poodle,105,val
dataset/train/standard_poodle/01537.jpg,standard_poodle,105,val
dataset/train/standard_poodle/02765.jpg,standard_poodle,105,val
dataset/train/standard_poodle/01696.jpg,standard_poodle,105,val
dataset/train/standard_poodle/01057.jpg,standard_poodle,105,val
dataset/train/standard_poodle/04557.jpg,standard_poodle,105,val
dataset/train/standard_poodle/02073.jpg,standard_poodle,105,val
dataset/train/standard_poodle/02096.jpg,standard_poodle,105,val
dataset/train/standard_poodle/02321.jpg,standard_poodle,105,val
dataset/train/standard_poodle/02932.jpg,standard_poodle,105,val
dataset/train/standard_poodle/03945.jpg,standard_poodle,105,val
dataset/train/standard_poodle/02037.jpg,standard_poodle,105,val
dataset/train/standard_poodle/04642.jpg,standard_poodle,105,val
dataset/train/standard_poodle/01793.jpg,standard_poodle,105,val
dataset/train/standard_poodle/01864.jpg,standard_poodle,105,val
dataset/train/standard_poodle/00333.jpg,standard_poodle,105,val
dataset/train/standard_poodle/02333.jpg,standard_poodle,105,val
dataset/train/standard_poodle/02466.jpg,standard_poodle,105,val
dataset/train/standard_poodle/02325.jpg,standard_poodle,105,val
dataset/train/standard_poodle/01140.jpg,standard_poodle,105,val
dataset/train/standard_schnauzer/03430.jpg,standard_schnauzer,106,train
dataset/train/standard_schnauzer/02214.jpg,standard_schnauzer,106,train
dataset/train/standard_schnauzer/00221.jpg,standard_schnauzer,106,train
dataset/train/standard_schnauzer/02629.jpg,standard_schnauzer,106,train
dataset/train/standard_schnauzer/02555.jpg,standard_schnauzer,106,train
dataset/train/standard_schnauzer/03275.jpg,standard_schnauzer,106,train
dataset/train/standard_schnauzer/01531.jpg,standard_schnauzer,106,train
dataset/train/standard_schnauzer/01760.jpg,standard_schnauzer,106,train
dataset/train/standard_schnauzer/02196.jpg,standard_schnauzer,106,train
dataset/train/standard_schnauzer/00226.jpg,standard_schnauzer,106,train
dataset/train/standard_schnauzer/02423.jpg,standard_schnauzer,106,train
dataset/train/standard_schnauzer/03428.jpg,standard_schnauzer,106,train
dataset/train/standard_schnauzer/02676.jpg,standard_schnauzer,106,train
dataset/train/standard_schnauzer/00001.jpg,standard_schnauzer,106,train
dataset/train/standard_schnauzer/01491.jpg,standard_schnauzer,106,train
dataset/train/standard_schnauzer/01063.jpg,standard_schnauzer,106,train
dataset/train/standard_schnauzer/01298.jpg,standard_schnauzer,106,train
dataset/train/standard_schnauzer/02382.jpg,standard_schnauzer,106,train
dataset/train/standard_schnauzer/01363.jpg,standard_schnauzer,106,train
dataset/train/standard_schnauzer/01807.jpg,standard_schnauzer,106,train
dataset/train/standard_schnauzer/03470.jpg,standard_schnauzer,106,train
dataset/train/standard_schnauzer/02194.jpg,standard_schnauzer,106,train
dataset/train/standard_schnauzer/02509.jpg,standard_schnauzer,106,train
dataset/train/standard_schnauzer/00193.jpg,standard_schnauzer,106,train
dataset/train/standard_schnauzer/01560.jpg,standard_schnauzer,106,train
dataset/train/standard_schnauzer/01101.jpg,standard_schnauzer,106,train
dataset/train/standard_schnauzer/03151.jpg,standard_schnauzer,106,train
dataset/train/standard_schnauzer/02998.jpg,standard_schnauzer,106,train
dataset/train/standard_schnauzer/01303.jpg,standard_schnauzer,106,train
dataset/train/standard_schnauzer/02027.jpg,standard_schnauzer,106,train
dataset/train/standard_schnauzer/01133.jpg,standard_schnauzer,106,train
dataset/train/standard_schnauzer/03281.jpg,standard_schnauzer,106,train
dataset/train/standard_schnauzer/02432.jpg,standard_schnauzer,106,train
dataset/train/standard_schnauzer/01240.jpg,standard_schnauzer,106,train
dataset/train/standard_schnauzer/02205.jpg,standard_schnauzer,106,train
dataset/train/standard_schnauzer/02477.jpg,standard_schnauzer,106,train
dataset/train/standard_schnauzer/02684.jpg,standard_schnauzer,106,train
dataset/train/standard_schnauzer/02468.jpg,standard_schnauzer,106,train
dataset/train/standard_schnauzer/01536.jpg,standard_schnauzer,106,train
dataset/train/standard_schnauzer/03202.jpg,standard_schnauzer,106,train
dataset/train/standard_schnauzer/02714.jpg,standard_schnauzer,106,train
dataset/train/standard_schnauzer/02195.jpg,standard_schnauzer,106,train
dataset/train/standard_schnauzer/01889.jpg,standard_schnauzer,106,train
dataset/train/standard_schnauzer/01839.jpg,standard_schnauzer,106,train
dataset/train/standard_schnauzer/01653.jpg,standard_schnauzer,106,train
dataset/train/standard_schnauzer/03543.jpg,standard_schnauzer,106,train
dataset/train/standard_schnauzer/01923.jpg,standard_schnauzer,106,train
dataset/train/standard_schnauzer/02347.jpg,standard_schnauzer,106,train
dataset/train/standard_schnauzer/03089.jpg,standard_schnauzer,106,train
dataset/train/standard_schnauzer/00213.jpg,standard_schnauzer,106,train
dataset/train/standard_schnauzer/01377.jpg,standard_schnauzer,106,train
dataset/train/standard_schnauzer/03447.jpg,standard_schnauzer,106,train
dataset/train/standard_schnauzer/01247.jpg,standard_schnauzer,106,train
dataset/train/standard_schnauzer/01364.jpg,standard_schnauzer,106,train
dataset/train/standard_schnauzer/01772.jpg,standard_schnauzer,106,train
dataset/train/standard_schnauzer/02493.jpg,standard_schnauzer,106,train
dataset/train/standard_schnauzer/02084.jpg,standard_schnauzer,106,train
dataset/train/standard_schnauzer/01186.jpg,standard_schnauzer,106,train
dataset/train/standard_schnauzer/00283.jpg,standard_schnauzer,106,train
dataset/train/standard_schnauzer/01042.jpg,standard_schnauzer,106,train
dataset/train/standard_schnauzer/02956.jpg,standard_schnauzer,106,train
dataset/train/standard_schnauzer/01517.jpg,standard_schnauzer,106,train
dataset/train/standard_schnauzer/02274.jpg,standard_schnauzer,106,train
dataset/train/standard_schnauzer/01514.jpg,standard_schnauzer,106,train
dataset/train/standard_schnauzer/01831.jpg,standard_schnauzer,106,train
dataset/train/standard_schnauzer/01164.jpg,standard_schnauzer,106,train
dataset/train/standard_schnauzer/02924.jpg,standard_schnauzer,106,train
dataset/train/standard_schnauzer/00169.jpg,standard_schnauzer,106,train
dataset/train/standard_schnauzer/03423.jpg,standard_schnauzer,106,train
dataset/train/standard_schnauzer/00015.jpg,standard_schnauzer,106,train
dataset/train/standard_schnauzer/03366.jpg,standard_schnauzer,106,train
dataset/train/standard_schnauzer/02813.jpg,standard_schnauzer,106,train
dataset/train/standard_schnauzer/02502.jpg,standard_schnauzer,106,train
dataset/train/standard_schnauzer/01500.jpg,standard_schnauzer,106,train
dataset/train/standard_schnauzer/02992.jpg,standard_schnauzer,106,train
dataset/train/standard_schnauzer/02505.jpg,standard_schnauzer,106,train
dataset/train/standard_schnauzer/02087.jpg,standard_schnauzer,106,train
dataset/train/standard_schnauzer/02365.jpg,standard_schnauzer,106,train
dataset/train/standard_schnauzer/02810.jpg,standard_schnauzer,106,train
dataset/train/standard_schnauzer/02867.jpg,standard_schnauzer,106,train
dataset/train/standard_schnauzer/03534.jpg,standard_schnauzer,106,val
dataset/train/standard_schnauzer/01337.jpg,standard_schnauzer,106,val
dataset/train/standard_schnauzer/01038.jpg,standard_schnauzer,106,val
dataset/train/standard_schnauzer/01004.jpg,standard_schnauzer,106,val
dataset/train/standard_schnauzer/02276.jpg,standard_schnauzer,106,val
dataset/train/standard_schnauzer/01954.jpg,standard_schnauzer,106,val
dataset/train/standard_schnauzer/01092.jpg,standard_schnauzer,106,val
dataset/train/standard_schnauzer/03383.jpg,standard_schnauzer,106,val
dataset/train/standard_schnauzer/02722.jpg,standard_schnauzer,106,val
dataset/train/standard_schnauzer/02990.jpg,standard_schnauzer,106,val
dataset/train/standard_schnauzer/01947.jpg,standard_schnauzer,106,val
dataset/train/standard_schnauzer/01387.jpg,standard_schnauzer,106,val
dataset/train/standard_schnauzer/03144.jpg,standard_schnauzer,106,val
dataset/train/standard_schnauzer/02845.jpg,standard_schnauzer,106,val
dataset/train/standard_schnauzer/03401.jpg,standard_schnauzer,106,val
dataset/train/standard_schnauzer/01963.jpg,standard_schnauzer,106,val
dataset/train/standard_schnauzer/01353.jpg,standard_schnauzer,106,val
dataset/train/standard_schnauzer/01170.jpg,standard_schnauzer,106,val
dataset/train/standard_schnauzer/03172.jpg,standard_schnauzer,106,val
dataset/train/standard_schnauzer/02793.jpg,standard_schnauzer,106,val
dataset/train/sussex_spaniel/01649.jpg,sussex_spaniel,107,train
dataset/train/sussex_spaniel/06047.jpg,sussex_spaniel,107,train
dataset/train/sussex_spaniel/03588.jpg,sussex_spaniel,107,train
dataset/train/sussex_spaniel/00101.jpg,sussex_spaniel,107,train
dataset/train/sussex_spaniel/05031.jpg,sussex_spaniel,107,train
dataset/train/sussex_spaniel/00582.jpg,sussex_spaniel,107,train
dataset/train/sussex_spaniel/02875.jpg,sussex_spaniel,107,train
dataset/train/sussex_spaniel/02041.jpg,sussex_spaniel,107,train
dataset/train/sussex_spaniel/01748.jpg,sussex_spaniel,107,train
dataset/train/sussex_spaniel/04244.jpg,sussex_spaniel,107,train
dataset/train/sussex_spaniel/05442.jpg,sussex_spaniel,107,train
dataset/train/sussex_spaniel/05158.jpg,sussex_spaniel,107,train
dataset/train/sussex_spaniel/01810.jpg,sussex_spaniel,107,train
dataset/train/sussex_spaniel/02622.jpg,sussex_spaniel,107,train
dataset/train/sussex_spaniel/04640.jpg,sussex_spaniel,107,train
dataset/train/sussex_spaniel/05440.jpg,sussex_spaniel,107,train
dataset/train/sussex_spaniel/04923.jpg,sussex_spaniel,107,train
dataset/train/sussex_spaniel/00308.jpg,sussex_spaniel,107,train
dataset/train/sussex_spaniel/05514.jpg,sussex_spaniel,107,train
dataset/train/sussex_spaniel/04937.jpg,sussex_spaniel,107,train
dataset/train/sussex_spaniel/00147.jpg,sussex_spaniel,107,train
dataset/train/sussex_spaniel/03771.jpg,sussex_spaniel,107,train
dataset/train/sussex_spaniel/04150.jpg,sussex_spaniel,107,train
dataset/train/sussex_spaniel/05354.jpg,sussex_spaniel,107,train
dataset/train/sussex_spaniel/05906.jpg,sussex_spaniel,107,train
dataset/train/sussex_spaniel/02224.jpg,sussex_spaniel,107,train
dataset/train/sussex_spaniel/04388.jpg,sussex_spaniel,107,train
dataset/train/sussex_spaniel/04373.jpg,sussex_spaniel,107,train
dataset/train/sussex_spaniel/02423.jpg,sussex_spaniel,107,train
dataset/train/sussex_spaniel/06105.jpg,sussex_spaniel,107,train
dataset/train/sussex_spaniel/03108.jpg,sussex_spaniel,107,train
dataset/train/sussex_spaniel/02198.jpg,sussex_spaniel,107,train
dataset/train/sussex_spaniel/04415.jpg,sussex_spaniel,107,train
dataset/train/sussex_spaniel/05937.jpg,sussex_spaniel,107,train
dataset/train/sussex_spaniel/05084.jpg,sussex_spaniel,107,train
dataset/train/sussex_spaniel/05792.jpg,sussex_spaniel,107,train
dataset/train/sussex_spaniel/00041.jpg,sussex_spaniel,107,train
dataset/train/sussex_spaniel/05234.jpg,sussex_spaniel,107,train
dataset/train/sussex_spaniel/05734.jpg,sussex_spaniel,107,train
dataset/train/sussex_spaniel/01525.jpg,sussex_spaniel,107,train
dataset/train/sussex_spaniel/02899.jpg,sussex_spaniel,107,train
dataset/train/sussex_spaniel/04270.jpg,sussex_spaniel,107,train
dataset/train/sussex_spaniel/00366.jpg,sussex_spaniel,107,train
dataset/train/sussex_spaniel/04179.jpg,sussex_spaniel,107,train
dataset/train/sussex_spaniel/00424.jpg,sussex_spaniel,107,train
dataset/train/sussex_spaniel/05651.jpg,sussex_spaniel,107,train
dataset/train/sussex_spaniel/05070.jpg,sussex_spaniel,107,train
dataset/train/sussex_spaniel/03762.jpg,sussex_spaniel,107,train
dataset/train/sussex_spaniel/04670.jpg,sussex_spaniel,107,train
dataset/train/sussex_spaniel/04132.jpg,sussex_spaniel,107,train
dataset/train/sussex_spaniel/04698.jpg,sussex_spaniel,107,train
dataset/train/sussex_spaniel/06167.jpg,sussex_spaniel,107,train
dataset/train/sussex_spaniel/03436.jpg,sussex_spaniel,107,train
dataset/train/sussex_spaniel/02192.jpg,sussex_spaniel,107,train
dataset/train/sussex_spaniel/05065.jpg,sussex_spaniel,107,train
dataset/train/sussex_spaniel/05703.jpg,sussex_spaniel,107,train
dataset/train/sussex_spaniel/05021.jpg,sussex_spaniel,107,train
dataset/train/sussex_spaniel/05380.jpg,sussex_spaniel,107,train
dataset/train/sussex_spaniel/04030.jpg,sussex_spaniel,107,train
dataset/train/sussex_spaniel/06020.jpg,sussex_spaniel,107,train
dataset/train/sussex_spaniel/05760.jpg,sussex_spaniel,107,train
dataset/train/sussex_spaniel/05873.jpg,sussex_spaniel,107,train
dataset/train/sussex_spaniel/00105.jpg,sussex_spaniel,107,train
dataset/train/sussex_spaniel/06027.jpg,sussex_spaniel,107,train
dataset/train/sussex_spaniel/01965.jpg,sussex_spaniel,107,train
dataset/train/sussex_spaniel/04564.jpg,sussex_spaniel,107,train
dataset/train/sussex_spaniel/05430.jpg,sussex_spaniel,107,train
dataset/train/sussex_spaniel/04910.jpg,sussex_spaniel,107,train
dataset/train/sussex_spaniel/04544.jpg,sussex_spaniel,107,train
dataset/train/sussex_spaniel/04570.jpg,sussex_spaniel,107,train
dataset/train/sussex_spaniel/04737.jpg,sussex_spaniel,107,train
dataset/train/sussex_spaniel/02045.jpg,sussex_spaniel,107,train
dataset/train/sussex_spaniel/04365.jpg,sussex_spaniel,107,train
dataset/train/sussex_spaniel/04380.jpg,sussex_spaniel,107,train
dataset/train/sussex_spaniel/04295.jpg,sussex_spaniel,107,train
dataset/train/sussex_spaniel/00576.jpg,sussex_spaniel,107,train
dataset/train/sussex_spaniel/04743.jpg,sussex_spaniel,107,train
dataset/train/sussex_spaniel/03685.jpg,sussex_spaniel,107,train
dataset/train/sussex_spaniel/02385.jpg,sussex_spaniel,107,train
dataset/train/sussex_spaniel/05452.jpg,sussex_spaniel,107,train
dataset/train/sussex_spaniel/00142.jpg,sussex_spaniel,107,val
dataset/train/sussex_spaniel/05010.jpg,sussex_spaniel,107,val
dataset/train/sussex_spaniel/04769.jpg,sussex_spaniel,107,val
dataset/train/sussex_spaniel/00276.jpg,sussex_spaniel,107,val
dataset/train/sussex_spaniel/05391.jpg,sussex_spaniel,107,val
dataset/train/sussex_spaniel/05805.jpg,sussex_spaniel,107,val
dataset/train/sussex_spaniel/00267.jpg,sussex_spaniel,107,val
dataset/train/sussex_spaniel/01849.jpg,sussex_spaniel,107,val
dataset/train/sussex_spaniel/04134.jpg,sussex_spaniel,107,val
dataset/train/sussex_spaniel/05733.jpg,sussex_spaniel,107,val
dataset/train/sussex_spaniel/05808.jpg,sussex_spaniel,107,val
dataset/train/sussex_spaniel/05706.jpg,sussex_spaniel,107,val
dataset/train/sussex_spaniel/01676.jpg,sussex_spaniel,107,val
dataset/train/sussex_spaniel/01838.jpg,sussex_spaniel,107,val
dataset/train/sussex_spaniel/03717.jpg,sussex_spaniel,107,val
dataset/train/sussex_spaniel/04322.jpg,sussex_spaniel,107,val
dataset/train/sussex_spaniel/04392.jpg,sussex_spaniel,107,val
dataset/train/sussex_spaniel/02648.jpg,sussex_spaniel,107,val
dataset/train/sussex_spaniel/04217.jpg,sussex_spaniel,107,val
dataset/train/sussex_spaniel/04773.jpg,sussex_spaniel,107,val
dataset/train/tibetan_mastiff/02122.jpg,tibetan_mastiff,108,train
dataset/train/tibetan_mastiff/03147.jpg,tibetan_mastiff,108,train
dataset/train/tibetan_mastiff/04310.jpg,tibetan_mastiff,108,train
dataset/train/tibetan_mastiff/00232.jpg,tibetan_mastiff,108,train
dataset/train/tibetan_mastiff/00146.jpg,tibetan_mastiff,108,train
dataset/train/tibetan_mastiff/00175.jpg,tibetan_mastiff,108,train
dataset/train/tibetan_mastiff/01409.jpg,tibetan_mastiff,108,train
dataset/train/tibetan_mastiff/01724.jpg,tibetan_mastiff,108,train
dataset/train/tibetan_mastiff/00441.jpg,tibetan_mastiff,108,train
dataset/train/tibetan_mastiff/01408.jpg,tibetan_mastiff,108,train
dataset/train/tibetan_mastiff/01025.jpg,tibetan_mastiff,108,train
dataset/train/tibetan_mastiff/02326.jpg,tibetan_mastiff,108,train
dataset/train/tibetan_mastiff/02514.jpg,tibetan_mastiff,108,train
dataset/train/tibetan_mastiff/00351.jpg,tibetan_mastiff,108,train
dataset/train/tibetan_mastiff/01700.jpg,tibetan_mastiff,108,train
dataset/train/tibetan_mastiff/03980.jpg,tibetan_mastiff,108,train
dataset/train/tibetan_mastiff/00154.jpg,tibetan_mastiff,108,train
dataset/train/tibetan_mastiff/04284.jpg,tibetan_mastiff,108,train
dataset/train/tibetan_mastiff/02611.jpg,tibetan_mastiff,108,train
dataset/train/tibetan_mastiff/03662.jpg,tibetan_mastiff,108,train
dataset/train/tibetan_mastiff/01689.jpg,tibetan_mastiff,108,train
dataset/train/tibetan_mastiff/01380.jpg,tibetan_mastiff,108,train
dataset/train/tibetan_mastiff/00226.jpg,tibetan_mastiff,108,train
dataset/train/tibetan_mastiff/04236.jpg,tibetan_mastiff,108,train
dataset/train/tibetan_mastiff/02658.jpg,tibetan_mastiff,108,train
dataset/train/tibetan_mastiff/01451.jpg,tibetan_mastiff,108,train
dataset/train/tibetan_mastiff/02698.jpg,tibetan_mastiff,108,train
dataset/train/tibetan_mastiff/00227.jpg,tibetan_mastiff,108,train
dataset/train/tibetan_mastiff/01815.jpg,tibetan_mastiff,108,train
dataset/train/tibetan_mastiff/02097.jpg,tibetan_mastiff,108,train
dataset/train/tibetan_mastiff/01121.jpg,tibetan_mastiff,108,train
dataset/train/tibetan_mastiff/03501.jpg,tibetan_mastiff,108,train
dataset/train/tibetan_mastiff/04392.jpg,tibetan_mastiff,108,train
dataset/train/tibetan_mastiff/01326.jpg,tibetan_mastiff,108,train
dataset/train/tibetan_mastiff/01968.jpg,tibetan_mastiff,108,train
dataset/train/tibetan_mastiff/03222.jpg,tibetan_mastiff,108,train
dataset/train/tibetan_mastiff/01725.jpg,tibetan_mastiff,108,train
dataset/train/tibetan_mastiff/02596.jpg,tibetan_mastiff,108,train
dataset/train/tibetan_mastiff/01543.jpg,tibetan_mastiff,108,train
dataset/train/tibetan_mastiff/02948.jpg,tibetan_mastiff,108,train
dataset/train/tibetan_mastiff/03305.jpg,tibetan_mastiff,108,train
dataset/train/tibetan_mastiff/10182.jpg,tibetan_mastiff,108,train
dataset/train/tibetan_mastiff/00155.jpg,tibetan_mastiff,108,train
dataset/train/tibetan_mastiff/00246.jpg,tibetan_mastiff,108,train
dataset/train/tibetan_mastiff/02861.jpg,tibetan_mastiff,108,train
dataset/train/tibetan_mastiff/02667.jpg,tibetan_mastiff,108,train
dataset/train/tibetan_mastiff/04286.jpg,tibetan_mastiff,108,train
dataset/train/tibetan_mastiff/00103.jpg,tibetan_mastiff,108,train
dataset/train/tibetan_mastiff/03578.jpg,tibetan_mastiff,108,train
dataset/train/tibetan_mastiff/04421.jpg,tibetan_mastiff,108,train
dataset/train/tibetan_mastiff/01287.jpg,tibetan_mastiff,108,train
dataset/train/tibetan_mastiff/01553.jpg,tibetan_mastiff,108,train
dataset/train/tibetan_mastiff/00433.jpg,tibetan_mastiff,108,train
dataset/train/tibetan_mastiff/01794.jpg,tibetan_mastiff,108,train
dataset/train/tibetan_mastiff/03284.jpg,tibetan_mastiff,108,train
dataset/train/tibetan_mastiff/00262.jpg,tibetan_mastiff,108,train
dataset/train/tibetan_mastiff/12438.jpg,tibetan_mastiff,108,train
dataset/train/tibetan_mastiff/02111.jpg,tibetan_mastiff,108,train
dataset/train/tibetan_mastiff/01719.jpg,tibetan_mastiff,108,train
dataset/train/tibetan_mastiff/11271.jpg,tibetan_mastiff,108,train
dataset/train/tibetan_mastiff/02000.jpg,tibetan_mastiff,108,train
dataset/train/tibetan_mastiff/02898.jpg,tibetan_mastiff,108,train
dataset/train/tibetan_mastiff/02778.jpg,tibetan_mastiff,108,train
dataset/train/tibetan_mastiff/01705.jpg,tibetan_mastiff,108,train
dataset/train/tibetan_mastiff/01506.jpg,tibetan_mastiff,108,train
dataset/train/tibetan_mastiff/04309.jpg,tibetan_mastiff,108,train
dataset/train/tibetan_mastiff/01091.jpg,tibetan_mastiff,108,train
dataset/train/tibetan_mastiff/02240.jpg,tibetan_mastiff,108,train
dataset/train/tibetan_mastiff/01155.jpg,tibetan_mastiff,108,train
dataset/train/tibetan_mastiff/02850.jpg,tibetan_mastiff,108,train
dataset/train/tibetan_mastiff/00239.jpg,tibetan_mastiff,108,train
dataset/train/tibetan_mastiff/03482.jpg,tibetan_mastiff,108,train
dataset/train/tibetan_mastiff/04341.jpg,tibetan_mastiff,108,train
dataset/train/tibetan_mastiff/02025.jpg,tibetan_mastiff,108,train
dataset/train/tibetan_mastiff/02014.jpg,tibetan_mastiff,108,train
dataset/train/tibetan_mastiff/04379.jpg,tibetan_mastiff,108,train
dataset/train/tibetan_mastiff/03840.jpg,tibetan_mastiff,108,train
dataset/train/tibetan_mastiff/00240.jpg,tibetan_mastiff,108,train
dataset/train/tibetan_mastiff/00290.jpg,tibetan_mastiff,108,train
dataset/train/tibetan_mastiff/00143.jpg,tibetan_mastiff,108,train
dataset/train/tibetan_mastiff/01664.jpg,tibetan_mastiff,108,val
dataset/train/tibetan_mastiff/02301.jpg,tibetan_mastiff,108,val
dataset/train/tibetan_mastiff/01774.jpg,tibetan_mastiff,108,val
dataset/train/tibetan_mastiff/00211.jpg,tibetan_mastiff,108,val
dataset/train/tibetan_mastiff/03814.jpg,tibetan_mastiff,108,val
dataset/train/tibetan_mastiff/03737.jpg,tibetan_mastiff,108,val
dataset/train/tibetan_mastiff/01240.jpg,tibetan_mastiff,108,val
dataset/train/tibetan_mastiff/02921.jpg,tibetan_mastiff,108,val
dataset/train/tibetan_mastiff/02836.jpg,tibetan_mastiff,108,val
dataset/train/tibetan_mastiff/04340.jpg,tibetan_mastiff,108,val
dataset/train/tibetan_mastiff/02550.jpg,tibetan_mastiff,108,val
dataset/train/tibetan_mastiff/13756.jpg,tibetan_mastiff,108,val
dataset/train/tibetan_mastiff/00369.jpg,tibetan_mastiff,108,val
dataset/train/tibetan_mastiff/13042.jpg,tibetan_mastiff,108,val
dataset/train/tibetan_mastiff/00340.jpg,tibetan_mastiff,108,val
dataset/train/tibetan_mastiff/01743.jpg,tibetan_mastiff,108,val
dataset/train/tibetan_mastiff/11671.jpg,tibetan_mastiff,108,val
dataset/train/tibetan_mastiff/03522.jpg,tibetan_mastiff,108,val
dataset/train/tibetan_mastiff/01104.jpg,tibetan_mastiff,108,val
dataset/train/tibetan_mastiff/01991.jpg,tibetan_mastiff,108,val
dataset/train/tibetan_terrier/03352.jpg,tibetan_terrier,109,train
dataset/train/tibetan_terrier/02797.jpg,tibetan_terrier,109,train
dataset/train/tibetan_terrier/02598.jpg,tibetan_terrier,109,train
dataset/train/tibetan_terrier/03991.jpg,tibetan_terrier,109,train
dataset/train/tibetan_terrier/03355.jpg,tibetan_terrier,109,train
dataset/train/tibetan_terrier/01582.jpg,tibetan_terrier,109,train
dataset/train/tibetan_terrier/01741.jpg,tibetan_terrier,109,train
dataset/train/tibetan_terrier/03259.jpg,tibetan_terrier,109,train
dataset/train/tibetan_terrier/04801.jpg,tibetan_terrier,109,train
dataset/train/tibetan_terrier/03914.jpg,tibetan_terrier,109,train
dataset/train/tibetan_terrier/03343.jpg,tibetan_terrier,109,train
dataset/train/tibetan_terrier/00410.jpg,tibetan_terrier,109,train
dataset/train/tibetan_terrier/04589.jpg,tibetan_terrier,109,train
dataset/train/tibetan_terrier/01962.jpg,tibetan_terrier,109,train
dataset/train/tibetan_terrier/01963.jpg,tibetan_terrier,109,train
dataset/train/tibetan_terrier/00425.jpg,tibetan_terrier,109,train
dataset/train/tibetan_terrier/04673.jpg,tibetan_terrier,109,train
dataset/train/tibetan_terrier/01352.jpg,tibetan_terrier,109,train
dataset/train/tibetan_terrier/03058.jpg,tibetan_terrier,109,train
dataset/train/tibetan_terrier/00393.jpg,tibetan_terrier,109,train
dataset/train/tibetan_terrier/04085.jpg,tibetan_terrier,109,train
dataset/train/tibetan_terrier/01747.jpg,tibetan_terrier,109,train
dataset/train/tibetan_terrier/01614.jpg,tibetan_terrier,109,train
dataset/train/tibetan_terrier/00124.jpg,tibetan_terrier,109,train
dataset/train/tibetan_terrier/02104.jpg,tibetan_terrier,109,train
dataset/train/tibetan_terrier/01732.jpg,tibetan_terrier,109,train
dataset/train/tibetan_terrier/03234.jpg,tibetan_terrier,109,train
dataset/train/tibetan_terrier/02083.jpg,tibetan_terrier,109,train
dataset/train/tibetan_terrier/01156.jpg,tibetan_terrier,109,train
dataset/train/tibetan_terrier/01763.jpg,tibetan_terrier,109,train
dataset/train/tibetan_terrier/04266.jpg,tibetan_terrier,109,train
dataset/train/tibetan_terrier/03570.jpg,tibetan_terrier,109,train
dataset/train/tibetan_terrier/03314.jpg,tibetan_terrier,109,train
dataset/train/tibetan_terrier/03461.jpg,tibetan_terrier,109,train
dataset/train/tibetan_terrier/00036.jpg,tibetan_terrier,109,train
dataset/train/tibetan_terrier/01661.jpg,tibetan_terrier,109,train
dataset/train/tibetan_terrier/02941.jpg,tibetan_terrier,109,train
dataset/train/tibetan_terrier/00032.jpg,tibetan_terrier,109,train
dataset/train/tibetan_terrier/01533.jpg,tibetan_terrier,109,train
dataset/train/tibetan_terrier/03147.jpg,tibetan_terrier,109,train
dataset/train/tibetan_terrier/03177.jpg,tibetan_terrier,109,train
dataset/train/tibetan_terrier/04106.jpg,tibetan_terrier,109,train
dataset/train/tibetan_terrier/03661.jpg,tibetan_terrier,109,train
dataset/train/tibetan_terrier/01728.jpg,tibetan_terrier,109,train
dataset/train/tibetan_terrier/02700.jpg,tibetan_terrier,109,train
dataset/train/tibetan_terrier/04772.jpg,tibetan_terrier,109,train
dataset/train/tibetan_terrier/02859.jpg,tibetan_terrier,109,train
dataset/train/tibetan_terrier/04287.jpg,tibetan_terrier,109,train
dataset/train/tibetan_terrier/01859.jpg,tibetan_terrier,109,train
dataset/train/tibetan_terrier/01980.jpg,tibetan_terrier,109,train
dataset/train/tibetan_terrier/03226.jpg,tibetan_terrier,109,train
dataset/train/tibetan_terrier/01278.jpg,tibetan_terrier,109,train
dataset/train/tibetan_terrier/00040.jpg,tibetan_terrier,109,train
dataset/train/tibetan_terrier/01341.jpg,tibetan_terrier,109,train
dataset/train/tibetan_terrier/03998.jpg,tibetan_terrier,109,train
dataset/train/tibetan_terrier/02895.jpg,tibetan_terrier,109,train
dataset/train/tibetan_terrier/00016.jpg,tibetan_terrier,109,train
dataset/train/tibetan_terrier/01070.jpg,tibetan_terrier,109,train
dataset/train/tibetan_terrier/02318.jpg,tibetan_terrier,109,train
dataset/train/tibetan_terrier/02507.jpg,tibetan_terrier,109,train
dataset/train/tibetan_terrier/00401.jpg,tibetan_terrier,109,train
dataset/train/tibetan_terrier/03910.jpg,tibetan_terrier,109,train
dataset/train/tibetan_terrier/04889.jpg,tibetan_terrier,109,train
dataset/train/tibetan_terrier/02652.jpg,tibetan_terrier,109,train
dataset/train/tibetan_terrier/02509.jpg,tibetan_terrier,109,train
dataset/train/tibetan_terrier/01830.jpg,tibetan_terrier,109,train
dataset/train/tibetan_terrier/02113.jpg,tibetan_terrier,109,train
dataset/train/tibetan_terrier/04404.jpg,tibetan_terrier,109,train
dataset/train/tibetan_terrier/04131.jpg,tibetan_terrier,109,train
dataset/train/tibetan_terrier/02525.jpg,tibetan_terrier,109,train
dataset/train/tibetan_terrier/04713.jpg,tibetan_terrier,109,train
dataset/train/tibetan_terrier/02778.jpg,tibetan_terrier,109,train
dataset/train/tibetan_terrier/04875.jpg,tibetan_terrier,109,train
dataset/train/tibetan_terrier/02348.jpg,tibetan_terrier,109,train
dataset/train/tibetan_terrier/02928.jpg,tibetan_terrier,109,train
dataset/train/tibetan_terrier/03055.jpg,tibetan_terrier,109,train
dataset/train/tibetan_terrier/01967.jpg,tibetan_terrier,109,train
dataset/train/tibetan_terrier/03180.jpg,tibetan_terrier,109,train
dataset/train/tibetan_terrier/03816.jpg,tibetan_terrier,109,train
dataset/train/tibetan_terrier/02553.jpg,tibetan_terrier,109,train
dataset/train/tibetan_terrier/00120.jpg,tibetan_terrier,109,val
dataset/train/tibetan_terrier/04053.jpg,tibetan_terrier,109,val
dataset/train/tibetan_terrier/01328.jpg,tibetan_terrier,109,val
dataset/train/tibetan_terrier/03976.jpg,tibetan_terrier,109,val
dataset/train/tibetan_terrier/02763.jpg,tibetan_terrier,109,val
dataset/train/tibetan_terrier/01774.jpg,tibetan_terrier,109,val
dataset/train/tibetan_terrier/02115.jpg,tibetan_terrier,109,val
dataset/train/tibetan_terrier/04795.jpg,tibetan_terrier,109,val
dataset/train/tibetan_terrier/01531.jpg,tibetan_terrier,109,val
dataset/train/tibetan_terrier/01095.jpg,tibetan_terrier,109,val
dataset/train/tibetan_terrier/04815.jpg,tibetan_terrier,109,val
dataset/train/tibetan_terrier/01023.jpg,tibetan_terrier,109,val
dataset/train/tibetan_terrier/00477.jpg,tibetan_terrier,109,val
dataset/train/tibetan_terrier/01990.jpg,tibetan_terrier,109,val
dataset/train/tibetan_terrier/02554.jpg,tibetan_terrier,109,val
dataset/train/tibetan_terrier/02404.jpg,tibetan_terrier,109,val
dataset/train/tibetan_terrier/02012.jpg,tibetan_terrier,109,val
dataset/train/tibetan_terrier/03962.jpg,tibetan_terrier,109,val
dataset/train/tibetan_terrier/02913.jpg,tibetan_terrier,109,val
dataset/train/tibetan_terrier/02849.jpg,tibetan_terrier,109,val
dataset/train/toy_poodle/05367.jpg,toy_poodle,110,train
dataset/train/toy_poodle/00300.jpg,toy_poodle,110,train
dataset/train/toy_poodle/01596.jpg,toy_poodle,110,train
dataset/train/toy_poodle/00166.jpg,toy_poodle,110,train
dataset/train/toy_poodle/01063.jpg,toy_poodle,110,train
dataset/train/toy_poodle/01050.jpg,toy_poodle,110,train
dataset/train/toy_poodle/02270.jpg,toy_poodle,110,train
dataset/train/toy_poodle/01576.jpg,toy_poodle,110,train
dataset/train/toy_poodle/01756.jpg,toy_poodle,110,train
dataset/train/toy_poodle/02639.jpg,toy_poodle,110,train
dataset/train/toy_poodle/00223.jpg,toy_poodle,110,train
dataset/train/toy_poodle/02816.jpg,toy_poodle,110,train
dataset/train/toy_poodle/01582.jpg,toy_poodle,110,train
dataset/train/toy_poodle/02224.jpg,toy_poodle,110,train
dataset/train/toy_poodle/00530.jpg,toy_poodle,110,train
dataset/train/toy_poodle/00288.jpg,toy_poodle,110,train
dataset/train/toy_poodle/02305.jpg,toy_poodle,110,train
dataset/train/toy_poodle/03462.jpg,toy_poodle,110,train
dataset/train/toy_poodle/02521.jpg,toy_poodle,110,train
dataset/train/toy_poodle/05459.jpg,toy_poodle,110,train
dataset/train/toy_poodle/01220.jpg,toy_poodle,110,train
dataset/train/toy_poodle/00253.jpg,toy_poodle,110,train
dataset/train/toy_poodle/02934.jpg,toy_poodle,110,train
dataset/train/toy_poodle/02595.jpg,toy_poodle,110,train
dataset/train/toy_poodle/01804.jpg,toy_poodle,110,train
dataset/train/toy_poodle/04087.jpg,toy_poodle,110,train
dataset/train/toy_poodle/03344.jpg,toy_poodle,110,train
dataset/train/toy_poodle/03808.jpg,toy_poodle,110,train
dataset/train/toy_poodle/03093.jpg,toy_poodle,110,train
dataset/train/toy_poodle/01077.jpg,toy_poodle,110,train
dataset/train/toy_poodle/02258.jpg,toy_poodle,110,train
dataset/train/toy_poodle/01023.jpg,toy_poodle,110,train
dataset/train/toy_poodle/01302.jpg,toy_poodle,110,train
dataset/train/toy_poodle/04589.jpg,toy_poodle,110,train
dataset/train/toy_poodle/02427.jpg,toy_poodle,110,train
dataset/train/toy_poodle/00333.jpg,toy_poodle,110,train
dataset/train/toy_poodle/01639.jpg,toy_poodle,110,train
dataset/train/toy_poodle/03887.jpg,toy_poodle,110,train
dataset/train/toy_poodle/00213.jpg,toy_poodle,110,train
dataset/train/toy_poodle/01008.jpg,toy_poodle,110,train
dataset/train/toy_poodle/00035.jpg,toy_poodle,110,train
dataset/train/toy_poodle/02908.jpg,toy_poodle,110,train
dataset/train/toy_poodle/01785.jpg,toy_poodle,110,train
dataset/train/toy_poodle/03639.jpg,toy_poodle,110,train
dataset/train/toy_poodle/01844.jpg,toy_poodle,110,train
dataset/train/toy_poodle/00479.jpg,toy_poodle,110,train
dataset/train/toy_poodle/02242.jpg,toy_poodle,110,train
dataset/train/toy_poodle/03624.jpg,toy_poodle,110,train
dataset/train/toy_poodle/01178.jpg,toy_poodle,110,train
dataset/train/toy_poodle/03796.jpg,toy_poodle,110,train
dataset/train/toy_poodle/03165.jpg,toy_poodle,110,train
dataset/train/toy_poodle/03341.jpg,toy_poodle,110,train
dataset/train/toy_poodle/04112.jpg,toy_poodle,110,train
dataset/train/toy_poodle/01801.jpg,toy_poodle,110,train
dataset/train/toy_poodle/00429.jpg,toy_poodle,110,train
dataset/train/toy_poodle/01606.jpg,toy_poodle,110,train
dataset/train/toy_poodle/03960.jpg,toy_poodle,110,train
dataset/train/toy_poodle/01559.jpg,toy_poodle,110,train
dataset/train/toy_poodle/02508.jpg,toy_poodle,110,train
dataset/train/toy_poodle/03159.jpg,toy_poodle,110,train
dataset/train/toy_poodle/04349.jpg,toy_poodle,110,train
dataset/train/toy_poodle/02244.jpg,toy_poodle,110,train
dataset/train/toy_poodle/02019.jpg,toy_poodle,110,train
dataset/train/toy_poodle/03714.jpg,toy_poodle,110,train
dataset/train/toy_poodle/00274.jpg,toy_poodle,110,train
dataset/train/toy_poodle/03460.jpg,toy_poodle,110,train
dataset/train/toy_poodle/03297.jpg,toy_poodle,110,train
dataset/train/toy_poodle/01461.jpg,toy_poodle,110,train
dataset/train/toy_poodle/01929.jpg,toy_poodle,110,train
dataset/train/toy_poodle/04045.jpg,toy_poodle,110,train
dataset/train/toy_poodle/00320.jpg,toy_poodle,110,train
dataset/train/toy_poodle/02785.jpg,toy_poodle,110,train
dataset/train/toy_poodle/03691.jpg,toy_poodle,110,train
dataset/train/toy_poodle/03061.jpg,toy_poodle,110,train
dataset/train/toy_poodle/00528.jpg,toy_poodle,110,train
dataset/train/toy_poodle/05442.jpg,toy_poodle,110,train
dataset/train/toy_poodle/00454.jpg,toy_poodle,110,train
dataset/train/toy_poodle/10203.jpg,toy_poodle,110,train
dataset/train/toy_poodle/02727.jpg,toy_poodle,110,train
dataset/train/toy_poodle/03864.jpg,toy_poodle,110,train
dataset/train/toy_poodle/05278.jpg,toy_poodle,110,val
dataset/train/toy_poodle/00367.jpg,toy_poodle,110,val
dataset/train/toy_poodle/02240.jpg,toy_poodle,110,val
dataset/train/toy_poodle/02883.jpg,toy_poodle,110,val
dataset/train/toy_poodle/01293.jpg,toy_poodle,110,val
dataset/train/toy_poodle/04221.jpg,toy_poodle,110,val
dataset/train/toy_poodle/03517.jpg,toy_poodle,110,val
dataset/train/toy_poodle/02223.jpg,toy_poodle,110,val
dataset/train/toy_poodle/00189.jpg,toy_poodle,110,val
dataset/train/toy_poodle/00239.jpg,toy_poodle,110,val
dataset/train/toy_poodle/01832.jpg,toy_poodle,110,val
dataset/train/toy_poodle/02311.jpg,toy_poodle,110,val
dataset/train/toy_poodle/03103.jpg,toy_poodle,110,val
dataset/train/toy_poodle/02308.jpg,toy_poodle,110,val
dataset/train/toy_poodle/00265.jpg,toy_poodle,110,val
dataset/train/toy_poodle/01879.jpg,toy_poodle,110,val
dataset/train/toy_poodle/05386.jpg,toy_poodle,110,val
dataset/train/toy_poodle/02784.jpg,toy_poodle,110,val
dataset/train/toy_poodle/02609.jpg,toy_poodle,110,val
dataset/train/toy_poodle/02905.jpg,toy_poodle,110,val
dataset/train/toy_terrier/02158.jpg,toy_terrier,111,train
dataset/train/toy_terrier/02140.jpg,toy_terrier,111,train
dataset/train/toy_terrier/04338.jpg,toy_terrier,111,train
dataset/train/toy_terrier/00267.jpg,toy_terrier,111,train
dataset/train/toy_terrier/01577.jpg,toy_terrier,111,train
dataset/train/toy_terrier/02551.jpg,toy_terrier,111,train
dataset/train/toy_terrier/02193.jpg,toy_terrier,111,train
dataset/train/toy_terrier/03944.jpg,toy_terrier,111,train
dataset/train/toy_terrier/04455.jpg,toy_terrier,111,train
dataset/train/toy_terrier/04102.jpg,toy_terrier,111,train
dataset/train/toy_terrier/02316.jpg,toy_terrier,111,train
dataset/train/toy_terrier/04808.jpg,toy_terrier,111,train
dataset/train/toy_terrier/01386.jpg,toy_terrier,111,train
dataset/train/toy_terrier/01989.jpg,toy_terrier,111,train
dataset/train/toy_terrier/02969.jpg,toy_terrier,111,train
dataset/train/toy_terrier/03560.jpg,toy_terrier,111,train
dataset/train/toy_terrier/01666.jpg,toy_terrier,111,train
dataset/train/toy_terrier/02168.jpg,toy_terrier,111,train
dataset/train/toy_terrier/00309.jpg,toy_terrier,111,train
dataset/train/toy_terrier/04426.jpg,toy_terrier,111,train
dataset/train/toy_terrier/00420.jpg,toy_terrier,111,train
dataset/train/toy_terrier/02152.jpg,toy_terrier,111,train
dataset/train/toy_terrier/01703.jpg,toy_terrier,111,train
dataset/train/toy_terrier/03311.jpg,toy_terrier,111,train
dataset/train/toy_terrier/00224.jpg,toy_terrier,111,train
dataset/train/toy_terrier/00406.jpg,toy_terrier,111,train
dataset/train/toy_terrier/03724.jpg,toy_terrier,111,train
dataset/train/toy_terrier/03735.jpg,toy_terrier,111,train
dataset/train/toy_terrier/04346.jpg,toy_terrier,111,train
dataset/train/toy_terrier/04832.jpg,toy_terrier,111,train
dataset/train/toy_terrier/04315.jpg,toy_terrier,111,train
dataset/train/toy_terrier/04614.jpg,toy_terrier,111,train
dataset/train/toy_terrier/04127.jpg,toy_terrier,111,train
dataset/train/toy_terrier/04350.jpg,toy_terrier,111,train
dataset/train/toy_terrier/04575.jpg,toy_terrier,111,train
dataset/train/toy_terrier/02819.jpg,toy_terrier,111,train
dataset/train/toy_terrier/01724.jpg,toy_terrier,111,train
dataset/train/toy_terrier/00133.jpg,toy_terrier,111,train
dataset/train/toy_terrier/04135.jpg,toy_terrier,111,train
dataset/train/toy_terrier/04394.jpg,toy_terrier,111,train
dataset/train/toy_terrier/04235.jpg,toy_terrier,111,train
dataset/train/toy_terrier/02843.jpg,toy_terrier,111,train
dataset/train/toy_terrier/03211.jpg,toy_terrier,111,train
dataset/train/toy_terrier/02127.jpg,toy_terrier,111,train
dataset/train/toy_terrier/02058.jpg,toy_terrier,111,train
dataset/train/toy_terrier/01520.jpg,toy_terrier,111,train
dataset/train/toy_terrier/02279.jpg,toy_terrier,111,train
dataset/train/toy_terrier/03651.jpg,toy_terrier,111,train
dataset/train/toy_terrier/03471.jpg,toy_terrier,111,train
dataset/train/toy_terrier/01482.jpg,toy_terrier,111,train
dataset/train/toy_terrier/04809.jpg,toy_terrier,111,train
dataset/train/toy_terrier/03543.jpg,toy_terrier,111,train
dataset/train/toy_terrier/04851.jpg,toy_terrier,111,train
dataset/train/toy_terrier/00296.jpg,toy_terrier,111,train
dataset/train/toy_terrier/04129.jpg,toy_terrier,111,train
dataset/train/toy_terrier/02485.jpg,toy_terrier,111,train
dataset/train/toy_terrier/01468.jpg,toy_terrier,111,train
dataset/train/toy_terrier/00430.jpg,toy_terrier,111,train
dataset/train/toy_terrier/04402.jpg,toy_terrier,111,train
dataset/train/toy_terrier/04906.jpg,toy_terrier,111,train
dataset/train/toy_terrier/01792.jpg,toy_terrier,111,train
dataset/train/toy_terrier/04370.jpg,toy_terrier,111,train
dataset/train/toy_terrier/02276.jpg,toy_terrier,111,train
dataset/train/toy_terrier/03953.jpg,toy_terrier,111,train
dataset/train/toy_terrier/00357.jpg,toy_terrier,111,train
dataset/train/toy_terrier/04506.jpg,toy_terrier,111,train
dataset/train/toy_terrier/04647.jpg,toy_terrier,111,train
dataset/train/toy_terrier/02744.jpg,toy_terrier,111,train
dataset/train/toy_terrier/03608.jpg,toy_terrier,111,train
dataset/train/toy_terrier/04409.jpg,toy_terrier,111,train
dataset/train/toy_terrier/03462.jpg,toy_terrier,111,train
dataset/train/toy_terrier/02614.jpg,toy_terrier,111,train
dataset/train/toy_terrier/04856.jpg,toy_terrier,111,train
dataset/train/toy_terrier/04058.jpg,toy_terrier,111,train
dataset/train/toy_terrier/00217.jpg,toy_terrier,111,train
dataset/train/toy_terrier/01658.jpg,toy_terrier,111,train
dataset/train/toy_terrier/04401.jpg,toy_terrier,111,train
dataset/train/toy_terrier/02315.jpg,toy_terrier,111,train
dataset/train/toy_terrier/03103.jpg,toy_terrier,111,train
dataset/train/toy_terrier/04751.jpg,toy_terrier,111,train
dataset/train/toy_terrier/02185.jpg,toy_terrier,111,val
dataset/train/toy_terrier/03470.jpg,toy_terrier,111,val
dataset/train/toy_terrier/02752.jpg,toy_terrier,111,val
dataset/train/toy_terrier/03843.jpg,toy_terrier,111,val
dataset/train/toy_terrier/04001.jpg,toy_terrier,111,val
dataset/train/toy_terrier/00228.jpg,toy_terrier,111,val
dataset/train/toy_terrier/04155.jpg,toy_terrier,111,val
dataset/train/toy_terrier/04066.jpg,toy_terrier,111,val
dataset/train/toy_terrier/04039.jpg,toy_terrier,111,val
dataset/train/toy_terrier/02141.jpg,toy_terrier,111,val
dataset/train/toy_terrier/02199.jpg,toy_terrier,111,val
dataset/train/toy_terrier/03923.jpg,toy_terrier,111,val
dataset/train/toy_terrier/01004.jpg,toy_terrier,111,val
dataset/train/toy_terrier/00178.jpg,toy_terrier,111,val
dataset/train/toy_terrier/03490.jpg,toy_terrier,111,val
dataset/train/toy_terrier/02419.jpg,toy_terrier,111,val
dataset/train/toy_terrier/02957.jpg,toy_terrier,111,val
dataset/train/toy_terrier/00336.jpg,toy_terrier,111,val
dataset/train/toy_terrier/03439.jpg,toy_terrier,111,val
dataset/train/toy_terrier/01206.jpg,toy_terrier,111,val
dataset/train/vizsla/14017.jpg,vizsla,112,train
dataset/train/vizsla/01475.jpg,vizsla,112,train
dataset/train/vizsla/00220.jpg,vizsla,112,train
dataset/train/vizsla/01214.jpg,vizsla,112,train
dataset/train/vizsla/11119.jpg,vizsla,112,train
dataset/train/vizsla/13035.jpg,vizsla,112,train
dataset/train/vizsla/00018.jpg,vizsla,112,train
dataset/train/vizsla/12601.jpg,vizsla,112,train
dataset/train/vizsla/02736.jpg,vizsla,112,train
dataset/train/vizsla/00216.jpg,vizsla,112,train
dataset/train/vizsla/14082.jpg,vizsla,112,train
dataset/train/vizsla/14166.jpg,vizsla,112,train
dataset/train/vizsla/02744.jpg,vizsla,112,train
dataset/train/vizsla/02707.jpg,vizsla,112,train
dataset/train/vizsla/03263.jpg,vizsla,112,train
dataset/train/vizsla/12676.jpg,vizsla,112,train
dataset/train/vizsla/03021.jpg,vizsla,112,train
dataset/train/vizsla/11163.jpg,vizsla,112,train
dataset/train/vizsla/02465.jpg,vizsla,112,train
dataset/train/vizsla/10358.jpg,vizsla,112,train
dataset/train/vizsla/11665.jpg,vizsla,112,train
dataset/train/vizsla/14231.jpg,vizsla,112,train
dataset/train/vizsla/12253.jpg,vizsla,112,train
dataset/train/vizsla/14267.jpg,vizsla,112,train
dataset/train/vizsla/10844.jpg,vizsla,112,train
dataset/train/vizsla/03008.jpg,vizsla,112,train
dataset/train/vizsla/12047.jpg,vizsla,112,train
dataset/train/vizsla/10367.jpg,vizsla,112,train
dataset/train/vizsla/12413.jpg,vizsla,112,train
dataset/train/vizsla/02681.jpg,vizsla,112,train
dataset/train/vizsla/10249.jpg,vizsla,112,train
dataset/train/vizsla/01318.jpg,vizsla,112,train
dataset/train/vizsla/11888.jpg,vizsla,112,train
dataset/train/vizsla/13008.jpg,vizsla,112,train
dataset/train/vizsla/11231.jpg,vizsla,112,train
dataset/train/vizsla/11701.jpg,vizsla,112,train
dataset/train/vizsla/12216.jpg,vizsla,112,train
dataset/train/vizsla/10388.jpg,vizsla,112,train
dataset/train/vizsla/12240.jpg,vizsla,112,train
dataset/train/vizsla/01560.jpg,vizsla,112,train
dataset/train/vizsla/13353.jpg,vizsla,112,train
dataset/train/vizsla/01969.jpg,vizsla,112,train
dataset/train/vizsla/10425.jpg,vizsla,112,train
dataset/train/vizsla/13642.jpg,vizsla,112,train
dataset/train/vizsla/00264.jpg,vizsla,112,train
dataset/train/vizsla/12904.jpg,vizsla,112,train
dataset/train/vizsla/10787.jpg,vizsla,112,train
dataset/train/vizsla/11785.jpg,vizsla,112,train
dataset/train/vizsla/00012.jpg,vizsla,112,train
dataset/train/vizsla/12466.jpg,vizsla,112,train
dataset/train/vizsla/13189.jpg,vizsla,112,train
dataset/train/vizsla/13656.jpg,vizsla,112,train
dataset/train/vizsla/02985.jpg,vizsla,112,train
dataset/train/vizsla/02119.jpg,vizsla,112,train
dataset/train/vizsla/12880.jpg,vizsla,112,train
dataset/train/vizsla/12639.jpg,vizsla,112,train
dataset/train/vizsla/12308.jpg,vizsla,112,train
dataset/train/vizsla/13297.jpg,vizsla,112,train
dataset/train/vizsla/12122.jpg,vizsla,112,train
dataset/train/vizsla/12358.jpg,vizsla,112,train
dataset/train/vizsla/13292.jpg,vizsla,112,train
dataset/train/vizsla/12468.jpg,vizsla,112,train
dataset/train/vizsla/11450.jpg,vizsla,112,train
dataset/train/vizsla/00125.jpg,vizsla,112,train
dataset/train/vizsla/11473.jpg,vizsla,112,train
dataset/train/vizsla/14263.jpg,vizsla,112,train
dataset/train/vizsla/12394.jpg,vizsla,112,train
dataset/train/vizsla/01451.jpg,vizsla,112,train
dataset/train/vizsla/10834.jpg,vizsla,112,train
dataset/train/vizsla/01908.jpg,vizsla,112,train
dataset/train/vizsla/02251.jpg,vizsla,112,train
dataset/train/vizsla/12614.jpg,vizsla,112,train
dataset/train/vizsla/10698.jpg,vizsla,112,train
dataset/train/vizsla/11710.jpg,vizsla,112,train
dataset/train/vizsla/13524.jpg,vizsla,112,train
dataset/train/vizsla/13007.jpg,vizsla,112,train
dataset/train/vizsla/12097.jpg,vizsla,112,train
dataset/train/vizsla/11289.jpg,vizsla,112,train
dataset/train/vizsla/02797.jpg,vizsla,112,train
dataset/train/vizsla/12660.jpg,vizsla,112,train
dataset/train/vizsla/02086.jpg,vizsla,112,val
dataset/train/vizsla/10960.jpg,vizsla,112,val
dataset/train/vizsla/02885.jpg,vizsla,112,val
dataset/train/vizsla/10433.jpg,vizsla,112,val
dataset/train/vizsla/11143.jpg,vizsla,112,val
dataset/train/vizsla/11553.jpg,vizsla,112,val
dataset/train/vizsla/03027.jpg,vizsla,112,val
dataset/train/vizsla/14018.jpg,vizsla,112,val
dataset/train/vizsla/12090.jpg,vizsla,112,val
dataset/train/vizsla/11072.jpg,vizsla,112,val
dataset/train/vizsla/02824.jpg,vizsla,112,val
dataset/train/vizsla/13798.jpg,vizsla,112,val
dataset/train/vizsla/12784.jpg,vizsla,112,val
dataset/train/vizsla/11752.jpg,vizsla,112,val
dataset/train/vizsla/12663.jpg,vizsla,112,val
dataset/train/vizsla/12793.jpg,vizsla,112,val
dataset/train/vizsla/01600.jpg,vizsla,112,val
dataset/train/vizsla/10721.jpg,vizsla,112,val
dataset/train/vizsla/02265.jpg,vizsla,112,val
dataset/train/vizsla/03132.jpg,vizsla,112,val
dataset/train/walker_hound/01786.jpg,walker_hound,113,train
dataset/train/walker_hound/01546.jpg,walker_hound,113,train
dataset/train/walker_hound/01504.jpg,walker_hound,113,train
dataset/train/walker_hound/02102.jpg,walker_hound,113,train
dataset/train/walker_hound/01240.jpg,walker_hound,113,train
dataset/train/walker_hound/01295.jpg,walker_hound,113,train
dataset/train/walker_hound/02191.jpg,walker_hound,113,train
dataset/train/walker_hound/00146.jpg,walker_hound,113,train
dataset/train/walker_hound/00277.jpg,walker_hound,113,train
dataset/train/walker_hound/02063.jpg,walker_hound,113,train
dataset/train/walker_hound/01381.jpg,walker_hound,113,train
dataset/train/walker_hound/02735.jpg,walker_hound,113,train
dataset/train/walker_hound/00218.jpg,walker_hound,113,train
dataset/train/walker_hound/02387.jpg,walker_hound,113,train
dataset/train/walker_hound/01620.jpg,walker_hound,113,train
dataset/train/walker_hound/03023.jpg,walker_hound,113,train
dataset/train/walker_hound/01439.jpg,walker_hound,113,train
dataset/train/walker_hound/02880.jpg,walker_hound,113,train
dataset/train/walker_hound/01452.jpg,walker_hound,113,train
dataset/train/walker_hound/01225.jpg,walker_hound,113,train
dataset/train/walker_hound/01787.jpg,walker_hound,113,train
dataset/train/walker_hound/02388.jpg,walker_hound,113,train
dataset/train/walker_hound/02382.jpg,walker_hound,113,train
dataset/train/walker_hound/01471.jpg,walker_hound,113,train
dataset/train/walker_hound/02446.jpg,walker_hound,113,train
dataset/train/walker_hound/01430.jpg,walker_hound,113,train
dataset/train/walker_hound/02221.jpg,walker_hound,113,train
dataset/train/walker_hound/00149.jpg,walker_hound,113,train
dataset/train/walker_hound/02280.jpg,walker_hound,113,train
dataset/train/walker_hound/01988.jpg,walker_hound,113,train
dataset/train/walker_hound/02010.jpg,walker_hound,113,train
dataset/train/walker_hound/02653.jpg,walker_hound,113,train
dataset/train/walker_hound/00148.jpg,walker_hound,113,train
dataset/train/walker_hound/00024.jpg,walker_hound,113,train
dataset/train/walker_hound/02061.jpg,walker_hound,113,train
dataset/train/walker_hound/02295.jpg,walker_hound,113,train
dataset/train/walker_hound/01918.jpg,walker_hound,113,train
dataset/train/walker_hound/02432.jpg,walker_hound,113,train
dataset/train/walker_hound/02602.jpg,walker_hound,113,train
dataset/train/walker_hound/01082.jpg,walker_hound,113,train
dataset/train/walker_hound/01882.jpg,walker_hound,113,train
dataset/train/walker_hound/01212.jpg,walker_hound,113,train
dataset/train/walker_hound/02039.jpg,walker_hound,113,train
dataset/train/walker_hound/01790.jpg,walker_hound,113,train
dataset/train/walker_hound/00266.jpg,walker_hound,113,train
dataset/train/walker_hound/01697.jpg,walker_hound,113,train
dataset/train/walker_hound/00180.jpg,walker_hound,113,train
dataset/train/walker_hound/01921.jpg,walker_hound,113,train
dataset/train/walker_hound/01048.jpg,walker_hound,113,train
dataset/train/walker_hound/02815.jpg,walker_hound,113,train
dataset/train/walker_hound/01062.jpg,walker_hound,113,train
dataset/train/walker_hound/02713.jpg,walker_hound,113,train
dataset/train/walker_hound/02743.jpg,walker_hound,113,train
dataset/train/walker_hound/01412.jpg,walker_hound,113,train
dataset/train/walker_hound/00142.jpg,walker_hound,113,train
dataset/train/walker_hound/01863.jpg,walker_hound,113,train
dataset/train/walker_hound/01987.jpg,walker_hound,113,train
dataset/train/walker_hound/01599.jpg,walker_hound,113,train
dataset/train/walker_hound/01133.jpg,walker_hound,113,train
dataset/train/walker_hound/01931.jpg,walker_hound,113,train
dataset/train/walker_hound/01208.jpg,walker_hound,113,train
dataset/train/walker_hound/02433.jpg,walker_hound,113,train
dataset/train/walker_hound/02227.jpg,walker_hound,113,train
dataset/train/walker_hound/02950.jpg,walker_hound,113,train
dataset/train/walker_hound/02596.jpg,walker_hound,113,train
dataset/train/walker_hound/02365.jpg,walker_hound,113,train
dataset/train/walker_hound/01824.jpg,walker_hound,113,train
dataset/train/walker_hound/01243.jpg,walker_hound,113,train
dataset/train/walker_hound/02567.jpg,walker_hound,113,train
dataset/train/walker_hound/02559.jpg,walker_hound,113,train
dataset/train/walker_hound/01438.jpg,walker_hound,113,train
dataset/train/walker_hound/02479.jpg,walker_hound,113,train
dataset/train/walker_hound/00183.jpg,walker_hound,113,train
dataset/train/walker_hound/01310.jpg,walker_hound,113,train
dataset/train/walker_hound/02287.jpg,walker_hound,113,train
dataset/train/walker_hound/01105.jpg,walker_hound,113,train
dataset/train/walker_hound/02677.jpg,walker_hound,113,train
dataset/train/walker_hound/01965.jpg,walker_hound,113,train
dataset/train/walker_hound/02614.jpg,walker_hound,113,train
dataset/train/walker_hound/01416.jpg,walker_hound,113,train
dataset/train/walker_hound/02688.jpg,walker_hound,113,val
dataset/train/walker_hound/00031.jpg,walker_hound,113,val
dataset/train/walker_hound/03044.jpg,walker_hound,113,val
dataset/train/walker_hound/01764.jpg,walker_hound,113,val
dataset/train/walker_hound/01029.jpg,walker_hound,113,val
dataset/train/walker_hound/01345.jpg,walker_hound,113,val
dataset/train/walker_hound/01368.jpg,walker_hound,113,val
dataset/train/walker_hound/02325.jpg,walker_hound,113,val
dataset/train/walker_hound/02142.jpg,walker_hound,113,val
dataset/train/walker_hound/02582.jpg,walker_hound,113,val
dataset/train/walker_hound/01912.jpg,walker_hound,113,val
dataset/train/walker_hound/00126.jpg,walker_hound,113,val
dataset/train/walker_hound/02758.jpg,walker_hound,113,val
dataset/train/walker_hound/01079.jpg,walker_hound,113,val
dataset/train/walker_hound/03072.jpg,walker_hound,113,val
dataset/train/walker_hound/02472.jpg,walker_hound,113,val
dataset/train/walker_hound/02267.jpg,walker_hound,113,val
dataset/train/walker_hound/00145.jpg,walker_hound,113,val
dataset/train/walker_hound/02319.jpg,walker_hound,113,val
dataset/train/walker_hound/01352.jpg,walker_hound,113,val
dataset/train/weimaraner/00049.jpg,weimaraner,114,train
dataset/train/weimaraner/02273.jpg,weimaraner,114,train
dataset/train/weimaraner/00107.jpg,weimaraner,114,train
dataset/train/weimaraner/02510.jpg,weimaraner,114,train
dataset/train/weimaraner/04650.jpg,weimaraner,114,train
dataset/train/weimaraner/00258.jpg,weimaraner,114,train
dataset/train/weimaraner/04378.jpg,weimaraner,114,train
dataset/train/weimaraner/05329.jpg,weimaraner,114,train
dataset/train/weimaraner/00286.jpg,weimaraner,114,train
dataset/train/weimaraner/03306.jpg,weimaraner,114,train
dataset/train/weimaraner/00436.jpg,weimaraner,114,train
dataset/train/weimaraner/04965.jpg,weimaraner,114,train
dataset/train/weimaraner/00052.jpg,weimaraner,114,train
dataset/train/weimaraner/03618.jpg,weimaraner,114,train
dataset/train/weimaraner/00272.jpg,weimaraner,114,train
dataset/train/weimaraner/01849.jpg,weimaraner,114,train
dataset/train/weimaraner/03354.jpg,weimaraner,114,train
dataset/train/weimaraner/00439.jpg,weimaraner,114,train
dataset/train/weimaraner/05313.jpg,weimaraner,114,train
dataset/train/weimaraner/00040.jpg,weimaraner,114,train
dataset/train/weimaraner/01672.jpg,weimaraner,114,train
dataset/train/weimaraner/01013.jpg,weimaraner,114,train
dataset/train/weimaraner/01856.jpg,weimaraner,114,train
dataset/train/weimaraner/00284.jpg,weimaraner,114,train
dataset/train/weimaraner/00366.jpg,weimaraner,114,train
dataset/train/weimaraner/02752.jpg,weimaraner,114,train
dataset/train/weimaraner/05120.jpg,weimaraner,114,train
dataset/train/weimaraner/00437.jpg,weimaraner,114,train
dataset/train/weimaraner/05137.jpg,weimaraner,114,train
dataset/train/weimaraner/05292.jpg,weimaraner,114,train
dataset/train/weimaraner/02157.jpg,weimaraner,114,train
dataset/train/weimaraner/00235.jpg,weimaraner,114,train
dataset/train/weimaraner/04169.jpg,weimaraner,114,train
dataset/train/weimaraner/00014.jpg,weimaraner,114,train
dataset/train/weimaraner/00431.jpg,weimaraner,114,train
dataset/train/weimaraner/03371.jpg,weimaraner,114,train
dataset/train/weimaraner/01950.jpg,weimaraner,114,train
dataset/train/weimaraner/01100.jpg,weimaraner,114,train
dataset/train/weimaraner/04936.jpg,weimaraner,114,train
dataset/train/weimaraner/02941.jpg,weimaraner,114,train
dataset/train/weimaraner/01930.jpg,weimaraner,114,train
dataset/train/weimaraner/00514.jpg,weimaraner,114,train
dataset/train/weimaraner/05411.jpg,weimaraner,114,train
dataset/train/weimaraner/03028.jpg,weimaraner,114,train
dataset/train/weimaraner/00289.jpg,weimaraner,114,train
dataset/train/weimaraner/04410.jpg,weimaraner,114,train
dataset/train/weimaraner/00031.jpg,weimaraner,114,train
dataset/train/weimaraner/03165.jpg,weimaraner,114,train
dataset/train/weimaraner/04633.jpg,weimaraner,114,train
dataset/train/weimaraner/03804.jpg,weimaraner,114,train
dataset/train/weimaraner/00114.jpg,weimaraner,114,train
dataset/train/weimaraner/00363.jpg,weimaraner,114,train
dataset/train/weimaraner/03837.jpg,weimaraner,114,train
dataset/train/weimaraner/00511.jpg,weimaraner,114,train
dataset/train/weimaraner/00174.jpg,weimaraner,114,train
dataset/train/weimaraner/00176.jpg,weimaraner,114,train
dataset/train/weimaraner/04208.jpg,weimaraner,114,train
dataset/train/weimaraner/01796.jpg,weimaraner,114,train
dataset/train/weimaraner/02640.jpg,weimaraner,114,train
dataset/train/weimaraner/04271.jpg,weimaraner,114,train
dataset/train/weimaraner/00205.jpg,weimaraner,114,train
dataset/train/weimaraner/04214.jpg,weimaraner,114,train
dataset/train/weimaraner/01700.jpg,weimaraner,114,train
dataset/train/weimaraner/00452.jpg,weimaraner,114,train
dataset/train/weimaraner/03222.jpg,weimaraner,114,train
dataset/train/weimaraner/02691.jpg,weimaraner,114,train
dataset/train/weimaraner/01331.jpg,weimaraner,114,train
dataset/train/weimaraner/01509.jpg,weimaraner,114,train
dataset/train/weimaraner/03171.jpg,weimaraner,114,train
dataset/train/weimaraner/02885.jpg,weimaraner,114,train
dataset/train/weimaraner/02006.jpg,weimaraner,114,train
dataset/train/weimaraner/02731.jpg,weimaraner,114,train
dataset/train/weimaraner/00367.jpg,weimaraner,114,train
dataset/train/weimaraner/02766.jpg,weimaraner,114,train
dataset/train/weimaraner/05438.jpg,weimaraner,114,train
dataset/train/weimaraner/02653.jpg,weimaraner,114,train
dataset/train/weimaraner/03979.jpg,weimaraner,114,train
dataset/train/weimaraner/04527.jpg,weimaraner,114,train
dataset/train/weimaraner/00512.jpg,weimaraner,114,train
dataset/train/weimaraner/04906.jpg,weimaraner,114,train
dataset/train/weimaraner/03212.jpg,weimaraner,114,val
dataset/train/weimaraner/00120.jpg,weimaraner,114,val
dataset/train/weimaraner/03663.jpg,weimaraner,114,val
dataset/train/weimaraner/00392.jpg,weimaraner,114,val
dataset/train/weimaraner/03409.jpg,weimaraner,114,val
dataset/train/weimaraner/02103.jpg,weimaraner,114,val
dataset/train/weimaraner/04003.jpg,weimaraner,114,val
dataset/train/weimaraner/00327.jpg,weimaraner,114,val
dataset/train/weimaraner/00110.jpg,weimaraner,114,val
dataset/train/weimaraner/02247.jpg,weimaraner,114,val
dataset/train/weimaraner/01521.jpg,weimaraner,114,val
dataset/train/weimaraner/03091.jpg,weimaraner,114,val
dataset/train/weimaraner/02239.jpg,weimaraner,114,val
dataset/train/weimaraner/00298.jpg,weimaraner,114,val
dataset/train/weimaraner/04346.jpg,weimaraner,114,val
dataset/train/weimaraner/03698.jpg,weimaraner,114,val
dataset/train/weimaraner/00353.jpg,weimaraner,114,val
dataset/train/weimaraner/04644.jpg,weimaraner,114,val
dataset/train/weimaraner/02695.jpg,weimaraner,114,val
dataset/train/weimaraner/03345.jpg,weimaraner,114,val
dataset/train/welsh_springer_spaniel/02677.jpg,welsh_springer_spaniel,115,train
dataset/train/welsh_springer_spaniel/01241.jpg,welsh_springer_spaniel,115,train
dataset/train/welsh_springer_spaniel/01798.jpg,welsh_springer_spaniel,115,train
dataset/train/welsh_springer_spaniel/01833.jpg,welsh_springer_spaniel,115,train
dataset/train/welsh_springer_spaniel/00236.jpg,welsh_springer_spaniel,115,train
dataset/train/welsh_springer_spaniel/02056.jpg,welsh_springer_spaniel,115,train
dataset/train/welsh_springer_spaniel/02631.jpg,welsh_springer_spaniel,115,train
dataset/train/welsh_springer_spaniel/01980.jpg,welsh_springer_spaniel,115,train
dataset/train/welsh_springer_spaniel/02891.jpg,welsh_springer_spaniel,115,train
dataset/train/welsh_springer_spaniel/01760.jpg,welsh_springer_spaniel,115,train
dataset/train/welsh_springer_spaniel/02910.jpg,welsh_springer_spaniel,115,train
dataset/train/welsh_springer_spaniel/01922.jpg,welsh_springer_spaniel,115,train
dataset/train/welsh_springer_spaniel/02532.jpg,welsh_springer_spaniel,115,train
dataset/train/welsh_springer_spaniel/02737.jpg,welsh_springer_spaniel,115,train
dataset/train/welsh_springer_spaniel/01681.jpg,welsh_springer_spaniel,115,train
dataset/train/welsh_springer_spaniel/03447.jpg,welsh_springer_spaniel,115,train
dataset/train/welsh_springer_spaniel/02621.jpg,welsh_springer_spaniel,115,train
dataset/train/welsh_springer_spaniel/02426.jpg,welsh_springer_spaniel,115,train
dataset/train/welsh_springer_spaniel/01423.jpg,welsh_springer_spaniel,115,train
dataset/train/welsh_springer_spaniel/01520.jpg,welsh_springer_spaniel,115,train
dataset/train/welsh_springer_spaniel/03187.jpg,welsh_springer_spaniel,115,train
dataset/train/welsh_springer_spaniel/02412.jpg,welsh_springer_spaniel,115,train
dataset/train/welsh_springer_spaniel/00108.jpg,welsh_springer_spaniel,115,train
dataset/train/welsh_springer_spaniel/01257.jpg,welsh_springer_spaniel,115,train
dataset/train/welsh_springer_spaniel/03686.jpg,welsh_springer_spaniel,115,train
dataset/train/welsh_springer_spaniel/03737.jpg,welsh_springer_spaniel,115,train
dataset/train/welsh_springer_spaniel/03371.jpg,welsh_springer_spaniel,115,train
dataset/train/welsh_springer_spaniel/03377.jpg,welsh_springer_spaniel,115,train
dataset/train/welsh_springer_spaniel/02911.jpg,welsh_springer_spaniel,115,train
dataset/train/welsh_springer_spaniel/02875.jpg,welsh_springer_spaniel,115,train
dataset/train/welsh_springer_spaniel/01546.jpg,welsh_springer_spaniel,115,train
dataset/train/welsh_springer_spaniel/03114.jpg,welsh_springer_spaniel,115,train
dataset/train/welsh_springer_spaniel/01471.jpg,welsh_springer_spaniel,115,train
dataset/train/welsh_springer_spaniel/01028.jpg,welsh_springer_spaniel,115,train
dataset/train/welsh_springer_spaniel/03142.jpg,welsh_springer_spaniel,115,train
dataset/train/welsh_springer_spaniel/03660.jpg,welsh_springer_spaniel,115,train
dataset/train/welsh_springer_spaniel/02365.jpg,welsh_springer_spaniel,115,train
dataset/train/welsh_springer_spaniel/03658.jpg,welsh_springer_spaniel,115,train
dataset/train/welsh_springer_spaniel/02755.jpg,welsh_springer_spaniel,115,train
dataset/train/welsh_springer_spaniel/00368.jpg,welsh_springer_spaniel,115,train
dataset/train/welsh_springer_spaniel/01242.jpg,welsh_springer_spaniel,115,train
dataset/train/welsh_springer_spaniel/03388.jpg,welsh_springer_spaniel,115,train
dataset/train/welsh_springer_spaniel/01763.jpg,welsh_springer_spaniel,115,train
dataset/train/welsh_springer_spaniel/03438.jpg,welsh_springer_spaniel,115,train
dataset/train/welsh_springer_spaniel/02388.jpg,welsh_springer_spaniel,115,train
dataset/train/welsh_springer_spaniel/02054.jpg,welsh_springer_spaniel,115,train
dataset/train/welsh_springer_spaniel/03639.jpg,welsh_springer_spaniel,115,train
dataset/train/welsh_springer_spaniel/02055.jpg,welsh_springer_spaniel,115,train
dataset/train/welsh_springer_spaniel/02177.jpg,welsh_springer_spaniel,115,train
dataset/train/welsh_springer_spaniel/02524.jpg,welsh_springer_spaniel,115,train
dataset/train/welsh_springer_spaniel/01567.jpg,welsh_springer_spaniel,115,train
dataset/train/welsh_springer_spaniel/01707.jpg,welsh_springer_spaniel,115,train
dataset/train/welsh_springer_spaniel/02945.jpg,welsh_springer_spaniel,115,train
dataset/train/welsh_springer_spaniel/03524.jpg,welsh_springer_spaniel,115,train
dataset/train/welsh_springer_spaniel/03289.jpg,welsh_springer_spaniel,115,train
dataset/train/welsh_springer_spaniel/01210.jpg,welsh_springer_spaniel,115,train
dataset/train/welsh_springer_spaniel/02349.jpg,welsh_springer_spaniel,115,train
dataset/train/welsh_springer_spaniel/01361.jpg,welsh_springer_spaniel,115,train
dataset/train/welsh_springer_spaniel/02628.jpg,welsh_springer_spaniel,115,train
dataset/train/welsh_springer_spaniel/02666.jpg,welsh_springer_spaniel,115,train
dataset/train/welsh_springer_spaniel/01055.jpg,welsh_springer_spaniel,115,train
dataset/train/welsh_springer_spaniel/01509.jpg,welsh_springer_spaniel,115,train
dataset/train/welsh_springer_spaniel/02586.jpg,welsh_springer_spaniel,115,train
dataset/train/welsh_springer_spaniel/02405.jpg,welsh_springer_spaniel,115,train
dataset/train/welsh_springer_spaniel/01160.jpg,welsh_springer_spaniel,115,train
dataset/train/welsh_springer_spaniel/00030.jpg,welsh_springer_spaniel,115,train
dataset/train/welsh_springer_spaniel/03607.jpg,welsh_springer_spaniel,115,train
dataset/train/welsh_springer_spaniel/02260.jpg,welsh_springer_spaniel,115,train
dataset/train/welsh_springer_spaniel/01472.jpg,welsh_springer_spaniel,115,train
dataset/train/welsh_springer_spaniel/02010.jpg,welsh_springer_spaniel,115,train
dataset/train/welsh_springer_spaniel/03710.jpg,welsh_springer_spaniel,115,train
dataset/train/welsh_springer_spaniel/01175.jpg,welsh_springer_spaniel,115,train
dataset/train/welsh_springer_spaniel/03729.jpg,welsh_springer_spaniel,115,train
dataset/train/welsh_springer_spaniel/01914.jpg,welsh_springer_spaniel,115,train
dataset/train/welsh_springer_spaniel/01999.jpg,welsh_springer_spaniel,115,train
dataset/train/welsh_springer_spaniel/02447.jpg,welsh_springer_spaniel,115,train
dataset/train/welsh_springer_spaniel/03032.jpg,welsh_springer_spaniel,115,train
dataset/train/welsh_springer_spaniel/00024.jpg,welsh_springer_spaniel,115,train
dataset/train/welsh_springer_spaniel/02018.jpg,welsh_springer_spaniel,115,train
dataset/train/welsh_springer_spaniel/01022.jpg,welsh_springer_spaniel,115,train
dataset/train/welsh_springer_spaniel/02766.jpg,welsh_springer_spaniel,115,val
dataset/train/welsh_springer_spaniel/01187.jpg,welsh_springer_spaniel,115,val
dataset/train/welsh_springer_spaniel/03374.jpg,welsh_springer_spaniel,115,val
dataset/train/welsh_springer_spaniel/02464.jpg,welsh_springer_spaniel,115,val
dataset/train/welsh_springer_spaniel/01386.jpg,welsh_springer_spaniel,115,val
dataset/train/welsh_springer_spaniel/03295.jpg,welsh_springer_spaniel,115,val
dataset/train/welsh_springer_spaniel/01039.jpg,welsh_springer_spaniel,115,val
dataset/train/welsh_springer_spaniel/03603.jpg,welsh_springer_spaniel,115,val
dataset/train/welsh_springer_spaniel/01128.jpg,welsh_springer_spaniel,115,val
dataset/train/welsh_springer_spaniel/01643.jpg,welsh_springer_spaniel,115,val
dataset/train/welsh_springer_spaniel/02611.jpg,welsh_springer_spaniel,115,val
dataset/train/welsh_springer_spaniel/01702.jpg,welsh_springer_spaniel,115,val
dataset/train/welsh_springer_spaniel/01998.jpg,welsh_springer_spaniel,115,val
dataset/train/welsh_springer_spaniel/00248.jpg,welsh_springer_spaniel,115,val
dataset/train/welsh_springer_spaniel/01874.jpg,welsh_springer_spaniel,115,val
dataset/train/welsh_springer_spaniel/02852.jpg,welsh_springer_spaniel,115,val
dataset/train/welsh_springer_spaniel/02148.jpg,welsh_springer_spaniel,115,val
dataset/train/welsh_springer_spaniel/02001.jpg,welsh_springer_spaniel,115,val
dataset/train/welsh_springer_spaniel/00210.jpg,welsh_springer_spaniel,115,val
dataset/train/welsh_springer_spaniel/01476.jpg,welsh_springer_spaniel,115,val
dataset/train/west_highland_white_terrier/00238.jpg,west_highland_white_terrier,116,train
dataset/train/west_highland_white_terrier/03911.jpg,west_highland_white_terrier,116,train
dataset/train/west_highland_white_terrier/04120.jpg,west_highland_white_terrier,116,train
dataset/train/west_highland_white_terrier/02863.jpg,west_highland_white_terrier,116,train
dataset/train/west_highland_white_terrier/00278.jpg,west_highland_white_terrier,116,train
dataset/train/west_highland_white_terrier/01796.jpg,west_highland_white_terrier,116,train
dataset/train/west_highland_white_terrier/00302.jpg,west_highland_white_terrier,116,train
dataset/train/west_highland_white_terrier/00260.jpg,west_highland_white_terrier,116,train
dataset/train/west_highland_white_terrier/04546.jpg,west_highland_white_terrier,116,train
dataset/train/west_highland_white_terrier/02299.jpg,west_highland_white_terrier,116,train
dataset/train/west_highland_white_terrier/02502.jpg,west_highland_white_terrier,116,train
dataset/train/west_highland_white_terrier/03290.jpg,west_highland_white_terrier,116,train
dataset/train/west_highland_white_terrier/00043.jpg,west_highland_white_terrier,116,train
dataset/train/west_highland_white_terrier/04362.jpg,west_highland_white_terrier,116,train
dataset/train/west_highland_white_terrier/03151.jpg,west_highland_white_terrier,116,train
dataset/train/west_highland_white_terrier/02257.jpg,west_highland_white_terrier,116,train
dataset/train/west_highland_white_terrier/01213.jpg,west_highland_white_terrier,116,train
dataset/train/west_highland_white_terrier/03424.jpg,west_highland_white_terrier,116,train
dataset/train/west_highland_white_terrier/02958.jpg,west_highland_white_terrier,116,train
dataset/train/west_highland_white_terrier/01224.jpg,west_highland_white_terrier,116,train
dataset/train/west_highland_white_terrier/02139.jpg,west_highland_white_terrier,116,train
dataset/train/west_highland_white_terrier/04370.jpg,west_highland_white_terrier,116,train
dataset/train/west_highland_white_terrier/01089.jpg,west_highland_white_terrier,116,train
dataset/train/west_highland_white_terrier/00275.jpg,west_highland_white_terrier,116,train
dataset/train/west_highland_white_terrier/02895.jpg,west_highland_white_terrier,116,train
dataset/train/west_highland_white_terrier/02444.jpg,west_highland_white_terrier,116,train
dataset/train/west_highland_white_terrier/01989.jpg,west_highland_white_terrier,116,train
dataset/train/west_highland_white_terrier/03307.jpg,west_highland_white_terrier,116,train
dataset/train/west_highland_white_terrier/01591.jpg,west_highland_white_terrier,116,train
dataset/train/west_highland_white_terrier/03075.jpg,west_highland_white_terrier,116,train
dataset/train/west_highland_white_terrier/01511.jpg,west_highland_white_terrier,116,train
dataset/train/west_highland_white_terrier/01304.jpg,west_highland_white_terrier,116,train
dataset/train/west_highland_white_terrier/01218.jpg,west_highland_white_terrier,116,train
dataset/train/west_highland_white_terrier/03218.jpg,west_highland_white_terrier,116,train
dataset/train/west_highland_white_terrier/04158.jpg,west_highland_white_terrier,116,train
dataset/train/west_highland_white_terrier/01982.jpg,west_highland_white_terrier,116,train
dataset/train/west_highland_white_terrier/02173.jpg,west_highland_white_terrier,116,train
dataset/train/west_highland_white_terrier/03476.jpg,west_highland_white_terrier,116,train
dataset/train/west_highland_white_terrier/04154.jpg,west_highland_white_terrier,116,train
dataset/train/west_highland_white_terrier/01261.jpg,west_highland_white_terrier,116,train
dataset/train/west_highland_white_terrier/03263.jpg,west_highland_white_terrier,116,train
dataset/train/west_highland_white_terrier/00141.jpg,west_highland_white_terrier,116,train
dataset/train/west_highland_white_terrier/02743.jpg,west_highland_white_terrier,116,train
dataset/train/west_highland_white_terrier/00345.jpg,west_highland_white_terrier,116,train
dataset/train/west_highland_white_terrier/03995.jpg,west_highland_white_terrier,116,train
dataset/train/west_highland_white_terrier/00118.jpg,west_highland_white_terrier,116,train
dataset/train/west_highland_white_terrier/04011.jpg,west_highland_white_terrier,116,train
dataset/train/west_highland_white_terrier/01124.jpg,west_highland_white_terrier,116,train
dataset/train/west_highland_white_terrier/03480.jpg,west_highland_white_terrier,116,train
dataset/train/west_highland_white_terrier/04176.jpg,west_highland_white_terrier,116,train
dataset/train/west_highland_white_terrier/00225.jpg,west_highland_white_terrier,116,train
dataset/train/west_highland_white_terrier/02481.jpg,west_highland_white_terrier,116,train
dataset/train/west_highland_white_terrier/01079.jpg,west_highland_white_terrier,116,train
dataset/train/west_highland_white_terrier/01036.jpg,west_highland_white_terrier,116,train
dataset/train/west_highland_white_terrier/01502.jpg,west_highland_white_terrier,116,train
dataset/train/west_highland_white_terrier/04364.jpg,west_highland_white_terrier,116,train
dataset/train/west_highland_white_terrier/03462.jpg,west_highland_white_terrier,116,train
dataset/train/west_highland_white_terrier/01255.jpg,west_highland_white_terrier,116,train
dataset/train/west_highland_white_terrier/04250.jpg,west_highland_white_terrier,116,train
dataset/train/west_highland_white_terrier/03573.jpg,west_highland_white_terrier,116,train
dataset/train/west_highland_white_terrier/03154.jpg,west_highland_white_terrier,116,train
dataset/train/west_highland_white_terrier/01009.jpg,west_highland_white_terrier,116,train
dataset/train/west_highland_white_terrier/03021.jpg,west_highland_white_terrier,116,train
dataset/train/west_highland_white_terrier/01260.jpg,west_highland_white_terrier,116,train
dataset/train/west_highland_white_terrier/04445.jpg,west_highland_white_terrier,116,train
dataset/train/west_highland_white_terrier/04106.jpg,west_highland_white_terrier,116,train
dataset/train/west_highland_white_terrier/04231.jpg,west_highland_white_terrier,116,train
dataset/train/west_highland_white_terrier/01632.jpg,west_highland_white_terrier,116,train
dataset/train/west_highland_white_terrier/01015.jpg,west_highland_white_terrier,116,train
dataset/train/west_highland_white_terrier/01639.jpg,west_highland_white_terrier,116,train
dataset/train/west_highland_white_terrier/04414.jpg,west_highland_white_terrier,116,train
dataset/train/west_highland_white_terrier/01254.jpg,west_highland_white_terrier,116,train
dataset/train/west_highland_white_terrier/03212.jpg,west_highland_white_terrier,116,train
dataset/train/west_highland_white_terrier/01160.jpg,west_highland_white_terrier,116,train
dataset/train/west_highland_white_terrier/03701.jpg,west_highland_white_terrier,116,train
dataset/train/west_highland_white_terrier/01551.jpg,west_highland_white_terrier,116,train
dataset/train/west_highland_white_terrier/02699.jpg,west_highland_white_terrier,116,train
dataset/train/west_highland_white_terrier/00321.jpg,west_highland_white_terrier,116,train
dataset/train/west_highland_white_terrier/03124.jpg,west_highland_white_terrier,116,train
dataset/train/west_highland_white_terrier/01705.jpg,west_highland_white_terrier,116,train
dataset/train/west_highland_white_terrier/01910.jpg,west_highland_white_terrier,116,val
dataset/train/west_highland_white_terrier/02454.jpg,west_highland_white_terrier,116,val
dataset/train/west_highland_white_terrier/04568.jpg,west_highland_white_terrier,116,val
dataset/train/west_highland_white_terrier/03293.jpg,west_highland_white_terrier,116,val
dataset/train/west_highland_white_terrier/02359.jpg,west_highland_white_terrier,116,val
dataset/train/west_highland_white_terrier/02150.jpg,west_highland_white_terrier,116,val
dataset/train/west_highland_white_terrier/03258.jpg,west_highland_white_terrier,116,val
dataset/train/west_highland_white_terrier/04575.jpg,west_highland_white_terrier,116,val
dataset/train/west_highland_white_terrier/02904.jpg,west_highland_white_terrier,116,val
dataset/train/west_highland_white_terrier/03432.jpg,west_highland_white_terrier,116,val
dataset/train/west_highland_white_terrier/00437.jpg,west_highland_white_terrier,116,val
dataset/train/west_highland_white_terrier/02413.jpg,west_highland_white_terrier,116,val
dataset/train/west_highland_white_terrier/03329.jpg,west_highland_white_terrier,116,val
dataset/train/west_highland_white_terrier/02685.jpg,west_highland_white_terrier,116,val
dataset/train/west_highland_white_terrier/00104.jpg,west_highland_white_terrier,116,val
dataset/train/west_highland_white_terrier/01814.jpg,west_highland_white_terrier,116,val
dataset/train/west_highland_white_terrier/01490.jpg,west_highland_white_terrier,116,val
dataset/train/west_highland_white_terrier/01637.jpg,west_highland_white_terrier,116,val
dataset/train/west_highland_white_terrier/03704.jpg,west_highland_white_terrier,116,val
dataset/train/west_highland_white_terrier/03954.jpg,west_highland_white_terrier,116,val
dataset/train/whippet/13356.jpg,whippet,117,train
dataset/train/whippet/10690.jpg,whippet,117,train
dataset/train/whippet/15398.jpg,whippet,117,train
dataset/train/whippet/12358.jpg,whippet,117,train
dataset/train/whippet/12023.jpg,whippet,117,train
dataset/train/whippet/12318.jpg,whippet,117,train
dataset/train/whippet/10107.jpg,whippet,117,train
dataset/train/whippet/14842.jpg,whippet,117,train
dataset/train/whippet/14567.jpg,whippet,117,train
dataset/train/whippet/00125.jpg,whippet,117,train
dataset/train/whippet/17467.jpg,whippet,117,train
dataset/train/whippet/17054.jpg,whippet,117,train
dataset/train/whippet/15251.jpg,whippet,117,train
dataset/train/whippet/14932.jpg,whippet,117,train
dataset/train/whippet/13879.jpg,whippet,117,train
dataset/train/whippet/12759.jpg,whippet,117,train
dataset/train/whippet/15360.jpg,whippet,117,train
dataset/train/whippet/13348.jpg,whippet,117,train
dataset/train/whippet/12341.jpg,whippet,117,train
dataset/train/whippet/14646.jpg,whippet,117,train
dataset/train/whippet/01268.jpg,whippet,117,train
dataset/train/whippet/14363.jpg,whippet,117,train
dataset/train/whippet/12732.jpg,whippet,117,train
dataset/train/whippet/12476.jpg,whippet,117,train
dataset/train/whippet/16794.jpg,whippet,117,train
dataset/train/whippet/16086.jpg,whippet,117,train
dataset/train/whippet/14047.jpg,whippet,117,train
dataset/train/whippet/01131.jpg,whippet,117,train
dataset/train/whippet/12827.jpg,whippet,117,train
dataset/train/whippet/01129.jpg,whippet,117,train
dataset/train/whippet/11775.jpg,whippet,117,train
dataset/train/whippet/14579.jpg,whippet,117,train
dataset/train/whippet/15827.jpg,whippet,117,train
dataset/train/whippet/11765.jpg,whippet,117,train
dataset/train/whippet/16005.jpg,whippet,117,train
dataset/train/whippet/10521.jpg,whippet,117,train
dataset/train/whippet/00145.jpg,whippet,117,train
dataset/train/whippet/13957.jpg,whippet,117,train
dataset/train/whippet/16033.jpg,whippet,117,train
dataset/train/whippet/14374.jpg,whippet,117,train
dataset/train/whippet/12581.jpg,whippet,117,train
dataset/train/whippet/17567.jpg,whippet,117,train
dataset/train/whippet/12375.jpg,whippet,117,train
dataset/train/whippet/10242.jpg,whippet,117,train
dataset/train/whippet/14209.jpg,whippet,117,train
dataset/train/whippet/16541.jpg,whippet,117,train
dataset/train/whippet/16109.jpg,whippet,117,train
dataset/train/whippet/13544.jpg,whippet,117,train
dataset/train/whippet/13401.jpg,whippet,117,train
dataset/train/whippet/12537.jpg,whippet,117,train
dataset/train/whippet/15245.jpg,whippet,117,train
dataset/train/whippet/14090.jpg,whippet,117,train
dataset/train/whippet/16200.jpg,whippet,117,train
dataset/train/whippet/16904.jpg,whippet,117,train
dataset/train/whippet/16420.jpg,whippet,117,train
dataset/train/whippet/11875.jpg,whippet,117,train
dataset/train/whippet/15038.jpg,whippet,117,train
dataset/train/whippet/12142.jpg,whippet,117,train
dataset/train/whippet/14465.jpg,whippet,117,train
dataset/train/whippet/13143.jpg,whippet,117,train
dataset/train/whippet/13376.jpg,whippet,117,train
dataset/train/whippet/15876.jpg,whippet,117,train
dataset/train/whippet/15210.jpg,whippet,117,train
dataset/train/whippet/10395.jpg,whippet,117,train
dataset/train/whippet/10548.jpg,whippet,117,train
dataset/train/whippet/14297.jpg,whippet,117,train
dataset/train/whippet/16201.jpg,whippet,117,train
dataset/train/whippet/12138.jpg,whippet,117,train
dataset/train/whippet/16062.jpg,whippet,117,train
dataset/train/whippet/15784.jpg,whippet,117,train
dataset/train/whippet/01425.jpg,whippet,117,train
dataset/train/whippet/10918.jpg,whippet,117,train
dataset/train/whippet/15846.jpg,whippet,117,train
dataset/train/whippet/15938.jpg,whippet,117,train
dataset/train/whippet/11307.jpg,whippet,117,train
dataset/train/whippet/10618.jpg,whippet,117,train
dataset/train/whippet/10545.jpg,whippet,117,train
dataset/train/whippet/13940.jpg,whippet,117,train
dataset/train/whippet/15713.jpg,whippet,117,train
dataset/train/whippet/12272.jpg,whippet,117,train
dataset/train/whippet/16337.jpg,whippet,117,val
dataset/train/whippet/16890.jpg,whippet,117,val
dataset/train/whippet/14094.jpg,whippet,117,val
dataset/train/whippet/14506.jpg,whippet,117,val
dataset/train/whippet/12017.jpg,whippet,117,val
dataset/train/whippet/13467.jpg,whippet,117,val
dataset/train/whippet/13244.jpg,whippet,117,val
dataset/train/whippet/14828.jpg,whippet,117,val
dataset/train/whippet/12029.jpg,whippet,117,val
dataset/train/whippet/13743.jpg,whippet,117,val
dataset/train/whippet/17394.jpg,whippet,117,val
dataset/train/whippet/14246.jpg,whippet,117,val
dataset/train/whippet/15865.jpg,whippet,117,val
dataset/train/whippet/13334.jpg,whippet,117,val
dataset/train/whippet/17108.jpg,whippet,117,val
dataset/train/whippet/13109.jpg,whippet,117,val
dataset/train/whippet/10219.jpg,whippet,117,val
dataset/train/whippet/16336.jpg,whippet,117,val
dataset/train/whippet/14002.jpg,whippet,117,val
dataset/train/whippet/11956.jpg,whippet,117,val
dataset/train/wire_haired_fox_terrier/03054.jpg,wire_haired_fox_terrier,118,train
dataset/train/wire_haired_fox_terrier/02687.jpg,wire_haired_fox_terrier,118,train
dataset/train/wire_haired_fox_terrier/02198.jpg,wire_haired_fox_terrier,118,train
dataset/train/wire_haired_fox_terrier/02038.jpg,wire_haired_fox_terrier,118,train
dataset/train/wire_haired_fox_terrier/00157.jpg,wire_haired_fox_terrier,118,train
dataset/train/wire_haired_fox_terrier/02372.jpg,wire_haired_fox_terrier,118,train
dataset/train/wire_haired_fox_terrier/03084.jpg,wire_haired_fox_terrier,118,train
dataset/train/wire_haired_fox_terrier/02754.jpg,wire_haired_fox_terrier,118,train
dataset/train/wire_haired_fox_terrier/01278.jpg,wire_haired_fox_terrier,118,train
dataset/train/wire_haired_fox_terrier/01780.jpg,wire_haired_fox_terrier,118,train
dataset/train/wire_haired_fox_terrier/02308.jpg,wire_haired_fox_terrier,118,train
dataset/train/wire_haired_fox_terrier/01772.jpg,wire_haired_fox_terrier,118,train
dataset/train/wire_haired_fox_terrier/02827.jpg,wire_haired_fox_terrier,118,train
dataset/train/wire_haired_fox_terrier/01212.jpg,wire_haired_fox_terrier,118,train
dataset/train/wire_haired_fox_terrier/02864.jpg,wire_haired_fox_terrier,118,train
dataset/train/wire_haired_fox_terrier/01177.jpg,wire_haired_fox_terrier,118,train
dataset/train/wire_haired_fox_terrier/02162.jpg,wire_haired_fox_terrier,118,train
dataset/train/wire_haired_fox_terrier/02890.jpg,wire_haired_fox_terrier,118,train
dataset/train/wire_haired_fox_terrier/01717.jpg,wire_haired_fox_terrier,118,train
dataset/train/wire_haired_fox_terrier/01043.jpg,wire_haired_fox_terrier,118,train
dataset/train/wire_haired_fox_terrier/02230.jpg,wire_haired_fox_terrier,118,train
dataset/train/wire_haired_fox_terrier/01820.jpg,wire_haired_fox_terrier,118,train
dataset/train/wire_haired_fox_terrier/01582.jpg,wire_haired_fox_terrier,118,train
dataset/train/wire_haired_fox_terrier/01033.jpg,wire_haired_fox_terrier,118,train
dataset/train/wire_haired_fox_terrier/03052.jpg,wire_haired_fox_terrier,118,train
dataset/train/wire_haired_fox_terrier/00188.jpg,wire_haired_fox_terrier,118,train
dataset/train/wire_haired_fox_terrier/01583.jpg,wire_haired_fox_terrier,118,train
dataset/train/wire_haired_fox_terrier/02130.jpg,wire_haired_fox_terrier,118,train
dataset/train/wire_haired_fox_terrier/01395.jpg,wire_haired_fox_terrier,118,train
dataset/train/wire_haired_fox_terrier/01536.jpg,wire_haired_fox_terrier,118,train
dataset/train/wire_haired_fox_terrier/02139.jpg,wire_haired_fox_terrier,118,train
dataset/train/wire_haired_fox_terrier/01866.jpg,wire_haired_fox_terrier,118,train
dataset/train/wire_haired_fox_terrier/02964.jpg,wire_haired_fox_terrier,118,train
dataset/train/wire_haired_fox_terrier/02247.jpg,wire_haired_fox_terrier,118,train
dataset/train/wire_haired_fox_terrier/00289.jpg,wire_haired_fox_terrier,118,train
dataset/train/wire_haired_fox_terrier/01505.jpg,wire_haired_fox_terrier,118,train
dataset/train/wire_haired_fox_terrier/02803.jpg,wire_haired_fox_terrier,118,train
dataset/train/wire_haired_fox_terrier/01997.jpg,wire_haired_fox_terrier,118,train
dataset/train/wire_haired_fox_terrier/01969.jpg,wire_haired_fox_terrier,118,train
dataset/train/wire_haired_fox_terrier/01782.jpg,wire_haired_fox_terrier,118,train
dataset/train/wire_haired_fox_terrier/02876.jpg,wire_haired_fox_terrier,118,train
dataset/train/wire_haired_fox_terrier/02338.jpg,wire_haired_fox_terrier,118,train
dataset/train/wire_haired_fox_terrier/02904.jpg,wire_haired_fox_terrier,118,train
dataset/train/wire_haired_fox_terrier/02664.jpg,wire_haired_fox_terrier,118,train
dataset/train/wire_haired_fox_terrier/02472.jpg,wire_haired_fox_terrier,118,train
dataset/train/wire_haired_fox_terrier/02059.jpg,wire_haired_fox_terrier,118,train
dataset/train/wire_haired_fox_terrier/03039.jpg,wire_haired_fox_terrier,118,train
dataset/train/wire_haired_fox_terrier/02421.jpg,wire_haired_fox_terrier,118,train
dataset/train/wire_haired_fox_terrier/01894.jpg,wire_haired_fox_terrier,118,train
dataset/train/wire_haired_fox_terrier/01054.jpg,wire_haired_fox_terrier,118,train
dataset/train/wire_haired_fox_terrier/03006.jpg,wire_haired_fox_terrier,118,train
dataset/train/wire_haired_fox_terrier/00108.jpg,wire_haired_fox_terrier,118,train
dataset/train/wire_haired_fox_terrier/01665.jpg,wire_haired_fox_terrier,118,train
dataset/train/wire_haired_fox_terrier/01282.jpg,wire_haired_fox_terrier,118,train
dataset/train/wire_haired_fox_terrier/01705.jpg,wire_haired_fox_terrier,118,train
dataset/train/wire_haired_fox_terrier/01577.jpg,wire_haired_fox_terrier,118,train
dataset/train/wire_haired_fox_terrier/01835.jpg,wire_haired_fox_terrier,118,train
dataset/train/wire_haired_fox_terrier/00105.jpg,wire_haired_fox_terrier,118,train
dataset/train/wire_haired_fox_terrier/00252.jpg,wire_haired_fox_terrier,118,train
dataset/train/wire_haired_fox_terrier/02841.jpg,wire_haired_fox_terrier,118,train
dataset/train/wire_haired_fox_terrier/01754.jpg,wire_haired_fox_terrier,118,train
dataset/train/wire_haired_fox_terrier/02609.jpg,wire_haired_fox_terrier,118,train
dataset/train/wire_haired_fox_terrier/01974.jpg,wire_haired_fox_terrier,118,train
dataset/train/wire_haired_fox_terrier/01116.jpg,wire_haired_fox_terrier,118,train
dataset/train/wire_haired_fox_terrier/01672.jpg,wire_haired_fox_terrier,118,train
dataset/train/wire_haired_fox_terrier/02354.jpg,wire_haired_fox_terrier,118,train
dataset/train/wire_haired_fox_terrier/00293.jpg,wire_haired_fox_terrier,118,train
dataset/train/wire_haired_fox_terrier/01789.jpg,wire_haired_fox_terrier,118,train
dataset/train/wire_haired_fox_terrier/01884.jpg,wire_haired_fox_terrier,118,train
dataset/train/wire_haired_fox_terrier/02564.jpg,wire_haired_fox_terrier,118,train
dataset/train/wire_haired_fox_terrier/02683.jpg,wire_haired_fox_terrier,118,train
dataset/train/wire_haired_fox_terrier/01829.jpg,wire_haired_fox_terrier,118,train
dataset/train/wire_haired_fox_terrier/02742.jpg,wire_haired_fox_terrier,118,train
dataset/train/wire_haired_fox_terrier/00002.jpg,wire_haired_fox_terrier,118,train
dataset/train/wire_haired_fox_terrier/01080.jpg,wire_haired_fox_terrier,118,train
dataset/train/wire_haired_fox_terrier/02314.jpg,wire_haired_fox_terrier,118,train
dataset/train/wire_haired_fox_terrier/01533.jpg,wire_haired_fox_terrier,118,train
dataset/train/wire_haired_fox_terrier/01660.jpg,wire_haired_fox_terrier,118,train
dataset/train/wire_haired_fox_terrier/02699.jpg,wire_haired_fox_terrier,118,train
dataset/train/wire_haired_fox_terrier/00227.jpg,wire_haired_fox_terrier,118,train
dataset/train/wire_haired_fox_terrier/02519.jpg,wire_haired_fox_terrier,118,val
dataset/train/wire_haired_fox_terrier/02460.jpg,wire_haired_fox_terrier,118,val
dataset/train/wire_haired_fox_terrier/02205.jpg,wire_haired_fox_terrier,118,val
dataset/train/wire_haired_fox_terrier/02256.jpg,wire_haired_fox_terrier,118,val
dataset/train/wire_haired_fox_terrier/01976.jpg,wire_haired_fox_terrier,118,val
dataset/train/wire_haired_fox_terrier/02196.jpg,wire_haired_fox_terrier,118,val
dataset/train/wire_haired_fox_terrier/01268.jpg,wire_haired_fox_terrier,118,val
dataset/train/wire_haired_fox_terrier/00261.jpg,wire_haired_fox_terrier,118,val
dataset/train/wire_haired_fox_terrier/02310.jpg,wire_haired_fox_terrier,118,val
dataset/train/wire_haired_fox_terrier/02424.jpg,wire_haired_fox_terrier,118,val
dataset/train/wire_haired_fox_terrier/01100.jpg,wire_haired_fox_terrier,118,val
dataset/train/wire_haired_fox_terrier/01917.jpg,wire_haired_fox_terrier,118,val
dataset/train/wire_haired_fox_terrier/01945.jpg,wire_haired_fox_terrier,118,val
dataset/train/wire_haired_fox_terrier/01704.jpg,wire_haired_fox_terrier,118,val
dataset/train/wire_haired_fox_terrier/02863.jpg,wire_haired_fox_terrier,118,val
dataset/train/wire_haired_fox_terrier/02932.jpg,wire_haired_fox_terrier,118,val
dataset/train/wire_haired_fox_terrier/01407.jpg,wire_haired_fox_terrier,118,val
dataset/train/wire_haired_fox_terrier/01104.jpg,wire_haired_fox_terrier,118,val
dataset/train/wire_haired_fox_terrier/00138.jpg,wire_haired_fox_terrier,118,val
dataset/train/wire_haired_fox_terrier/01814.jpg,wire_haired_fox_terrier,118,val
dataset/train/yorkshire_terrier/01210.jpg,yorkshire_terrier,119,train
dataset/train/yorkshire_terrier/02987.jpg,yorkshire_terrier,119,train
dataset/train/yorkshire_terrier/02519.jpg,yorkshire_terrier,119,train
dataset/train/yorkshire_terrier/03704.jpg,yorkshire_terrier,119,train
dataset/train/yorkshire_terrier/03431.jpg,yorkshire_terrier,119,train
dataset/train/yorkshire_terrier/02127.jpg,yorkshire_terrier,119,train
dataset/train/yorkshire_terrier/03296.jpg,yorkshire_terrier,119,train
dataset/train/yorkshire_terrier/02041.jpg,yorkshire_terrier,119,train
dataset/train/yorkshire_terrier/03088.jpg,yorkshire_terrier,119,train
dataset/train/yorkshire_terrier/03010.jpg,yorkshire_terrier,119,train
dataset/train/yorkshire_terrier/02105.jpg,yorkshire_terrier,119,train
dataset/train/yorkshire_terrier/02125.jpg,yorkshire_terrier,119,train
dataset/train/yorkshire_terrier/02748.jpg,yorkshire_terrier,119,train
dataset/train/yorkshire_terrier/02114.jpg,yorkshire_terrier,119,train
dataset/train/yorkshire_terrier/01869.jpg,yorkshire_terrier,119,train
dataset/train/yorkshire_terrier/01269.jpg,yorkshire_terrier,119,train
dataset/train/yorkshire_terrier/03480.jpg,yorkshire_terrier,119,train
dataset/train/yorkshire_terrier/03198.jpg,yorkshire_terrier,119,train
dataset/train/yorkshire_terrier/03192.jpg,yorkshire_terrier,119,train
dataset/train/yorkshire_terrier/01772.jpg,yorkshire_terrier,119,train
dataset/train/yorkshire_terrier/02474.jpg,yorkshire_terrier,119,train
dataset/train/yorkshire_terrier/01765.jpg,yorkshire_terrier,119,train
dataset/train/yorkshire_terrier/03560.jpg,yorkshire_terrier,119,train
dataset/train/yorkshire_terrier/00259.jpg,yorkshire_terrier,119,train
dataset/train/yorkshire_terrier/02759.jpg,yorkshire_terrier,119,train
dataset/train/yorkshire_terrier/02740.jpg,yorkshire_terrier,119,train
dataset/train/yorkshire_terrier/01030.jpg,yorkshire_terrier,119,train
dataset/train/yorkshire_terrier/02685.jpg,yorkshire_terrier,119,train
dataset/train/yorkshire_terrier/02537.jpg,yorkshire_terrier,119,train
dataset/train/yorkshire_terrier/03766.jpg,yorkshire_terrier,119,train
dataset/train/yorkshire_terrier/03400.jpg,yorkshire_terrier,119,train
dataset/train/yorkshire_terrier/03392.jpg,yorkshire_terrier,119,train
dataset/train/yorkshire_terrier/02401.jpg,yorkshire_terrier,119,train
dataset/train/yorkshire_terrier/02643.jpg,yorkshire_terrier,119,train
dataset/train/yorkshire_terrier/02782.jpg,yorkshire_terrier,119,train
dataset/train/yorkshire_terrier/03848.jpg,yorkshire_terrier,119,train
dataset/train/yorkshire_terrier/03613.jpg,yorkshire_terrier,119,train
dataset/train/yorkshire_terrier/01324.jpg,yorkshire_terrier,119,train
dataset/train/yorkshire_terrier/02919.jpg,yorkshire_terrier,119,train
dataset/train/yorkshire_terrier/02328.jpg,yorkshire_terrier,119,train
dataset/train/yorkshire_terrier/01770.jpg,yorkshire_terrier,119,train
dataset/train/yorkshire_terrier/01211.jpg,yorkshire_terrier,119,train
dataset/train/yorkshire_terrier/01824.jpg,yorkshire_terrier,119,train
dataset/train/yorkshire_terrier/02609.jpg,yorkshire_terrier,119,train
dataset/train/yorkshire_terrier/02022.jpg,yorkshire_terrier,119,train
dataset/train/yorkshire_terrier/00225.jpg,yorkshire_terrier,119,train
dataset/train/yorkshire_terrier/02006.jpg,yorkshire_terrier,119,train
dataset/train/yorkshire_terrier/00126.jpg,yorkshire_terrier,119,train
dataset/train/yorkshire_terrier/01525.jpg,yorkshire_terrier,119,train
dataset/train/yorkshire_terrier/02596.jpg,yorkshire_terrier,119,train
dataset/train/yorkshire_terrier/02882.jpg,yorkshire_terrier,119,train
dataset/train/yorkshire_terrier/03117.jpg,yorkshire_terrier,119,train
dataset/train/yorkshire_terrier/02197.jpg,yorkshire_terrier,119,train
dataset/train/yorkshire_terrier/03279.jpg,yorkshire_terrier,119,train
dataset/train/yorkshire_terrier/10126.jpg,yorkshire_terrier,119,train
dataset/train/yorkshire_terrier/00266.jpg,yorkshire_terrier,119,train
dataset/train/yorkshire_terrier/00199.jpg,yorkshire_terrier,119,train
dataset/train/yorkshire_terrier/01376.jpg,yorkshire_terrier,119,train
dataset/train/yorkshire_terrier/03335.jpg,yorkshire_terrier,119,train
dataset/train/yorkshire_terrier/02115.jpg,yorkshire_terrier,119,train
dataset/train/yorkshire_terrier/10123.jpg,yorkshire_terrier,119,train
dataset/train/yorkshire_terrier/01177.jpg,yorkshire_terrier,119,train
dataset/train/yorkshire_terrier/02053.jpg,yorkshire_terrier,119,train
dataset/train/yorkshire_terrier/01539.jpg,yorkshire_terrier,119,train
dataset/train/yorkshire_terrier/03878.jpg,yorkshire_terrier,119,train
dataset/train/yorkshire_terrier/02340.jpg,yorkshire_terrier,119,train
dataset/train/yorkshire_terrier/02229.jpg,yorkshire_terrier,119,train
dataset/train/yorkshire_terrier/01634.jpg,yorkshire_terrier,119,train
dataset/train/yorkshire_terrier/02678.jpg,yorkshire_terrier,119,train
dataset/train/yorkshire_terrier/03043.jpg,yorkshire_terrier,119,train
dataset/train/yorkshire_terrier/02776.jpg,yorkshire_terrier,119,train
dataset/train/yorkshire_terrier/01490.jpg,yorkshire_terrier,119,train
dataset/train/yorkshire_terrier/01849.jpg,yorkshire_terrier,119,train
dataset/train/yorkshire_terrier/01219.jpg,yorkshire_terrier,119,train
dataset/train/yorkshire_terrier/03642.jpg,yorkshire_terrier,119,train
dataset/train/yorkshire_terrier/02349.jpg,yorkshire_terrier,119,train
dataset/train/yorkshire_terrier/03812.jpg,yorkshire_terrier,119,train
dataset/train/yorkshire_terrier/02973.jpg,yorkshire_terrier,119,train
dataset/train/yorkshire_terrier/01312.jpg,yorkshire_terrier,119,train
dataset/train/yorkshire_terrier/00194.jpg,yorkshire_terrier,119,train
dataset/train/yorkshire_terrier/03655.jpg,yorkshire_terrier,119,val
dataset/train/yorkshire_terrier/10184.jpg,yorkshire_terrier,119,val
dataset/train/yorkshire_terrier/02901.jpg,yorkshire_terrier,119,val
dataset/train/yorkshire_terrier/02824.jpg,yorkshire_terrier,119,val
dataset/train/yorkshire_terrier/02266.jpg,yorkshire_terrier,119,val
dataset/train/yorkshire_terrier/03526.jpg,yorkshire_terrier,119,val
dataset/train/yorkshire_terrier/01868.jpg,yorkshire_terrier,119,val
dataset/train/yorkshire_terrier/02417.jpg,yorkshire_terrier,119,val
dataset/train/yorkshire_terrier/02564.jpg,yorkshire_terrier,119,val
dataset/train/yorkshire_terrier/02223.jpg,yorkshire_terrier,119,val
dataset/train/yorkshire_terrier/02457.jpg,yorkshire_terrier,119,val
dataset/train/yorkshire_terrier/02483.jpg,yorkshire_terrier,119,val
dataset/train/yorkshire_terrier/01301.jpg,yorkshire_terrier,119,val
dataset/train/yorkshire_terrier/01483.jpg,yorkshire_terrier,119,val
dataset/train/yorkshire_terrier/02838.jpg,yorkshire_terrier,119,val
dataset/train/yorkshire_terrier/02903.jpg,yorkshire_terrier,119,val
dataset/train/yorkshire_terrier/03640.jpg,yorkshire_terrier,119,val
dataset/train/yorkshire_terrier/03604.jpg,yorkshire_terrier,119,val
dataset/train/yorkshire_terrier/02375.jpg,yorkshire_terrier,119,val
dataset/train/yorkshire_terrier/03202.jpg,yorkshire_terrier,119,val
